Our Rank,Player,Team,Position,Our Position Rank,Our Auction Value,Our Projected Points,Our Starter Role,Injury Status,Bye Week,ESPN Rank,ESPN Position Rank,ESPN Minus Our,Yahoo Rank,Yahoo Minus Our,FantasyPros Rank,FantasyPros Position Rank,FantasyPros Tier,FantasyPros Minus Our,External Average Rank,External Average Minus Our,External Rank Spread,Highest External Source,Lowest External Source,Fantrax Mock Overall Pick,Fantrax Mock Round,Fantrax Mock Team,Fantrax Mock Pos,Fantrax Pick Minus Our,Mock Drafted,Personal Rank,Personal Tier,Target / Fade,My Notes
1,Jahmyr Gibbs,DET,RB,1,66,372.75,RB,,6,1,1,0,2,1,2,1,1,1,1.7,0.7,1,ESPN (1),Yahoo (2),1,1,Pick 1,RB,0,Yes,,,,
2,Puka Nacua,LAR,WR,1,64,339.8,WR/TE Flex,DTD,11,4,2,2,18,16,3,2,1,1,8.3,6.3,15,FantasyPros (3),Yahoo (18),7,1,Pick 7,WT,5,Yes,,,,
3,Bijan Robinson,ATL,RB,2,63,369.94,RB,,11,2,2,-1,3,0,4,2,1,1,3,0,2,ESPN (2),FantasyPros (4),2,1,Pick 2,RB,-1,Yes,,,,
4,Ja'Marr Chase,CIN,WR,2,61,335.66,WR/TE Flex,,6,3,1,-1,10,6,1,1,1,-3,4.7,0.7,9,FantasyPros (1),Yahoo (10),5,1,Pick 5,WT,1,Yes,,,,
5,Josh Allen,BUF,QB,1,56,415.86,QB,,7,36,1,31,1,-4,27,1,4,22,21.3,16.3,35,Yahoo (1),ESPN (36),18,2,Pick 7,QB,13,Yes,,,,
6,Jaxon Smith-Njigba,SEA,WR,3,56,324.48,WR/TE Flex,,11,5,3,-1,31,25,5,3,1,-1,13.7,7.7,26,ESPN (5),Yahoo (31),3,1,Pick 3,WT,-3,Yes,,,,
7,Christian McCaffrey,SF,RB,3,56,334.76,RB,DTD,8,6,3,-1,15,8,9,3,2,2,10,3,9,ESPN (6),Yahoo (15),4,1,Pick 4,RB,-3,Yes,,,,
8,Amon-Ra St. Brown,DET,WR,4,53,319.87,WR/TE Flex,,6,8,4,0,23,15,6,4,1,-2,12.3,4.3,17,FantasyPros (6),Yahoo (23),6,1,Pick 6,WT,-2,Yes,,,,
9,Trey McBride,ARI,TE,1,51,254.41,Dedicated TE,,14,17,1,8,63,54,20,2,3,11,33.3,24.3,46,ESPN (17),Yahoo (63),13,2,Pick 12,TE,4,Yes,,,,
10,Jonathan Taylor,IND,RB,4,50,310.51,RB,,13,7,4,-3,20,10,11,4,2,1,12.7,2.7,13,ESPN (7),Yahoo (20),8,1,Pick 8,RB,-2,Yes,,,,
11,Drake London,ATL,WR,5,47,287.06,WR/TE Flex,,11,14,7,3,38,27,10,7,2,-1,20.7,9.7,28,FantasyPros (10),Yahoo (38),9,1,Pick 9,WT,-2,Yes,,,,
12,De'Von Achane,MIA,RB,5,44,292.39,RB,,6,10,5,-2,33,21,21,8,3,9,21.3,9.3,23,ESPN (10),Yahoo (33),12,1,Pick 12,RB,0,Yes,,,,
13,Rashee Rice,KC,WR,6,44,274.16,WR/TE Flex,,5,16,8,3,59,46,22,12,3,9,32.3,19.3,43,ESPN (16),Yahoo (59),14,2,Pick 11,WT,1,Yes,,,,
14,Brock Bowers,LV,TE,2,42,243.89,Dedicated TE,,13,24,2,10,71,57,16,1,3,2,37,23,55,FantasyPros (16),Yahoo (71),17,2,Pick 8,TE,3,Yes,,,,
15,Lamar Jackson,BAL,QB,2,42,371.45,QB,,13,56,3,41,8,-7,31,2,4,16,31.7,16.7,48,Yahoo (8),ESPN (56),26,3,Pick 2,QB,11,Yes,,,,
16,CeeDee Lamb,DAL,WR,7,42,272.74,WR/TE Flex,,14,9,5,-7,35,19,7,5,2,-9,17,1,28,FantasyPros (7),Yahoo (35),11,1,Pick 11,WT,-5,Yes,,,,
17,Chase Brown,CIN,RB,6,40,278.84,RB,,6,20,11,3,42,25,15,6,3,-2,25.7,8.7,27,FantasyPros (15),Yahoo (42),16,2,Pick 9,RB,-1,Yes,,,,
18,Justin Jefferson,MIN,WR,8,40,272.54,WR/TE Flex,,6,11,6,-7,37,19,8,6,2,-10,18.7,0.7,29,FantasyPros (8),Yahoo (37),10,1,Pick 10,WT,-8,Yes,,,,
19,Ashton Jeanty,LV,RB,7,39,276.28,RB,,13,15,8,-4,47,28,14,5,3,-5,25.3,6.3,33,FantasyPros (14),Yahoo (47),15,2,Pick 10,RB,-4,Yes,,,,
20,Drake Maye,NE,QB,3,37,368.58,QB,,11,57,4,37,9,-11,36,3,5,16,34,14,48,Yahoo (9),ESPN (57),62,6,Pick 11,QB,42,Yes,,,,
21,Chris Olave,NO,WR,9,37,259.54,WR/TE Flex,,8,29,13,8,61,40,18,10,3,-3,36,15,43,FantasyPros (18),Yahoo (61),22,2,Pick 3,WT,1,Yes,,,,
22,Derrick Henry,BAL,RB,8,36,273.69,RB,,13,19,10,-3,36,14,37,12,5,15,30.7,8.7,18,ESPN (19),FantasyPros (37),19,2,Pick 6,RB,-3,Yes,,,,
23,Joe Burrow,CIN,QB,4,35,366.06,QB,,6,74,6,51,5,-18,46,4,5,23,41.7,18.7,69,Yahoo (5),ESPN (74),44,4,Pick 5,QB,21,Yes,,,,
24,A.J. Brown,NE,WR,10,35,255.47,WR/TE Flex,,11,27,11,3,57,33,12,8,3,-12,32,8,45,FantasyPros (12),Yahoo (57),23,2,Pick 2,WT,-1,Yes,,,,
25,James Cook III,BUF,RB,9,33,270.58,RB,,7,12,6,-13,34,9,17,7,3,-8,21,-4,22,ESPN (12),Yahoo (34),20,2,Pick 5,RB,-5,Yes,,,,
26,Colston Loveland,CHI,TE,3,32,211.65,Dedicated TE,,10,49,3,23,90,64,38,3,5,12,59,33,52,FantasyPros (38),Yahoo (90),40,4,Pick 9,TE,14,Yes,,,,
27,Saquon Barkley,PHI,RB,10,32,264.45,RB,,10,18,9,-9,44,17,25,9,4,-2,29,2,26,ESPN (18),Yahoo (44),21,2,Pick 4,RB,-6,Yes,,,,
28,George Pickens,DAL,WR,11,32,252.15,WR/TE Flex,,14,32,14,4,43,15,19,11,3,-9,31.3,3.3,24,FantasyPros (19),Yahoo (43),25,3,Pick 1,WT,-3,Yes,,,,
29,Kenneth Walker III,KC,RB,11,31,257.85,RB,,5,21,12,-8,45,16,28,11,4,-1,31.3,2.3,24,ESPN (21),Yahoo (45),27,3,Pick 3,RB,-2,Yes,,,,
30,Nico Collins,HOU,WR,12,30,248.95,WR/TE Flex,,8,25,9,-5,54,24,13,9,3,-17,30.7,0.7,41,FantasyPros (13),Yahoo (54),24,2,Pick 1,WT,-6,Yes,,,,
31,Jalen Hurts,PHI,QB,5,29,361.74,QB,,10,58,5,27,7,-24,59,6,6,28,41.3,10.3,52,Yahoo (7),FantasyPros (59),39,4,Pick 10,QB,8,Yes,,,,
32,Jeremiyah Love,ARI,RB,12,28,255.3,RB,DTD,14,13,7,-19,50,18,41,14,5,9,34.7,2.7,37,ESPN (13),Yahoo (50),29,3,Pick 5,RB,-3,Yes,,,,
33,Garrett Wilson,NYJ,WR,13,28,242.71,WR/TE Flex,,13,26,10,-7,80,47,30,16,4,-3,45.3,12.3,54,ESPN (26),Yahoo (80),33,3,Pick 9,WT,0,Yes,,,,
34,Zay Flowers,BAL,WR,14,27,241.8,WR/TE Flex,DTD,13,34,16,0,56,22,29,15,4,-5,39.7,5.7,27,FantasyPros (29),Yahoo (56),32,3,Pick 8,WT,-2,Yes,,,,
35,Omarion Hampton,LAC,RB,13,26,254.39,RB,,7,23,14,-12,48,13,26,10,4,-9,32.3,-2.7,25,ESPN (23),Yahoo (48),30,3,Pick 6,RB,-5,Yes,,,,
36,Malik Nabers,NYG,WR,15,26,240.32,WR/TE Flex,DTD,8,28,12,-8,73,37,24,14,4,-12,41.7,5.7,49,FantasyPros (24),Yahoo (73),28,3,Pick 4,WT,-8,Yes,,,,
37,Josh Jacobs,GB,RB,14,24,248.26,RB,DTD,11,30,15,-7,46,9,44,17,5,7,40,3,16,ESPN (30),Yahoo (46),38,4,Pick 11,RB,1,Yes,,,,
38,DeVonta Smith,PHI,WR,16,24,236.7,WR/TE Flex,DTD,10,35,17,-3,64,26,23,13,4,-15,40.7,2.7,41,FantasyPros (23),Yahoo (64),31,3,Pick 7,WT,-7,Yes,,,,
39,Tyler Warren,IND,TE,4,23,199.21,Dedicated TE,,13,50,4,11,87,48,52,4,6,13,63,24,37,ESPN (50),Yahoo (87),34,3,Pick 10,TE,-5,Yes,,,,
40,Breece Hall,NYJ,RB,15,23,245.78,RB,,13,22,13,-18,58,18,40,13,5,0,40,0,36,ESPN (22),Yahoo (58),35,3,Pick 11,RB,-5,Yes,,,,
41,Jayden Daniels,WAS,QB,6,22,359.22,QB,,7,55,2,14,4,-37,51,5,5,10,36.7,-4.3,51,Yahoo (4),ESPN (55),43,4,Pick 6,QB,2,Yes,,,,
42,Kyren Williams,LAR,RB,16,22,240.4,RB,,11,38,18,-4,51,9,42,15,5,0,43.7,1.7,13,ESPN (38),Yahoo (51),46,4,Pick 3,RB,4,Yes,,,,
43,Tetairoa McMillan,CAR,WR,17,22,233.6,WR/TE Flex,,5,33,15,-10,70,27,32,17,4,-11,45,2,38,FantasyPros (32),Yahoo (70),36,3,Pick 12,WT,-7,Yes,,,,
44,Cam Skattebo,NYG,RB,17,21,239.41,RB,,8,39,19,-5,60,16,55,19,6,11,51.3,7.3,21,ESPN (39),Yahoo (60),42,4,Pick 7,RB,-2,Yes,,,,
45,Emeka Egbuka,TB,WR,18,21,228.18,WR/TE Flex,DTD,10,42,18,-3,85,40,39,21,5,-6,55.3,10.3,46,FantasyPros (39),Yahoo (85),37,4,Pick 12,WT,-8,Yes,,,,
46,Davante Adams,LAR,WR,19,20,222.22,WR/TE Flex,,11,43,19,-3,72,26,49,24,5,3,54.7,8.7,29,ESPN (43),Yahoo (72),41,4,Pick 8,WT,-5,Yes,,,,
47,Dak Prescott,DAL,QB,7,19,356.42,QB,,14,83,9,36,6,-41,79,10,7,32,56,9,77,Yahoo (6),ESPN (83),56,5,Pick 8,QB,9,Yes,,,,
48,Javonte Williams,DAL,RB,18,19,234.6,RB,,14,31,16,-17,55,7,43,16,5,-5,43,-5,24,ESPN (31),Yahoo (55),47,4,Pick 2,RB,-1,Yes,,,,
49,Tee Higgins,CIN,WR,20,19,221.54,WR/TE Flex,,6,46,22,-3,53,4,35,20,5,-14,44.7,-4.3,18,FantasyPros (35),Yahoo (53),52,5,Pick 4,WT,3,Yes,,,,
50,Kyle Pitts Sr.,ATL,TE,5,18,195.59,Dedicated TE,,11,71,5,21,110,60,78,7,7,28,86.3,36.3,39,ESPN (71),Yahoo (110),66,6,Pick 7,TE,16,Yes,,,,
51,Travis Etienne Jr.,NO,RB,19,18,232.54,RB,,8,37,17,-14,67,16,48,18,5,-3,50.7,-0.3,30,ESPN (37),Yahoo (67),60,5,Pick 12,RB,9,Yes,,,,
52,Ladd McConkey,LAC,WR,21,18,220.41,WR/TE Flex,,7,44,20,-8,88,36,34,19,4,-18,55.3,3.3,54,FantasyPros (34),Yahoo (88),48,4,Pick 1,WT,-4,Yes,,,,
53,Matthew Stafford,LAR,QB,8,17,353.35,QB,,11,86,12,33,24,-29,103,15,8,50,71,18,79,Yahoo (24),FantasyPros (103),85,8,Pick 12,QB,32,Yes,,,,
54,Bucky Irving,TB,RB,20,16,223.34,RB,,10,41,21,-13,76,22,60,21,6,6,59,5,35,ESPN (41),Yahoo (76),55,5,Pick 7,RB,1,Yes,,,,
55,Jameson Williams,DET,WR,22,16,217.37,WR/TE Flex,,6,51,25,-4,79,24,54,27,6,-1,61.3,6.3,28,ESPN (51),Yahoo (79),63,6,Pick 10,WT,8,Yes,,,,
56,Harold Fannin Jr.,CLE,TE,6,14,191.13,Dedicated TE,,11,72,6,16,107,51,70,5,6,14,83,27,37,FantasyPros (70),Yahoo (107),49,5,Pick 1,TE,-7,Yes,,,,
57,Brock Purdy,SF,QB,9,14,348.49,QB,,8,85,11,28,22,-35,90,11,7,33,65.7,8.7,68,Yahoo (22),FantasyPros (90),96,8,Pick 1,QB,39,Yes,,,,
58,D'Andre Swift,CHI,RB,21,14,222.79,RB,,10,60,23,2,68,10,57,20,6,-1,61.7,3.7,11,FantasyPros (57),Yahoo (68),65,6,Pick 8,RB,7,Yes,,,,
59,Terry McLaurin,WAS,WR,23,14,210.08,WR/TE Flex,,7,45,21,-14,65,6,45,22,5,-14,51.7,-7.3,20,ESPN (45),Yahoo (65),45,4,Pick 4,WT,-14,Yes,,,,
60,Patrick Mahomes II,KC,QB,10,12,347.72,QB,DTD,5,94,15,34,13,-47,99,13,8,39,68.7,8.7,86,Yahoo (13),FantasyPros (99),94,8,Pick 3,QB,34,Yes,,,,
61,Jaylen Waddle,DEN,WR,24,12,210.06,WR/TE Flex,,10,47,23,-14,74,13,33,18,4,-28,51.3,-9.7,41,FantasyPros (33),Yahoo (74),50,5,Pick 2,WT,-11,Yes,,,,
62,Sam LaPorta,DET,TE,7,11,184.39,Dedicated TE,,6,73,7,11,102,40,83,8,7,21,86,24,29,ESPN (73),Yahoo (102),74,7,Pick 2,TE,12,Yes,,,,
63,Quinshon Judkins,CLE,RB,22,11,214.11,RB,,11,40,20,-23,81,18,62,23,6,-1,61,-2,41,ESPN (40),Yahoo (81),57,5,Pick 9,RB,-6,Yes,,,,
64,DJ Moore,BUF,WR,25,11,208.71,WR/TE Flex,,7,52,26,-12,94,30,50,25,5,-14,65.3,1.3,44,FantasyPros (50),Yahoo (94),51,5,Pick 3,WT,-13,Yes,,,,
65,Denver Broncos,DEN,DST,1,10,200.41,DST,,10,170,2,105,,,164,2,10,99,167,102,6,FantasyPros (164),ESPN (170),104,9,Pick 8,DST,39,Yes,,,,
66,Trevor Lawrence,JAC,QB,11,10,347.13,QB,,7,82,8,16,12,-54,75,9,7,9,56.3,-9.7,70,Yahoo (12),ESPN (82),97,9,Pick 1,QB,31,Yes,,,,
67,Bhayshul Tuten,JAC,RB,23,10,206.77,RB,,7,59,22,-8,89,22,68,25,6,1,72,5,30,ESPN (59),Yahoo (89),69,6,Pick 4,RB,2,Yes,,,,
68,Luther Burden III,CHI,WR,26,10,208.03,WR/TE Flex,DTD,10,53,27,-15,78,10,47,23,5,-21,59.3,-8.7,31,FantasyPros (47),Yahoo (78),58,5,Pick 10,WT,-10,Yes,,,,
69,Rome Odunze,CHI,WR,27,10,205.07,WR/TE Flex,,10,48,24,-21,92,23,56,28,6,-13,65.3,-3.7,44,ESPN (48),Yahoo (92),54,5,Pick 6,WT,-15,Yes,,,,
70,Houston Texans,HOU,DST,2,9,191.05,DST,,8,169,1,99,,,155,1,9,85,162,92,14,FantasyPros (155),ESPN (169),90,8,Pick 7,DST,20,Yes,,,,
71,Jaylen Warren,PIT,RB,24,9,197.45,RB,,9,95,28,24,75,4,73,27,7,2,81,10,22,FantasyPros (73),ESPN (95),73,7,Pick 1,RB,2,Yes,,,,
72,Mike Evans,SF,WR,28,9,204.08,WR/TE Flex,DTD,8,76,35,4,91,19,53,26,6,-19,73.3,1.3,38,FantasyPros (53),Yahoo (91),53,5,Pick 5,WT,-19,Yes,,,,
73,Travis Kelce,KC,TE,8,8,181.67,Dedicated TE,,5,104,11,31,118,45,94,9,7,21,105.3,32.3,24,FantasyPros (94),Yahoo (118),92,8,Pick 5,TE,19,Yes,,,,
74,David Montgomery,HOU,RB,25,8,195.84,,,8,61,24,-13,66,-8,61,22,6,-13,62.7,-11.3,5,ESPN (61),Yahoo (66),70,6,Pick 3,RB,-4,Yes,,,,
75,Alec Pierce,IND,WR,29,8,197.36,WR/TE Flex,PUP,13,67,31,-8,77,2,97,42,7,22,80.3,5.3,30,ESPN (67),FantasyPros (97),81,7,Pick 9,WT,6,Yes,,,,
76,Courtland Sutton,DEN,WR,30,8,198.67,WR/TE Flex,,10,65,29,-11,108,32,82,37,7,6,85,9,43,ESPN (65),Yahoo (108),83,7,Pick 11,WT,7,Yes,,,,
77,Brandon Aubrey,DAL,K,1,7,196.24,K,,14,181,1,104,127,50,178,1,10,101,162,85,54,Yahoo (127),ESPN (181),110,10,Pick 11,K,33,Yes,,,,
78,Seattle Seahawks,SEA,DST,3,7,181.26,DST,,11,172,4,94,,,167,4,10,89,169.5,91.5,5,FantasyPros (167),ESPN (172),118,10,Pick 3,DST,40,Yes,,,,
79,Minnesota Vikings,MIN,DST,4,7,173.73,DST,,6,300,22,221,,,186,8,10,107,243,164,114,FantasyPros (186),ESPN (300),122,11,Pick 2,DST,43,Yes,,,,
80,Caleb Williams,CHI,QB,12,7,346.94,QB,,10,87,13,7,16,-64,64,7,6,-16,55.7,-24.3,71,Yahoo (16),ESPN (87),108,9,Pick 12,QB,28,Yes,,,,
81,TreVeyon Henderson,NE,RB,26,7,193.2,,,11,63,26,-18,69,-12,67,24,6,-14,66.3,-14.7,6,ESPN (63),Yahoo (69),61,6,Pick 12,RB,-20,Yes,,,,
82,Marvin Harrison Jr.,ARI,WR,31,7,197.2,WR/TE Flex,,14,68,32,-14,113,31,66,32,6,-16,82.3,0.3,47,FantasyPros (66),Yahoo (113),71,6,Pick 2,WT,-11,Yes,,,,
83,DK Metcalf,PIT,WR,32,7,195.31,WR/TE Flex,DTD,9,69,33,-14,97,14,77,35,7,-6,81,-2,28,ESPN (69),Yahoo (97),80,7,Pick 8,WT,-3,Yes,,,,
84,Pittsburgh Steelers,PIT,DST,5,6,172.66,DST,,9,171,3,87,,,182,6,10,98,176.5,92.5,11,ESPN (171),FantasyPros (182),132,11,Pick 12,DST,48,Yes,,,,
85,Jaxson Dart,NYG,QB,13,6,343.37,,,8,75,7,-10,11,-74,92,12,7,7,59.3,-25.7,81,Yahoo (11),FantasyPros (92),64,6,Pick 9,QB,-21,Yes,,,,
86,Dallas Goedert,PHI,TE,9,6,179.59,Dedicated TE,,10,103,10,17,148,62,122,14,8,36,124.3,38.3,45,ESPN (103),Yahoo (148),78,7,Pick 6,TE,-8,Yes,,,,
87,Jadarian Price,SEA,RB,27,6,189.93,,,11,62,25,-25,83,-4,71,26,6,-16,72,-15,21,ESPN (62),Yahoo (83),72,6,Pick 1,RB,-15,Yes,,,,
88,Christian Watson,GB,WR,33,6,194.64,WR/TE Flex,,11,78,37,-10,93,5,58,29,6,-30,76.3,-11.7,35,FantasyPros (58),Yahoo (93),68,6,Pick 5,WT,-20,Yes,,,,
89,Jason Myers,SEA,K,2,5,188.86,K,,11,183,3,94,123,34,200,5,10,111,168.7,79.7,77,Yahoo (123),FantasyPros (200),111,10,Pick 10,K,22,Yes,,,,
90,Ka'imi Fairbairn,HOU,K,3,5,181.03,K,,8,185,5,95,133,43,194,3,10,104,170.7,80.7,61,Yahoo (133),FantasyPros (194),113,10,Pick 8,K,23,Yes,,,,
91,Los Angeles Rams,LAR,DST,6,5,169.26,DST,,11,173,5,82,,,166,3,10,75,169.5,78.5,7,FantasyPros (166),ESPN (173),134,12,Pick 11,DST,43,Yes,,,,
92,Los Angeles Chargers,LAC,DST,7,5,167.34,DST,,7,180,12,88,,,191,10,10,99,185.5,93.5,11,ESPN (180),FantasyPros (191),136,12,Pick 9,DST,44,Yes,,,,
93,Jared Goff,DET,QB,14,5,341.14,,,6,135,18,42,14,-79,107,16,8,14,85.3,-7.7,121,Yahoo (14),ESPN (135),99,9,Pick 3,QB,6,Yes,,,,
94,Tucker Kraft,GB,TE,10,5,178.68,Dedicated TE,,11,101,8,7,101,7,74,6,7,-20,92,-2,27,FantasyPros (74),ESPN (101),59,5,Pick 11,TE,-35,Yes,,,,
95,Tony Pollard,TEN,RB,28,5,187.89,,,9,97,30,2,95,0,84,29,7,-11,92,-3,13,FantasyPros (84),ESPN (97),82,7,Pick 10,RB,-13,Yes,,,,
96,Rhamondre Stevenson,NE,RB,29,5,187.7,,,11,64,27,-32,84,-12,80,28,7,-16,76,-20,20,ESPN (64),Yahoo (84),87,8,Pick 10,RB,-9,Yes,,,,
97,Michael Pittman Jr.,PIT,WR,34,5,190.51,WR/TE Flex,DTD,9,66,30,-31,120,23,81,36,7,-16,89,-8,54,ESPN (66),Yahoo (120),86,8,Pick 11,WT,-11,Yes,,,,
98,Parker Washington,JAC,WR,35,5,184.21,WR/TE Flex,,7,70,34,-28,105,7,63,30,6,-35,79.3,-18.7,42,FantasyPros (63),Yahoo (105),79,7,Pick 7,WT,-19,Yes,,,,
99,Cameron Dicker,LAC,K,4,4,174.31,K,,7,182,2,83,126,27,193,2,10,94,167,68,67,Yahoo (126),FantasyPros (193),123,11,Pick 3,K,24,Yes,,,,
100,Philadelphia Eagles,PHI,DST,8,4,166.33,DST,,10,175,7,75,,,170,5,10,70,172.5,72.5,5,FantasyPros (170),ESPN (175),138,12,Pick 7,DST,38,Yes,,,,
101,Detroit Lions,DET,DST,9,4,162.81,DST,,6,178,10,77,,,226,14,11,125,202,101,48,ESPN (178),FantasyPros (226),139,12,Pick 6,DST,38,Yes,,,,
102,Bo Nix,DEN,QB,15,4,340.96,,,10,84,10,-18,19,-83,100,14,8,-2,67.7,-34.3,81,Yahoo (19),FantasyPros (100),112,10,Pick 9,QB,10,Yes,,,,
103,Justin Herbert,LAC,QB,16,4,340.19,,,7,93,14,-10,17,-86,69,8,6,-34,59.7,-43.3,76,Yahoo (17),ESPN (93),76,7,Pick 4,QB,-27,Yes,,,,
104,George Kittle,SF,TE,11,4,175.44,Dedicated TE,PUP,8,102,9,-2,167,63,96,10,7,-8,121.7,17.7,71,FantasyPros (96),Yahoo (167),75,7,Pick 3,TE,-29,Yes,,,,
105,Rico Dowdle,PIT,RB,30,4,179.81,,,9,96,29,-9,86,-19,87,30,7,-18,89.7,-15.3,10,Yahoo (86),ESPN (96),89,8,Pick 8,RB,-16,Yes,,,,
106,Chuba Hubbard,CAR,RB,31,4,176.86,,DTD,5,100,33,-6,82,-24,93,33,7,-13,91.7,-14.3,18,Yahoo (82),ESPN (100),95,8,Pick 2,RB,-11,Yes,,,,
107,J.K. Dobbins,DEN,RB,32,4,176.3,,DTD,10,105,34,-2,112,5,101,35,8,-6,106,-1,11,FantasyPros (101),Yahoo (112),88,8,Pick 9,RB,-19,Yes,,,,
108,Brian Thomas Jr.,JAC,WR,36,4,181.39,WR/TE Flex,,7,81,40,-27,117,9,72,33,7,-36,90,-18,45,FantasyPros (72),Yahoo (117),84,7,Pick 12,WT,-24,Yes,,,,
109,Wan'Dale Robinson,TEN,WR,37,4,181.24,,,9,89,42,-20,153,44,85,38,7,-24,109,0,68,FantasyPros (85),Yahoo (153),91,8,Pick 6,WT,-18,Yes,,,,
110,Jakobi Meyers,JAC,WR,38,4,178.94,,,7,88,41,-22,132,22,102,43,8,-8,107.3,-2.7,44,ESPN (88),Yahoo (132),93,8,Pick 4,WT,-17,Yes,,,,
111,Cairo Santos,CHI,K,5,3,165.31,K,,10,191,11,80,143,32,218,8,11,107,184,73,75,Yahoo (143),FantasyPros (218),133,12,Pick 12,K,22,Yes,,,,
112,Jake Bates,DET,K,6,3,163.28,K,,6,189,9,77,129,17,219,9,11,107,179,67,90,Yahoo (129),FantasyPros (219),148,13,Pick 4,K,36,Yes,,,,
113,Blake Grupe,IND,K,7,3,161.53,K,,13,,,,155,42,393,24,14,280,274,161,238,Yahoo (155),FantasyPros (393),150,13,Pick 6,K,37,Yes,,,,
114,Baltimore Ravens,BAL,DST,10,3,160.9,DST,,13,174,6,60,,,199,11,10,85,186.5,72.5,25,ESPN (174),FantasyPros (199),140,12,Pick 5,DST,26,Yes,,,,
115,Buffalo Bills,BUF,DST,11,3,152.6,DST,,7,,,,,,230,15,11,115,230,115,0,FantasyPros (230),FantasyPros (230),141,12,Pick 4,DST,26,Yes,,,,
116,Kenny Gainwell,TB,RB,33,3,168.31,,,10,98,31,-18,100,-16,98,34,7,-18,98.7,-17.3,2,ESPN (98),Yahoo (100),103,9,Pick 7,RB,-13,Yes,,,,
117,Baker Mayfield,TB,QB,17,3,321.1,,,10,149,20,32,29,-88,117,18,8,0,98.3,-18.7,120,Yahoo (29),ESPN (149),124,11,Pick 4,QB,7,Yes,,,,
118,Mark Andrews,BAL,TE,12,3,167.15,Dedicated TE,,13,110,13,-8,130,12,129,15,8,11,123,5,20,ESPN (110),Yahoo (130),100,9,Pick 4,TE,-18,Yes,,,,
119,RJ Harvey,DEN,RB,34,3,167.59,,,10,122,41,3,99,-20,89,31,7,-30,103.3,-15.7,33,FantasyPros (89),ESPN (122),107,9,Pick 11,RB,-12,Yes,,,,
120,Carnell Tate,TEN,WR,39,3,178.46,,,9,54,28,-66,115,-5,65,31,6,-55,78,-42,61,ESPN (54),Yahoo (115),67,6,Pick 6,WT,-53,Yes,,,,
121,Michael Wilson,ARI,WR,40,3,176.81,,,14,80,39,-41,116,-5,88,40,7,-33,94.7,-26.3,36,ESPN (80),Yahoo (116),102,9,Pick 6,WT,-19,Yes,,,,
122,Chase McLaughlin,TB,K,8,2,162.27,K,,10,238,14,116,149,27,227,13,11,105,204.7,82.7,89,Yahoo (149),ESPN (238),149,13,Pick 5,K,27,Yes,,,,
123,Will Reichard,MIN,K,9,2,164.16,K,,6,192,12,69,151,28,270,17,12,147,204.3,81.3,119,Yahoo (151),FantasyPros (270),143,12,Pick 2,K,20,Yes,,,,
124,Harrison Mevis,LAR,K,10,2,157.96,,,11,184,4,60,125,1,222,11,11,98,177,53,97,Yahoo (125),FantasyPros (222),166,14,Pick 3,K,42,Yes,,,,
125,Eddy Pineiro,SF,K,11,2,159.19,K,,8,186,6,61,139,14,208,7,11,83,177.7,52.7,69,Yahoo (139),FantasyPros (208),153,13,Pick 9,K,28,Yes,,,,
126,Cam Little,JAC,K,12,2,159.35,K,,7,188,8,62,194,68,195,4,10,69,192.3,66.3,7,ESPN (188),FantasyPros (195),151,13,Pick 7,K,25,Yes,,,,
127,Cleveland Browns,CLE,DST,12,2,151.62,,,11,176,8,49,,,235,16,11,108,205.5,78.5,59,ESPN (176),FantasyPros (235),157,14,Pick 12,DST,30,Yes,,,,
128,New England Patriots,NE,DST,13,2,152.03,DST,,11,177,9,49,,,183,7,10,55,180,52,6,ESPN (177),FantasyPros (183),144,12,Pick 1,DST,16,Yes,,,,
129,New Orleans Saints,NO,DST,14,2,148.8,,,8,299,21,170,,,293,19,12,164,296,167,6,FantasyPros (293),ESPN (299),159,14,Pick 10,DST,30,Yes,,,,
130,Atlanta Falcons,ATL,DST,15,2,143.52,,,11,,,,,,289,18,12,159,289,159,0,FantasyPros (289),FantasyPros (289),169,15,Pick 1,DST,39,Yes,,,,
131,Chicago Bears,CHI,DST,16,2,144.1,,,10,286,18,155,,,317,21,13,186,301.5,170.5,31,ESPN (286),FantasyPros (317),167,14,Pick 2,DST,36,Yes,,,,
132,Kansas City Chiefs,KC,DST,17,2,149.75,,,5,179,11,47,,,209,12,11,77,194,62,30,ESPN (179),FantasyPros (209),154,13,Pick 10,DST,22,Yes,,,,
133,Jake Ferguson,DAL,TE,13,2,167.14,,,14,109,12,-24,145,12,115,12,8,-18,123,-10,36,ESPN (109),Yahoo (145),116,10,Pick 5,WT,-17,Yes,,,,
134,Tyler Shough,NO,QB,18,2,319.55,,,8,134,17,0,30,-104,125,20,8,-9,96.3,-37.7,104,Yahoo (30),ESPN (134),155,13,Pick 11,QB,21,Yes,,,,
135,Rachaad White,WAS,RB,35,2,163.93,,,7,108,37,-27,111,-24,109,36,8,-26,109.3,-25.7,3,ESPN (108),Yahoo (111),115,10,Pick 6,RB,-20,Yes,,,,
136,Aaron Jones Sr.,MIN,RB,36,2,161.38,,,6,115,38,-21,98,-38,113,39,8,-23,108.7,-27.3,17,Yahoo (98),ESPN (115),119,10,Pick 2,RB,-17,Yes,,,,
137,Isaiah Likely,NYG,TE,14,2,164.72,,,8,116,15,-21,173,36,120,13,8,-17,136.3,-0.7,57,ESPN (116),Yahoo (173),142,12,Pick 3,WT,5,Yes,,,,
138,Jonathon Brooks,CAR,RB,37,2,157.58,,,5,99,32,-39,154,16,91,32,7,-47,114.7,-23.3,63,FantasyPros (91),Yahoo (154),77,7,Pick 5,RB,-61,Yes,,,,
139,Kyler Murray,MIN,QB,19,2,313.39,,,6,133,16,-6,25,-114,112,17,8,-27,90,-49,108,Yahoo (25),ESPN (133),170,15,Pick 2,QB,31,Yes,,,,
140,Kyle Monangai,CHI,RB,38,2,156.33,,DTD,10,106,35,-34,96,-44,111,38,8,-29,104.3,-35.7,15,Yahoo (96),FantasyPros (111),125,11,Pick 5,RB,-15,Yes,,,,
141,Jayden Reed,GB,WR,41,2,176.16,,,11,112,46,-29,104,-37,105,45,8,-36,107,-34,8,Yahoo (104),ESPN (112),101,9,Pick 5,WT,-40,Yes,,,,
142,Chris Godwin Jr.,TB,WR,42,2,175.82,,,10,128,53,-14,106,-36,76,34,7,-66,103.3,-38.7,52,FantasyPros (76),ESPN (128),98,9,Pick 2,WT,-44,Yes,,,,
143,Jacory Croskey-Merritt,WAS,RB,39,2,145.67,,,7,107,36,-36,121,-22,116,40,8,-27,114.7,-28.3,14,ESPN (107),Yahoo (121),126,11,Pick 6,RB,-17,Yes,,,,
144,Dalton Kincaid,BUF,TE,15,2,160.38,,,7,117,16,-27,175,31,114,11,8,-30,135.3,-8.7,61,FantasyPros (114),Yahoo (175),145,13,Pick 1,WT,1,Yes,,,,
145,Quentin Johnston,LAC,WR,43,2,169.92,,,7,114,48,-31,134,-11,95,41,7,-50,114.3,-30.7,39,FantasyPros (95),Yahoo (134),109,10,Pick 12,WT,-36,Yes,,,,
146,Josh Downs,IND,WR,44,2,168.68,,DTD,13,90,43,-56,103,-43,86,39,7,-60,93,-53,17,FantasyPros (86),Yahoo (103),105,9,Pick 9,WT,-41,Yes,,,,
147,Nick Folk,ATL,K,13,1,158.98,K,,11,257,16,110,159,12,383,22,14,236,266.3,119.3,224,Yahoo (159),FantasyPros (383),161,14,Pick 8,K,14,Yes,,,,
148,Harrison Butker,KC,K,14,1,152.47,,,5,187,7,39,141,-7,244,14,11,96,190.7,42.7,103,Yahoo (141),FantasyPros (244),178,15,Pick 10,K,30,Yes,,,,
149,Evan McPherson,CIN,K,15,1,154.36,,,6,256,15,107,128,-21,221,10,11,72,201.7,52.7,128,Yahoo (128),ESPN (256),177,15,Pick 9,K,28,Yes,,,,
150,Charlie Smyth,NO,K,16,1,157.03,,,8,,,,163,13,308,18,12,158,235.5,85.5,145,Yahoo (163),FantasyPros (308),168,14,Pick 1,K,18,Yes,,,,
151,Trey Smack,GB,K,17,1,152.38,,,11,287,17,136,179,28,391,23,14,240,285.7,134.7,212,Yahoo (179),FantasyPros (391),179,15,Pick 11,K,28,Yes,,,,
152,Tyler Loop,BAL,K,18,1,147.3,,,13,190,10,38,198,46,206,6,11,54,198,46,16,ESPN (190),FantasyPros (206),187,16,Pick 6,K,35,Yes,,,,
153,Wil Lutz,DEN,K,19,1,151.51,,,10,,,,147,-6,261,16,12,108,204,51,114,Yahoo (147),FantasyPros (261),180,15,Pick 12,K,27,Yes,,,,
154,Green Bay Packers,GB,DST,18,1,145.15,,,11,236,14,82,,,213,13,11,59,224.5,70.5,23,FantasyPros (213),ESPN (236),160,14,Pick 9,DST,6,Yes,,,,
155,Jacksonville Jaguars,JAX,DST,19,1,141.22,,,7,254,15,99,,,188,9,10,33,221,66,66,FantasyPros (188),ESPN (254),173,15,Pick 5,DST,18,Yes,,,,
156,Tampa Bay Buccaneers,TB,DST,20,1,141.74,,,10,235,13,79,,,364,25,14,208,299.5,143.5,129,ESPN (235),FantasyPros (364),172,15,Pick 4,DST,16,Yes,,,,
157,Cincinnati Bengals,CIN,DST,21,1,139.47,,,6,285,17,128,,,369,26,14,212,327,170,84,ESPN (285),FantasyPros (369),174,15,Pick 6,DST,17,Yes,,,,
158,Tyler Bass,BUF,K,20,1,146.2,,,7,,,,136,-22,358,20,14,200,247,89,222,Yahoo (136),FantasyPros (358),188,16,Pick 5,K,30,Yes,,,,
159,Chris Boswell,PIT,K,21,1,149.05,,,9,237,13,78,157,-2,245,15,11,86,213,54,88,Yahoo (157),FantasyPros (245),186,16,Pick 7,K,27,Yes,,,,
160,Jordan Love,GB,QB,20,1,310.74,,,11,198,22,38,21,-139,119,19,8,-41,112.7,-47.3,177,Yahoo (21),ESPN (198),162,14,Pick 7,QB,2,Yes,,,,
161,Jordan Mason,MIN,RB,40,1,144.88,,,6,120,39,-41,140,-21,118,41,8,-43,126,-35,22,FantasyPros (118),Yahoo (140),127,11,Pick 7,RB,-34,Yes,,,,
162,Daniel Jones,IND,QB,21,1,310.12,,,13,136,19,-26,28,-134,145,24,9,-17,103,-59,117,Yahoo (28),FantasyPros (145),135,12,Pick 10,QB,-27,Yes,,,,
163,Jordan Addison,MIN,WR,45,1,169.15,,DTD,6,91,44,-72,122,-41,106,46,8,-57,106.3,-56.7,31,ESPN (91),Yahoo (122),106,9,Pick 10,WT,-57,Yes,,,,
164,Drew Stevens,WAS,K,22,1,145.11,,,7,,,,,,449,33,15,285,449,285,0,FantasyPros (449),FantasyPros (449),189,16,Pick 4,K,25,Yes,,,,
165,Blake Corum,LAR,RB,41,1,138.29,,,11,121,40,-44,109,-56,110,37,8,-55,113.3,-51.7,12,Yahoo (109),ESPN (121),131,11,Pick 11,RB,-34,Yes,,,,
166,Deebo Samuel Sr.,SF,WR,46,1,168.89,,,8,124,49,-42,199,33,141,56,9,-25,154.7,-11.3,75,ESPN (124),Yahoo (199),117,10,Pick 4,WT,-49,Yes,,,,
167,Tyjae Spears,TEN,RB,42,1,138.27,,DTD,9,139,45,-28,183,16,136,45,9,-31,152.7,-14.3,47,FantasyPros (136),Yahoo (183),129,11,Pick 9,RB,-38,Yes,,,,
168,Sam Darnold,SEA,QB,22,1,308.02,,,11,200,24,32,32,-136,137,22,9,-31,123,-45,168,Yahoo (32),ESPN (200),163,14,Pick 6,QB,-5,Yes,,,,
169,Juwan Johnson,NO,TE,16,1,154.94,,,8,160,20,-9,150,-19,132,16,9,-37,147.3,-21.7,28,FantasyPros (132),ESPN (160),146,13,Pick 2,WT,-23,Yes,,,,
170,Xavier Worthy,KC,WR,47,1,167.61,,DTD,5,113,47,-57,137,-33,127,52,8,-43,125.7,-44.3,24,ESPN (113),Yahoo (137),121,11,Pick 1,WT,-49,Yes,,,,
171,Indianapolis Colts,IND,DST,22,1,135.29,,,13,255,16,84,,,310,20,12,139,282.5,111.5,55,ESPN (255),FantasyPros (310),176,15,Pick 8,DST,5,Yes,,,,
172,Alvin Kamara,NO,RB,43,1,131.79,,,8,138,44,-34,,,151,50,9,-21,144.5,-27.5,13,ESPN (138),FantasyPros (151),130,11,Pick 10,RB,-42,Yes,,,,
173,Stefon Diggs,WAS,WR,48,1,166.62,,,7,125,50,-48,144,-29,104,44,8,-69,124.3,-48.7,40,FantasyPros (104),Yahoo (144),114,10,Pick 7,WT,-59,Yes,,,,
174,Matthew Golden,GB,WR,49,1,165.19,,,11,79,38,-95,162,-12,128,53,8,-46,123,-51,83,ESPN (79),Yahoo (162),128,11,Pick 8,WT,-46,Yes,,,,
175,Woody Marks,HOU,RB,44,1,124.82,,,8,123,42,-52,189,14,135,44,9,-40,149,-26,66,ESPN (123),Yahoo (189),165,14,Pick 4,RB,-10,Yes,,,,
176,Jake Elliott,PHI,K,23,1,139.49,,,10,288,18,112,152,-24,349,19,13,173,263,87,197,Yahoo (152),FantasyPros (349),191,16,Pick 2,K,15,Yes,,,,
177,Khalil Shakir,BUF,WR,50,1,164.68,,,7,92,45,-85,138,-39,121,48,8,-56,117,-60,46,ESPN (92),Yahoo (138),137,12,Pick 8,WT,-40,Yes,,,,
178,Washington Commanders,WAS,DST,23,1,129.54,,,7,,,,,,422,30,14,244,422,244,0,FantasyPros (422),FantasyPros (422),182,16,Pick 11,DST,4,Yes,,,,
179,Brenton Strange,JAC,TE,17,1,151.52,,,7,194,21,15,165,-14,149,17,9,-30,169.3,-9.7,45,FantasyPros (149),ESPN (194),183,16,Pick 10,WT,4,Yes,,,,
180,Zach Charbonnet,SEA,RB,45,1,123,,PUP,11,137,43,-43,,,144,48,9,-36,140.5,-39.5,7,ESPN (137),FantasyPros (144),120,10,Pick 1,RB,-60,Yes,,,,
181,Tennessee Titans,TEN,DST,24,1,127.56,,,9,,,,,,380,27,14,199,380,199,0,FantasyPros (380),FantasyPros (380),190,16,Pick 3,DST,9,Yes,,,,
182,C.J. Stroud,HOU,QB,23,1,296.22,,,8,199,23,17,27,-155,139,23,9,-43,121.7,-60.3,172,Yahoo (27),ESPN (199),185,16,Pick 8,QB,3,Yes,,,,
183,KC Concepcion,CLE,WR,51,1,159.86,,,11,127,52,-56,170,-13,123,49,8,-60,140,-43,47,FantasyPros (123),Yahoo (170),147,13,Pick 3,WT,-36,Yes,,,,
184,Tyrone Tracy Jr.,NYG,RB,46,1,119.66,,,8,141,47,-43,185,1,138,46,9,-46,154.7,-29.3,47,FantasyPros (138),Yahoo (185),171,15,Pick 3,RB,-13,Yes,,,,
185,Jalen Coker,CAR,WR,52,1,157.85,,,5,132,57,-53,171,-14,124,50,8,-61,142.3,-42.7,47,FantasyPros (124),Yahoo (171),175,15,Pick 7,WT,-10,Yes,,,,
186,Andy Borregales,NE,K,24,1,136.59,,,11,,,,142,-44,224,12,11,38,183,-3,82,Yahoo (142),FantasyPros (224),192,16,Pick 1,K,6,Yes,,,,
187,Hunter Henry,NE,TE,18,1,150.52,,,11,119,18,-68,135,-52,154,19,9,-33,136,-51,35,ESPN (119),FantasyPros (154),,,,,,No,,,,
188,Isiah Pacheco,DET,RB,47,1,115.92,,DTD,6,156,51,-32,,,153,52,9,-35,154.5,-33.5,3,FantasyPros (153),ESPN (156),181,16,Pick 12,RB,-7,Yes,,,,
189,Malik Willis,MIA,QB,24,1,295.1,,,6,150,21,-39,26,-163,131,21,9,-58,102.3,-86.7,124,Yahoo (26),ESPN (150),164,14,Pick 5,QB,-25,Yes,,,,
190,Rashid Shaheed,SEA,WR,53,1,157.32,,,11,143,58,-47,200,10,147,58,9,-43,163.3,-26.7,57,ESPN (143),Yahoo (200),158,14,Pick 11,WT,-32,Yes,,,,
191,Justice Hill,BAL,RB,48,1,112.01,,,13,195,58,4,,,240,69,11,49,217.5,26.5,45,ESPN (195),FantasyPros (240),152,13,Pick 8,RB,-39,Yes,,,,
192,Romeo Doubs,NE,WR,54,1,156.43,,,11,129,54,-63,119,-73,130,54,8,-62,126,-66,11,Yahoo (119),FantasyPros (130),156,13,Pick 12,WT,-36,Yes,,,,
