Day,Date
18,10/7/2025
19,10/8/2025
20,10/9/2025
21,10/10/2025
22,10/11/2025
31,10/12/2025
32,10/13/2025
33,10/14/2025
34,10/15/2025
35,10/16/2025
36,10/17/2025
37,10/18/2025
46,10/19/2025
47,10/20/2025
48,10/21/2025
49,10/22/2025
50,10/23/2025
51,10/24/2025
52,10/25/2025
61,10/26/2025
62,10/27/2025
63,10/28/2025
64,10/29/2025
65,10/30/2025
66,10/31/2025
15,11/1/2025
24,11/2/2025
25,11/3/2025
26,11/4/2025
27,11/5/2025
28,11/6/2025
29,11/7/2025
30,11/8/2025
39,11/9/2025
40,11/10/2025
41,11/11/2025
42,11/12/2025
43,11/13/2025
44,11/14/2025
45,11/15/2025
54,11/16/2025
55,11/17/2025
56,11/18/2025
57,11/19/2025
58,11/20/2025
59,11/21/2025
60,11/22/2025
69,11/23/2025
70,11/24/2025
71,11/25/2025
72,11/26/2025
73,11/27/2025
74,11/28/2025
75,11/29/2025
84,11/30/2025
107,12/1/2025
108,12/2/2025
109,12/3/2025
110,12/4/2025
111,12/5/2025
112,12/6/2025
121,12/7/2025
122,12/8/2025
123,12/9/2025
124,12/10/2025
125,12/11/2025
126,12/12/2025
127,12/13/2025
136,12/14/2025
137,12/15/2025
138,12/16/2025
139,12/17/2025
140,12/18/2025
141,12/19/2025
142,12/20/2025
151,12/21/2025
152,12/22/2025
153,12/23/2025
154,12/24/2025
155,12/25/2025
156,12/26/2025
157,12/27/2025
166,12/28/2025
167,12/29/2025
168,12/30/2025
169,12/31/2025
118,1/1/2026
119,1/2/2026
120,1/3/2026
129,1/4/2026
130,1/5/2026
131,1/6/2026
132,1/7/2026
133,1/8/2026
134,1/9/2026
135,1/10/2026
144,1/11/2026
145,1/12/2026
146,1/13/2026
147,1/14/2026
148,1/15/2026
149,1/16/2026
150,1/17/2026
159,1/18/2026
160,1/19/2026
161,1/20/2026
162,1/21/2026
163,1/22/2026
164,1/23/2026
165,1/24/2026
174,1/25/2026
175,1/26/2026
176,1/27/2026
177,1/28/2026
178,1/29/2026
179,1/30/2026
180,1/31/2026
196,2/1/2026
197,2/2/2026
198,2/3/2026
199,2/4/2026
200,2/5/2026
201,2/6/2026
202,2/7/2026
211,2/8/2026
212,2/9/2026
213,2/10/2026
214,2/11/2026
215,2/12/2026
216,2/13/2026
217,2/14/2026
226,2/15/2026
227,2/16/2026
228,2/17/2026
229,2/18/2026
230,2/19/2026
231,2/20/2026
232,2/21/2026
241,2/22/2026
242,2/23/2026
243,2/24/2026
244,2/25/2026
245,2/26/2026
246,2/27/2026
247,2/28/2026
204,3/1/2026
205,3/2/2026
206,3/3/2026
207,3/4/2026
208,3/5/2026
209,3/6/2026
210,3/7/2026
219,3/8/2026
220,3/9/2026
221,3/10/2026
222,3/11/2026
223,3/12/2026
224,3/13/2026
225,3/14/2026
234,3/15/2026
235,3/16/2026
236,3/17/2026
237,3/18/2026
238,3/19/2026
239,3/20/2026
240,3/21/2026
249,3/22/2026
250,3/23/2026
251,3/24/2026
252,3/25/2026
253,3/26/2026
254,3/27/2026
255,3/28/2026
264,3/29/2026
265,3/30/2026
266,3/31/2026
289,4/1/2026
290,4/2/2026
291,4/3/2026
292,4/4/2026
301,4/5/2026
302,4/6/2026
303,4/7/2026
304,4/8/2026
305,4/9/2026
306,4/10/2026
307,4/11/2026
316,4/12/2026
317,4/13/2026
318,4/14/2026
319,4/15/2026
320,4/16/2026
