Voter,P1,P2,P3,P4,P5
David Aldridge,Shai Gilgeous-Alexander,Nikola Jokic,Jayson Tatum,Giannis Antetokounmpo,Donovan Mitchell
Sam Amick,Shai Gilgeous-Alexander,Nikola Jokic,Giannis Antetokounmpo,Jayson Tatum,Donovan Mitchell
Jason Anderson,Shai Gilgeous-Alexander,Nikola Jokic,Giannis Antetokounmpo,Jayson Tatum,Donovan Mitchell
Greg Anthony,Shai Gilgeous-Alexander,Nikola Jokic,Giannis Antetokounmpo,Donovan Mitchell,Jayson Tatum
Steve Aschburner,Shai Gilgeous-Alexander,Nikola Jokic,Giannis Antetokounmpo,Jayson Tatum,Donovan Mitchell
Maxime Aubin,Nikola Jokic,Shai Gilgeous-Alexander,Giannis Antetokounmpo,Jayson Tatum,LeBron James
Howard Beck,Shai Gilgeous-Alexander,Nikola Jokic,Giannis Antetokounmpo,Jayson Tatum,Donovan Mitchell
Jason Beede,Shai Gilgeous-Alexander,Nikola Jokic,Giannis Antetokounmpo,Jayson Tatum,Donovan Mitchell
Tim Bontemps,Shai Gilgeous-Alexander,Nikola Jokic,Giannis Antetokounmpo,Jayson Tatum,Jalen Brunson
Rod Boone,Shai Gilgeous-Alexander,Nikola Jokic,Giannis Antetokounmpo,Jayson Tatum,Anthony Edwards
Chris Broussard,Shai Gilgeous-Alexander,Nikola Jokic,Giannis Antetokounmpo,Jayson Tatum,Cade Cunningham
Ric Bucher,Nikola Jokic,Shai Gilgeous-Alexander,Giannis Antetokounmpo,Jayson Tatum,Cade Cunningham
Jovan Buha,Nikola Jokic,Shai Gilgeous-Alexander,Giannis Antetokounmpo,Jayson Tatum,LeBron James
Miguel Candeias,Nikola Jokic,Shai Gilgeous-Alexander,Giannis Antetokounmpo,Jayson Tatum,Donovan Mitchell
Anthony Chiang,Nikola Jokic,Shai Gilgeous-Alexander,Giannis Antetokounmpo,Jayson Tatum,Donovan Mitchell
Damichael Cole,Shai Gilgeous-Alexander,Nikola Jokic,Giannis Antetokounmpo,Jayson Tatum,Cade Cunningham
Mike Curtis,Shai Gilgeous-Alexander,Nikola Jokic,Giannis Antetokounmpo,Jayson Tatum,Donovan Mitchell
Antoni Daimiel,Shai Gilgeous-Alexander,Nikola Jokic,Giannis Antetokounmpo,Jayson Tatum,Donovan Mitchell
Claire de Lune,Shai Gilgeous-Alexander,Nikola Jokic,Giannis Antetokounmpo,Jayson Tatum,LeBron James
Dan Devine,Shai Gilgeous-Alexander,Nikola Jokic,Giannis Antetokounmpo,Jayson Tatum,Donovan Mitchell
Bennett Durando,Nikola Jokic,Shai Gilgeous-Alexander,Giannis Antetokounmpo,Jayson Tatum,Donovan Mitchell
Chris Fedor,Nikola Jokic,Shai Gilgeous-Alexander,Jayson Tatum,Giannis Antetokounmpo,Donovan Mitchell
Aaron Fentress,Shai Gilgeous-Alexander,Nikola Jokic,Jayson Tatum,Giannis Antetokounmpo,Donovan Mitchell
Brian Geltzeiler,Shai Gilgeous-Alexander,Nikola Jokic,Jayson Tatum,Giannis Antetokounmpo,Donovan Mitchell
Katie George,Shai Gilgeous-Alexander,Nikola Jokic,Giannis Antetokounmpo,Jayson Tatum,Donovan Mitchell
Vince Goodwill,Shai Gilgeous-Alexander,Nikola Jokic,Giannis Antetokounmpo,Jayson Tatum,Donovan Mitchell
Michael Grange,Shai Gilgeous-Alexander,Nikola Jokic,Giannis Antetokounmpo,Jayson Tatum,Donovan Mitchell
Jared Greenberg,Nikola Jokic,Shai Gilgeous-Alexander,Giannis Antetokounmpo,Jayson Tatum,Donovan Mitchell
Will Guillory,Shai Gilgeous-Alexander,Nikola Jokic,Giannis Antetokounmpo,Jayson Tatum,Donovan Mitchell
Zach Harper,Shai Gilgeous-Alexander,Nikola Jokic,Giannis Antetokounmpo,Jayson Tatum,Donovan Mitchell
Kurt Helin,Shai Gilgeous-Alexander,Nikola Jokic,Giannis Antetokounmpo,Jayson Tatum,LeBron James
James Herbert,Nikola Jokic,Shai Gilgeous-Alexander,Giannis Antetokounmpo,Jayson Tatum,Stephen Curry
Kyle Hightower,Nikola Jokic,Shai Gilgeous-Alexander,Jayson Tatum,Giannis Antetokounmpo,Donovan Mitchell
Adam Himmelsbach,Nikola Jokic,Shai Gilgeous-Alexander,Giannis Antetokounmpo,Jayson Tatum,LeBron James
Kelly Iko,Shai Gilgeous-Alexander,Nikola Jokic,Giannis Antetokounmpo,Jayson Tatum,Donovan Mitchell
Frank Isola,Nikola Jokic,Shai Gilgeous-Alexander,Giannis Antetokounmpo,Jayson Tatum,Donovan Mitchell
Richard Jefferson,Shai Gilgeous-Alexander,Nikola Jokic,Giannis Antetokounmpo,Jayson Tatum,Donovan Mitchell
Ernie Johnson,Shai Gilgeous-Alexander,Nikola Jokic,Giannis Antetokounmpo,Jayson Tatum,Donovan Mitchell
Fred Katz,Shai Gilgeous-Alexander,Nikola Jokic,Giannis Antetokounmpo,Jayson Tatum,Anthony Edwards
Marc Kestecher,Shai Gilgeous-Alexander,Nikola Jokic,Giannis Antetokounmpo,Jayson Tatum,Donovan Mitchell
Eric Koreen,Nikola Jokic,Shai Gilgeous-Alexander,Giannis Antetokounmpo,Jayson Tatum,Donovan Mitchell
Andy Larsen,Nikola Jokic,Shai Gilgeous-Alexander,Giannis Antetokounmpo,Jayson Tatum,Donovan Mitchell
Adam Lefkoe,Shai Gilgeous-Alexander,Nikola Jokic,Giannis Antetokounmpo,Jayson Tatum,Cade Cunningham
Tim Legler,Nikola Jokic,Shai Gilgeous-Alexander,Giannis Antetokounmpo,Jayson Tatum,Donovan Mitchell
Brian Lewis,Shai Gilgeous-Alexander,Nikola Jokic,Giannis Antetokounmpo,Jayson Tatum,LeBron James
Rob Mahoney,Nikola Jokic,Shai Gilgeous-Alexander,Giannis Antetokounmpo,Jayson Tatum,Donovan Mitchell
Chris Mannix,Shai Gilgeous-Alexander,Nikola Jokic,Giannis Antetokounmpo,Jayson Tatum,LeBron James
Sebastian Martinez-Christensen,Nikola Jokic,Shai Gilgeous-Alexander,Giannis Antetokounmpo,Cade Cunningham,Jayson Tatum
Jeff McDonald,Nikola Jokic,Shai Gilgeous-Alexander,Giannis Antetokounmpo,Jayson Tatum,Donovan Mitchell
Steve McGehee,Shai Gilgeous-Alexander,Nikola Jokic,Giannis Antetokounmpo,Anthony Edwards,Stephen Curry
Dave McMenamin,Shai Gilgeous-Alexander,Nikola Jokic,Giannis Antetokounmpo,Jayson Tatum,LeBron James
Chao Meng,Shai Gilgeous-Alexander,Nikola Jokic,Giannis Antetokounmpo,Jayson Tatum,Donovan Mitchell
Chris Miles,Shai Gilgeous-Alexander,Nikola Jokic,Giannis Antetokounmpo,Jayson Tatum,Donovan Mitchell
Yoko Miyaji,Shai Gilgeous-Alexander,Nikola Jokic,Giannis Antetokounmpo,Jayson Tatum,Donovan Mitchell
Yoav Modai,Shai Gilgeous-Alexander,Nikola Jokic,Giannis Antetokounmpo,Jayson Tatum,LeBron James
Law Murray,Shai Gilgeous-Alexander,Nikola Jokic,Jayson Tatum,Donovan Mitchell,Giannis Antetokounmpo
Eric Nehm,Shai Gilgeous-Alexander,Nikola Jokic,Giannis Antetokounmpo,Jayson Tatum,Anthony Edwards
Rachel Nichols,Shai Gilgeous-Alexander,Nikola Jokic,Jayson Tatum,Giannis Antetokounmpo,Donovan Mitchell
Kevin O'Connor,Shai Gilgeous-Alexander,Nikola Jokic,Giannis Antetokounmpo,Jayson Tatum,LeBron James
Candace Parker,Shai Gilgeous-Alexander,Nikola Jokic,Giannis Antetokounmpo,Jayson Tatum,Donovan Mitchell
Dave Pasch,Shai Gilgeous-Alexander,Nikola Jokic,Giannis Antetokounmpo,Jayson Tatum,Donovan Mitchell
Kevin Pelton,Shai Gilgeous-Alexander,Nikola Jokic,Giannis Antetokounmpo,Jayson Tatum,Donovan Mitchell
Kendrick Perkins,Shai Gilgeous-Alexander,Nikola Jokic,Giannis Antetokounmpo,Jayson Tatum,Cade Cunningham
Michael Pina,Nikola Jokic,Shai Gilgeous-Alexander,Giannis Antetokounmpo,Jayson Tatum,Cade Cunningham
Julia Poe,Nikola Jokic,Shai Gilgeous-Alexander,Giannis Antetokounmpo,Jayson Tatum,Donovan Mitchell
Keith Pompey,Shai Gilgeous-Alexander,Nikola Jokic,Giannis Antetokounmpo,Jayson Tatum,Donovan Mitchell
Steve Popper,Nikola Jokic,Shai Gilgeous-Alexander,Giannis Antetokounmpo,Jayson Tatum,Donovan Mitchell
Shaun Powell,Shai Gilgeous-Alexander,Nikola Jokic,Giannis Antetokounmpo,Jayson Tatum,Donovan Mitchell
Duane Rankin,Shai Gilgeous-Alexander,Nikola Jokic,Giannis Antetokounmpo,Jayson Tatum,Anthony Edwards
Stephanie Ready,Shai Gilgeous-Alexander,Nikola Jokic,Giannis Antetokounmpo,Donovan Mitchell,Jayson Tatum
Bill Reiter,Nikola Jokic,Shai Gilgeous-Alexander,Giannis Antetokounmpo,Jayson Tatum,LeBron James
Remi Reverchon,Shai Gilgeous-Alexander,Nikola Jokic,Giannis Antetokounmpo,Jayson Tatum,Cade Cunningham
Tim Reynolds,Shai Gilgeous-Alexander,Nikola Jokic,Giannis Antetokounmpo,Jayson Tatum,LeBron James
Aurelia Rieke,Nikola Jokic,Shai Gilgeous-Alexander,Giannis Antetokounmpo,Jayson Tatum,Donovan Mitchell
Josh Robbins,Shai Gilgeous-Alexander,Nikola Jokic,Giannis Antetokounmpo,Jayson Tatum,Donovan Mitchell
Melissa Rohlin,Shai Gilgeous-Alexander,Nikola Jokic,Jayson Tatum,LeBron James,Giannis Antetokounmpo
Taylor Rooks,Shai Gilgeous-Alexander,Nikola Jokic,Giannis Antetokounmpo,Jayson Tatum,Donovan Mitchell
Ryen Russillo,Nikola Jokic,Shai Gilgeous-Alexander,Giannis Antetokounmpo,Jayson Tatum,Anthony Edwards
Simone Sandri,Shai Gilgeous-Alexander,Nikola Jokic,Giannis Antetokounmpo,Jayson Tatum,Donovan Mitchell
Omari Sankofa II,Nikola Jokic,Shai Gilgeous-Alexander,Giannis Antetokounmpo,Jayson Tatum,Cade Cunningham
John Schuhmann,Shai Gilgeous-Alexander,Nikola Jokic,Giannis Antetokounmpo,Jayson Tatum,Evan Mobley
Dennis Scott,Shai Gilgeous-Alexander,Nikola Jokic,Giannis Antetokounmpo,Jayson Tatum,Donovan Mitchell
Jorge Sedano,Shai Gilgeous-Alexander,Nikola Jokic,Giannis Antetokounmpo,Jayson Tatum,Donovan Mitchell
Ramona Shelburne,Shai Gilgeous-Alexander,Nikola Jokic,Jayson Tatum,Giannis Antetokounmpo,James Harden
Bill Simmons,Nikola Jokic,Shai Gilgeous-Alexander,Giannis Antetokounmpo,Jayson Tatum,Donovan Mitchell
Anthony Slater,Shai Gilgeous-Alexander,Nikola Jokic,Giannis Antetokounmpo,Jayson Tatum,Anthony Edwards
Doug Smith,Shai Gilgeous-Alexander,Nikola Jokic,Giannis Antetokounmpo,Jayson Tatum,Donovan Mitchell
Stephen A. Smith,Shai Gilgeous-Alexander,Nikola Jokic,Giannis Antetokounmpo,Jayson Tatum,Donovan Mitchell
Steve Smith,Shai Gilgeous-Alexander,Nikola Jokic,Jayson Tatum,Giannis Antetokounmpo,Donovan Mitchell
Justin Termine,Nikola Jokic,Shai Gilgeous-Alexander,Giannis Antetokounmpo,Jayson Tatum,Donovan Mitchell
Flavio Tranquillo,Shai Gilgeous-Alexander,Nikola Jokic,Donovan Mitchell,Jayson Tatum,Giannis Antetokounmpo
Stan Van Gundy,Nikola Jokic,Shai Gilgeous-Alexander,Giannis Antetokounmpo,Anthony Edwards,Jayson Tatum
Joe Vardon,Shai Gilgeous-Alexander,Nikola Jokic,Giannis Antetokounmpo,Jayson Tatum,LeBron James
Gary Washburn,Shai Gilgeous-Alexander,Nikola Jokic,Giannis Antetokounmpo,Jayson Tatum,Cade Cunningham
Michael Wilbon,Shai Gilgeous-Alexander,Nikola Jokic,Jayson Tatum,Giannis Antetokounmpo,Donovan Mitchell
Brian Windhorst,Shai Gilgeous-Alexander,Nikola Jokic,Giannis Antetokounmpo,Jayson Tatum,Donovan Mitchell
Matt Winer,Shai Gilgeous-Alexander,Nikola Jokic,Giannis Antetokounmpo,Jayson Tatum,Donovan Mitchell
Michael C. Wright,Nikola Jokic,Shai Gilgeous-Alexander,Giannis Antetokounmpo,Jayson Tatum,Donovan Mitchell
Ohm Youngmisuk,Shai Gilgeous-Alexander,Nikola Jokic,Giannis Antetokounmpo,Jayson Tatum,Donovan Mitchell
Jeff Zillgitt,Shai Gilgeous-Alexander,Nikola Jokic,Giannis Antetokounmpo,Jayson Tatum,Donovan Mitchell
