Date,Game,League
10/9/2025,aCOL,NHL
10/11/2025,aNAS,NHL
10/13/2025,aCHI,NHL
10/15/2025,CAL,NHL
10/17/2025,SJS,NHL
10/19/2025,BOS,NHL
10/21/2025,COL,NHL
10/23/2025,aSTL,NHL
10/25/2025,aMIN,NHL
10/26/2025,aWPG,NHL
10/28/2025,aEDM,NHL
11/2/2025,TBL,NHL
11/4/2025,aBUF,NHL
11/5/2025,aTOR,NHL
11/8/2025,aMTL,NHL
11/9/2025,aOTT,NHL
11/12/2025,BUF,NHL
11/14/2025,NYI,NHL
11/17/2025,aANA,NHL
11/18/2025,aSJS,NHL
11/20/2025,VGK,NHL
11/22/2025,NYR,NHL
11/24/2025,VGK,NHL
11/26/2025,MTL,NHL
11/28/2025,aDAL,NHL
11/29/2025,aSTL,NHL
12/1/2025,aSJS,NHL
12/3/2025,aANA,NHL
12/5/2025,aVAN,NHL
12/6/2025,aCAL,NHL
12/8/2025,LAK,NHL
12/10/2025,FLA,NHL
12/12/2025,SEA,NHL
12/14/2025,aPIT,NHL
12/16/2025,aBOS,NHL
12/17/2025,aDET,NHL
12/19/2025,NJD,NHL
12/21/2025,WIN,NHL
12/23/2025,aCOL,NHL
12/29/2025,NAS,NHL
1/1/2026,aNYI,NHL
1/3/2026,aNJD,NHL
1/5/2026,aNYR,NHL
1/7/2026,OTT,NHL
1/9/2026,STL,NHL
1/11/2026,CBJ,NHL
1/13/2026,TOR,NHL
1/15/2026,DAL,NHL
1/17/2026,SEA,NHL
1/21/2026,PHI,NHL
1/24/2026,aNAS,NHL
1/26/2026,aTBL,NHL
1/27/2026,aFLA,NHL
1/29/2026,aCAR,NHL
1/31/2026,DAL,NHL
2/2/2026,VAN,NHL
2/4/2026,DET,NHL
2/25/2026,COL,NHL
2/27/2026,MIN,NHL
3/1/2026,CHI,NHL
3/3/2026,aWAS,NHL
3/5/2026,aPHI,NHL
3/7/2026,aCBJ,NHL
3/9/2026,aCHI,NHL
3/10/2026,aMIN,NHL
3/12/2026,CHI,NHL
3/14/2026,PIT,NHL
3/16/2026,aDAL,NHL
3/19/2026,aVGK,NHL
3/20/2026,ANA,NHL
3/22/2026,LAK,NHL
3/24/2026,EDM,NHL
3/26/2026,WAS,NHL
3/28/2026,aLAK,NHL
4/2/2026,aSEA,NHL
4/4/2026,aVAN,NHL
4/7/2026,EDM,NHL
4/9/2026,NAS,NHL
4/11/2026,CAR,NHL
4/12/2026,aCAL,NHL
4/14/2026,WIN,NHL
4/16/2026,STL,NHL
2/5/2026,aATL,NBA
12/4/2025,aBKN,NBA
11/3/2025,aBOS,NBA
11/2/2025,aCHA,NBA
1/14/2026,aCHI,NBA
1/12/2026,aCLE,NBA
1/15/2026,aDAL,NBA
1/17/2026,aDAL,NBA
12/22/2025,aDEN,NBA
3/27/2026,aDEN,NBA
11/5/2025,aDET,NBA
11/24/2025,aGSW,NBA
1/3/2026,aGSW,NBA
2/23/2026,aHOU,NBA
4/3/2026,aHOU,NBA
2/3/2026,aIND,NBA
1/1/2026,aLAC,NBA
11/18/2025,aLAL,NBA
4/12/2026,aLAL,NBA
2/20/2026,aMEM,NBA
2/9/2026,aMIA,NBA
3/7/2026,aMIL,NBA
11/7/2025,aMIN,NBA
3/18/2026,aMIN,NBA
4/7/2026,aNOP,NBA
12/5/2025,aNYK,NBA
1/7/2026,aOKC,NBA
4/5/2026,aOKC,NBA
2/7/2026,aORL,NBA
3/4/2026,aPHI,NBA
10/31/2025,aPHX,NBA
3/28/2026,aPHX,NBA
1/5/2026,aPOR,NBA
3/13/2026,aPOR,NBA
10/24/2025,aSAC,NBA
3/15/2026,aSAC,NBA
12/27/2025,aSAS,NBA
1/19/2026,aSAS,NBA
12/12/2025,aTBD,NBA
11/13/2025,ATL,NBA
2/1/2026,aTOR,NBA
3/5/2026,aWAS,NBA
1/30/2026,BKN,NBA
12/30/2025,BOS,NBA
1/10/2026,CHA,NBA
11/16/2025,CHI,NBA
3/30/2026,CLE,NBA
1/8/2026,DAL,NBA
3/2/2026,DEN,NBA
4/1/2026,DEN,NBA
12/26/2025,DET,NBA
1/28/2026,GSW,NBA
3/9/2026,GSW,NBA
11/30/2025,HOU,NBA
12/1/2025,HOU,NBA
11/11/2025,IND,NBA
10/22/2025,LAC,NBA
1/27/2026,LAC,NBA
11/23/2025,LAL,NBA
12/18/2025,LAL,NBA
12/23/2025,MEM,NBA
4/10/2026,MEM,NBA
1/24/2026,MIA,NBA
3/19/2026,MIL,NBA
11/10/2025,MIN,NBA
1/20/2026,MIN,NBA
2/26/2026,NOP,NBA
2/28/2026,NOP,NBA
3/11/2026,NYK,NBA
11/21/2025,OKC,NBA
12/7/2025,OKC,NBA
12/20/2025,ORL,NBA
3/21/2026,PHI,NBA
10/27/2025,PHX,NBA
10/29/2025,POR,NBA
2/12/2026,POR,NBA
11/28/2025,SAC,NBA
2/11/2026,SAC,NBA
1/22/2026,SAS,NBA
12/14/2025,TBD,NBA
3/23/2026,TOR,NBA
3/25/2026,WAS,NBA
