Date,Game,League,,,,,,,
10/1/2026,CHI,NHL,,,,,,,
10/3/2026,aCBJ,NHL,,,,,,,
10/4/2026,aNYR,NHL,,,,,,,
10/6/2026,aNJD,NHL,,,,,,,
10/8/2026,aBOS,NHL,,,,,,,
10/10/2026,aBUF,NHL,,,,,,,
10/13/2026,TOR,NHL,,,,,,,
10/15/2026,aEDM,NHL,,,,,,,
10/17/2026,EDM,NHL,,,,,,,
10/19/2026,PIT,NHL,,,,,,,
10/22/2026,aSEA,NHL,,,,,,,
10/24/2026,TBL,NHL,,,,,,,
10/27/2026,MIN,NHL,,,,,,,
10/29/2026,aPIT,NHL,,,,,,,
11/1/2026,aPHI,NHL,,,,,,,
11/3/2026,aTOR,NHL,,,,,,,
11/5/2026,aMTL,NHL,,,,,,,
11/7/2026,aOTT,NHL,,,,,,,
11/11/2026,aVGK,NHL,,,,,,,
11/12/2026,STL,NHL,,,,,,,
11/14/2026,SJS,NHL,,,,,,,
11/16/2026,VAN,NHL,,,,,,,
11/18/2026,COL,NHL,,,,,,,
11/21/2026,ANA,NHL,,,,,,,
11/23/2026,aWIN,NHL,,,,,,,
11/25/2026,aMIN,NHL,,,,,,,
11/27/2026,aNAS,NHL,,,,,,,
11/28/2026,aDAL,NHL,,,,,,,
11/30/2026,MTL,NHL,,,,,,,
12/2/2026,WIN,NHL,,,,,,,
12/3/2026,aVGK,NHL,,,,,,,
12/5/2026,aLAK,NHL,,,,,,,
12/10/2026,STL,NHL,,,,,,,
12/12/2026,aCHI,NHL,,,,,,,
12/14/2026,aCOL,NHL,,,,,,,
12/15/2026,NYI,NHL,,,,,,,
12/17/2026,CAR,NHL,,,,,,,
12/19/2026,aEDM,NHL,,,,,,,
12/21/2026,aVAN,NHL,,,,,,,
12/26/2026,aLAK,NHL,,,,,,,
12/29/2026,NJD,NHL,,,,,,,
12/31/2026,COL,NHL,,,,,,,
1/2/2027,VAN,NHL,,,,,,,
1/5/2027,OTT,NHL,,,,,,,
1/7/2027,aDET,NHL,,,,,,,
1/9/2027,aWIN,NHL,,,,,,,
1/12/2027,aCHI,NHL,,,,,,,
1/13/2027,DET,NHL,,,,,,,
1/15/2027,LAK,NHL,,,,,,,
1/18/2027,aSJS,NHL,,,,,,,
1/23/2027,BOS,NHL,,,,,,,
1/25/2027,MIN,NHL,,,,,,,
1/27/2027,BUF,NHL,,,,,,,
1/29/2027,WAS,NHL,,,,,,,
1/31/2027,NAS,NHL,,,,,,,
2/2/2027,NAS,NHL,,,,,,,
2/3/2027,aCAL,NHL,,,,,,,
2/12/2027,CAL,NHL,,,,,,,
2/14/2027,aWAS,NHL,,,,,,,
2/15/2027,aNYI,NHL,,,,,,,
2/17/2027,CBJ,NHL,,,,,,,
2/19/2027,SEA,NHL,,,,,,,
2/21/2027,aSTL,NHL,,,,,,,
2/24/2027,CAL,NHL,,,,,,,
2/26/2027,FLA,NHL,,,,,,,
2/28/2027,aTBL,NHL,,,,,,,
3/2/2027,aFLA,NHL,,,,,,,
3/4/2027,aNAS,NHL,,,,,,,
3/7/2027,aCAR,NHL,,,,,,,
3/9/2027,NYR,NHL,,,,,,,
3/13/2027,PHI,NHL,,,,,,,
3/15/2027,DAL,NHL,,,,,,,
3/18/2027,aANA,NHL,,,,,,,
3/19/2027,CHI,NHL,,,,,,,
3/21/2027,aMIN,NHL,,,,,,,
3/23/2027,aCOL,NHL,,,,,,,
3/26/2027,SJS,NHL,,,,,,,
3/30/2027,aSEA,NHL,,,,,,,
4/1/2027,ANA,NHL,,,,,,,
4/3/2027,VGK,NHL,,,,,,,
4/5/2027,WIN,NHL,,,,,,,
4/7/2027,DAL,NHL,,,,,,,
4/9/2027,aDAL,NHL,,,,,,,
4/10/2027,aSTL,NHL,,,,,,,
2/5/2027,aATL,NBA,,,,,,,
12/4/2026,aBKN,NBA,,,,,,,
11/3/2026,aBOS,NBA,,,,,,,
11/2/2026,aCHA,NBA,,,,,,,
1/14/2027,aCHI,NBA,,,,,,,
1/12/2027,aCLE,NBA,,,,,,,
1/15/2027,aDAL,NBA,,,,,,,
1/17/2027,aDAL,NBA,,,,,,,
12/22/2026,aDEN,NBA,,,,,,,
3/27/2027,aDEN,NBA,,,,,,,
11/5/2026,aDET,NBA,,,,,,,
11/24/2026,aGSW,NBA,,,,,,,
1/3/2027,aGSW,NBA,,,,,,,
2/23/2027,aHOU,NBA,,,,,,,
4/3/2027,aHOU,NBA,,,,,,,
2/3/2027,aIND,NBA,,,,,,,
1/1/2027,aLAC,NBA,,,,,,,
11/18/2026,aLAL,NBA,,,,,,,
4/11/2027,aLAL,NBA,,,,,,,
2/20/2027,aMEM,NBA,,,,,,,
2/9/2027,aMIA,NBA,,,,,,,
3/7/2027,aMIL,NBA,,,,,,,
11/7/2026,aMIN,NBA,,,,,,,
3/18/2027,aMIN,NBA,,,,,,,
4/7/2027,aNOP,NBA,,,,,,,
12/5/2026,aNYK,NBA,,,,,,,
1/7/2027,aOKC,NBA,,,,,,,
4/5/2027,aOKC,NBA,,,,,,,
2/7/2027,aORL,NBA,,,,,,,
3/4/2027,aPHI,NBA,,,,,,,
10/31/2026,aPHX,NBA,,,,,,,
3/28/2027,aPHX,NBA,,,,,,,
1/5/2027,aPOR,NBA,,,,,,,
3/13/2027,aPOR,NBA,,,,,,,
10/24/2026,aSAC,NBA,,,,,,,
3/15/2027,aSAC,NBA,,,,,,,
12/27/2026,aSAS,NBA,,,,,,,
1/19/2027,aSAS,NBA,,,,,,,
12/12/2026,aTBD,NBA,,,,,,,
11/13/2026,ATL,NBA,,,,,,,
2/1/2027,aTOR,NBA,,,,,,,
3/5/2027,aWAS,NBA,,,,,,,
1/30/2027,BKN,NBA,,,,,,,
12/30/2026,BOS,NBA,,,,,,,
1/10/2027,CHA,NBA,,,,,,,
11/16/2026,CHI,NBA,,,,,,,
3/30/2027,CLE,NBA,,,,,,,
1/8/2027,DAL,NBA,,,,,,,
3/2/2027,DEN,NBA,,,,,,,
4/1/2027,DEN,NBA,,,,,,,
12/26/2026,DET,NBA,,,,,,,
1/28/2027,GSW,NBA,,,,,,,
3/9/2027,GSW,NBA,,,,,,,
11/30/2026,HOU,NBA,,,,,,,
12/1/2026,HOU,NBA,,,,,,,
11/11/2026,IND,NBA,,,,,,,
10/22/2026,LAC,NBA,,,,,,,
1/27/2027,LAC,NBA,,,,,,,
11/23/2026,LAL,NBA,,,,,,,
12/18/2026,LAL,NBA,,,,,,,
12/23/2026,MEM,NBA,,,,,,,
4/10/2027,MEM,NBA,,,,,,,
1/31/2027,MIA,NBA,,,,,,,
3/19/2027,MIL,NBA,,,,,,,
11/10/2026,MIN,NBA,,,,,,,
1/20/2027,MIN,NBA,,,,,,,
2/26/2027,NOP,NBA,,,,,,,
2/28/2027,NOP,NBA,,,,,,,
3/11/2027,NYK,NBA,,,,,,,
11/21/2026,OKC,NBA,,,,,,,
12/7/2026,OKC,NBA,,,,,,,
12/20/2026,ORL,NBA,,,,,,,
3/21/2027,PHI,NBA,,,,,,,
10/27/2026,PHX,NBA,,,,,,,
10/29/2026,POR,NBA,,,,,,,
2/12/2027,POR,NBA,,,,,,,
11/28/2026,SAC,NBA,,,,,,,
2/11/2027,SAC,NBA,,,,,,,
1/22/2027,SAS,NBA,,,,,,,
12/14/2026,TBD,NBA,,,,,,,
3/23/2027,TOR,NBA,,,,,,,
3/25/2027,WAS,NBA,,,,,,,
