"Player","Team","ATT","YDS","TDS","REC","YDS","TDS","FL","FPTS"
" ","","",""
"Jahmyr Gibbs","DET","274.7","1381.5","13.8","71.3","581.0","4.1","1.1","372.9"
"","high","283.1","1422.0","15.0","74.0","625.0","5.0","1.0","402.7"
"","low","262.0","1350.0","12.0","67.8","545.9","3.4","1.3","368.3"
"Bijan Robinson","ATL","289.5","1426.5","9.5","79.3","735.9","3.5","1.8","369.5"
"","high","302.0","1505.0","11.0","84.0","793.0","4.0","1.6","404.2"
"","low","280.0","1372.4","8.4","75.8","707.0","3.0","2.0","356.3"
"Christian McCaffrey","SF","269.4","1093.6","8.7","78.4","694.0","4.6","1.1","334.8"
"","high","279.0","1144.0","9.2","82.0","715.0","5.0","1.0","383.3"
"","low","255.0","1006.0","8.0","74.0","683.0","4.0","1.2","307.4"
"Jonathan Taylor","IND","326.6","1504.6","12.9","42.9","341.5","1.5","1.7","310.1"
"","high","356.0","1578.0","15.0","50.7","390.4","2.0","1.5","316.9"
"","low","299.0","1436.0","11.6","36.0","289.0","1.0","2.0","308.7"
"De'Von Achane","MIA","238.3","1199.8","6.0","65.3","491.1","4.0","1.0","292.4"
"","high","258.0","1308.5","7.0","75.0","551.0","6.0","1.0","304.5"
"","low","228.0","1130.0","5.0","56.0","411.0","3.0","1.0","292.3"
"Chase Brown","CIN","238.5","1036.8","7.8","63.8","427.6","4.0","1.1","278.5"
"","high","242.0","1066.0","9.0","72.0","471.0","5.0","1.0","301.6"
"","low","235.0","1006.0","7.0","55.0","377.0","2.9","1.2","271.6"
"Ashton Jeanty","LV","281.0","1105.2","8.0","58.7","414.6","3.3","1.1","276.7"
"","high","293.0","1137.0","10.0","65.2","495.8","6.0","1.0","295.0"
"","low","271.0","1051.0","7.0","55.0","342.0","2.0","1.2","274.4"
"Derrick Henry","BAL","314.0","1568.8","13.4","18.1","175.1","0.7","1.7","273.7"
"","high","321.0","1651.0","15.0","21.4","210.4","1.2","1.5","277.1"
"","low","304.0","1483.5","12.0","16.0","144.0","0.0","2.0","269.7"
"James Cook III","BUF","287.7","1405.1","10.3","33.3","283.7","1.9","2.4","270.6"
"","high","300.0","1437.0","11.0","35.9","302.1","2.0","1.8","292.5"
"","low","275.0","1377.0","9.0","32.0","274.0","1.6","3.0","247.3"
"Saquon Barkley","PHI","295.8","1299.1","8.2","41.7","330.4","2.1","1.0","264.7"
"","high","306.0","1376.0","9.0","43.2","371.1","2.3","1.0","283.0"
"","low","281.0","1236.0","7.0","40.0","307.0","2.0","1.0","244.7"
"Kenneth Walker III","KC","262.5","1191.4","8.7","45.8","353.1","1.2","0.9","258.0"
"","high","276.6","1239.2","9.1","48.3","376.4","2.0","0.9","282.7"
"","low","249.0","1158.0","8.0","42.0","322.0","0.0","1.0","227.8"
"Jeremiyah Love","ARI","237.2","1068.9","7.2","54.7","423.1","2.1","2.2","255.4"
"","high","254.6","1127.8","8.0","65.2","488.4","2.2","1.3","286.6"
"","low","211.0","997.0","6.7","43.0","364.0","2.0","3.0","227.7"
"Omarion Hampton","LAC","243.7","1035.1","9.5","50.2","342.8","1.9","1.0","254.2"
"","high","257.0","1129.0","10.0","52.0","366.0","2.0","1.0","291.7"
"","low","220.0","892.0","9.0","47.0","299.0","1.8","1.1","222.2"
"Josh Jacobs","GB","273.9","1101.6","11.7","35.3","280.0","1.2","1.3","248.6"
"","high","282.0","1155.0","13.0","36.0","283.0","1.6","1.0","262.0"
"","low","262.0","1006.0","10.0","35.0","277.0","1.0","1.5","228.3"
"Breece Hall","NYJ","249.0","1113.2","6.2","46.4","404.6","2.3","1.7","245.4"
"","high","265.1","1164.5","7.6","52.1","440.7","2.8","1.4","268.5"
"","low","224.0","1013.0","5.0","40.0","370.0","2.0","2.0","211.4"
"Kyren Williams","LAR","240.2","1118.4","10.1","33.8","239.6","2.2","1.5","240.2"
"","high","249.0","1171.0","10.2","34.0","250.0","3.0","1.1","264.4"
"","low","235.0","1071.2","10.0","33.4","223.9","1.6","2.0","226.8"
"Cam Skattebo","NYG","240.0","1000.1","8.1","44.0","350.0","2.5","1.6","239.2"
"","high","262.0","1048.0","9.0","46.0","366.0","4.0","1.2","268.4"
"","low","209.0","908.0","7.2","41.0","331.9","1.5","2.0","228.0"
"Javonte Williams","DAL","256.2","1160.0","10.4","33.0","192.0","1.2","1.6","234.1"
"","high","289.5","1266.1","11.1","36.9","218.1","1.5","1.2","255.4"
"","low","234.0","1088.0","10.0","29.0","141.0","1.0","2.0","202.0"
"Travis Etienne Jr.","NO","245.3","1040.0","5.4","44.8","353.4","3.0","1.0","232.6"
"","high","259.9","1130.1","6.1","46.0","381.3","5.0","1.0","249.7"
"","low","230.0","908.0","5.0","44.0","327.0","2.0","1.0","212.8"
"Bucky Irving","TB","256.1","1019.7","6.1","39.9","336.7","2.2","1.0","223.7"
"","high","263.0","1045.0","7.0","44.0","401.0","3.0","1.0","249.4"
"","low","244.2","991.2","5.3","36.8","294.1","1.7","1.0","210.2"
"D'Andre Swift","CHI","233.1","1053.4","8.0","35.1","303.5","1.0","1.0","223.4"
"","high","247.0","1117.0","9.0","39.0","325.0","1.1","1.0","239.1"
"","low","219.3","994.3","7.0","30.4","269.4","1.0","1.0","216.4"
"Quinshon Judkins","CLE","289.2","1105.3","8.1","31.3","218.8","0.6","0.9","214.1"
"","high","316.7","1245.0","10.0","32.0","230.0","1.0","0.7","225.8"
"","low","275.0","973.0","7.0","30.0","205.0","0.0","1.0","193.3"
"Bhayshul Tuten","JAC","239.4","979.6","8.2","29.2","222.1","2.1","2.2","207.3"
"","high","257.0","1055.0","11.0","38.0","288.0","3.0","1.4","236.5"
"","low","224.0","890.0","6.7","16.0","128.0","1.4","3.0","193.2"
"Jaylen Warren","PIT","188.0","826.8","5.2","42.4","321.7","1.8","0.9","197.2"
"","high","194.0","854.0","6.0","46.1","329.0","2.0","0.9","223.2"
"","low","180.1","791.4","4.5","40.0","316.0","1.5","1.0","185.4"
"David Montgomery","HOU","231.5","959.7","7.7","30.8","228.7","0.5","1.5","195.9"
"","high","263.0","1012.0","9.0","34.0","244.0","1.0","1.0","213.7"
"","low","214.6","932.0","7.0","27.0","211.0","0.0","2.0","185.8"
"TreVeyon Henderson","NE","187.1","858.9","6.9","36.0","249.1","1.1","0.8","193.3"
"","high","190.2","884.0","7.0","38.9","277.0","1.4","0.7","215.3"
"","low","182.0","836.7","6.7","33.0","202.0","1.0","1.0","175.0"
"Jadarian Price","SEA","215.5","913.2","8.0","26.0","220.1","1.1","2.0","189.6"
"","high","229.0","980.0","9.0","31.0","226.0","1.3","1.0","195.8"
"","low","195.0","837.0","7.0","20.0","212.4","1.0","3.0","184.0"
"Tony Pollard","TEN","236.2","1033.7","5.5","31.9","208.2","0.5","2.1","187.8"
"","high","242.0","1065.0","6.0","34.0","227.0","1.0","1.2","213.1"
"","low","227.0","992.0","5.0","29.7","182.6","0.0","3.0","164.9"
"Rhamondre Stevenson","NE","168.6","723.1","6.6","37.9","318.9","1.7","2.1","187.5"
"","high","173.7","740.3","7.0","42.6","349.6","2.1","1.2","200.6"
"","low","163.0","694.0","6.0","33.0","282.0","1.0","3.0","170.9"
"Rico Dowdle","PIT","200.0","869.8","5.8","31.8","222.3","1.0","1.0","180.2"
"","high","223.0","975.4","7.0","36.0","253.0","1.1","1.0","188.6"
"","low","186.0","801.0","5.0","29.3","203.0","1.0","1.0","168.8"
"Chuba Hubbard","CAR","186.5","761.6","5.0","36.1","256.0","1.8","0.9","176.5"
"","high","217.0","867.0","6.0","41.3","300.1","3.0","0.8","207.6"
"","low","166.0","708.7","3.9","33.0","210.0","1.0","1.0","158.1"
"J.K. Dobbins","DEN","219.6","1027.5","6.9","19.5","104.5","0.6","0.7","176.1"
"","high","248.0","1136.0","7.0","21.4","132.4","1.0","0.5","184.7"
"","low","204.8","958.4","6.6","16.0","77.0","0.0","1.0","166.5"
"Kenny Gainwell","TB","113.6","497.8","3.9","49.7","352.3","2.0","0.9","168.2"
"","high","123.0","533.0","4.6","60.0","440.0","2.0","0.8","175.4"
"","low","100.0","439.0","3.0","37.0","275.0","2.0","1.0","164.7"
"RJ Harvey","DEN","115.9","439.3","4.3","45.9","341.6","3.2","0.7","167.4"
"","high","149.0","529.0","6.0","48.7","366.9","4.0","0.4","189.8"
"","low","77.8","315.9","2.9","44.0","326.0","2.6","1.0","146.7"
"Rachaad White","WAS","140.3","619.0","5.4","36.5","251.3","1.6","0.8","163.6"
"","high","145.0","710.0","6.0","44.0","320.0","2.0","0.6","190.4"
"","low","135.0","567.9","5.0","25.0","167.0","1.0","1.0","146.5"
"Aaron Jones Sr.","MIN","149.9","638.1","3.1","40.7","300.7","1.7","1.0","161.1"
"","high","157.0","660.0","3.2","47.0","344.2","2.1","1.0","170.7"
"","low","143.0","602.0","3.0","37.0","268.0","1.0","1.0","145.7"
"Jonathon Brooks","CAR","179.7","743.2","5.1","27.9","211.6","1.1","1.5","157.6"
"","high","213.0","874.0","7.0","32.7","246.7","1.2","0.9","166.0"
"","low","133.0","546.0","4.0","24.0","189.0","1.0","2.0","144.9"
"Kyle Monangai","CHI","191.3","817.3","5.2","22.9","195.0","0.4","0.7","156.2"
"","high","206.0","852.0","6.5","25.7","215.0","1.3","0.4","173.4"
"","low","176.0","775.0","4.0","20.0","162.0","0.0","1.0","141.9"
"Jacory Croskey-Merritt","WAS","182.8","821.7","7.5","12.0","89.0","0.2","1.8","145.8"
"","high","196.3","859.0","8.0","16.1","119.0","0.7","1.5","155.5"
"","low","172.0","758.0","7.0","9.0","71.0","0.0","2.0","137.0"
"Jordan Mason","MIN","192.8","878.0","6.1","14.5","75.8","0.1","1.1","145.1"
"","high","195.0","904.0","7.0","18.0","83.4","0.3","1.0","151.6"
"","low","189.0","831.0","5.0","12.0","62.0","0.0","1.2","139.8"
"Blake Corum","LAR","167.6","801.5","6.4","11.9","80.4","0.2","0.7","138.6"
"","high","181.9","837.5","7.3","16.7","117.1","0.6","0.4","154.6"
"","low","159.0","745.0","6.0","6.0","35.0","0.0","1.0","119.9"
"Tyjae Spears","TEN","94.8","379.6","3.0","45.9","306.1","1.2","0.7","138.1"
"","high","105.5","446.7","4.0","50.0","336.4","1.6","0.5","150.8"
"","low","86.0","344.0","2.0","38.0","255.0","1.0","1.0","124.9"
"Alvin Kamara","NO","128.2","493.7","2.8","35.0","244.2","1.3","0.8","131.7"
"","high","146.0","549.0","4.0","36.0","262.0","2.0","0.7","142.3"
"","low","113.0","428.0","2.0","34.0","235.0","1.0","1.0","127.6"
"Woody Marks","HOU","142.7","555.8","2.7","24.1","197.4","1.8","0.8","124.4"
"","high","150.0","580.5","3.0","27.0","214.0","3.0","0.7","129.7"
"","low","135.0","527.0","2.0","21.0","177.0","1.0","1.0","115.1"
"Zach Charbonnet","SEA","130.5","533.0","5.6","19.8","147.0","0.5","0.7","123.1"
"","high","136.6","555.1","7.0","20.3","161.0","1.0","0.3","133.4"
"","low","127.0","507.0","3.0","19.0","135.0","0.0","1.0","107.8"
"Tyrone Tracy Jr.","NYG","119.7","506.8","2.5","27.3","210.8","1.2","0.8","120.0"
"","high","134.0","568.0","3.0","32.0","245.0","2.0","0.6","139.8"
"","low","111.2","472.4","1.6","19.9","146.3","0.7","1.0","102.0"
"Isiah Pacheco","DET","139.5","581.8","3.5","21.1","136.4","0.6","0.8","116.0"
"","high","148.5","639.3","4.5","26.0","156.0","1.0","0.5","127.4"
"","low","122.0","489.0","3.0","17.2","114.2","0.0","1.0","103.1"
"Justice Hill","BAL","56.4","273.7","2.2","32.7","283.4","1.8","0.2","112.1"
"","high","64.0","324.0","3.0","39.4","348.9","2.0","0.0","107.5"
"","low","48.8","223.4","1.4","26.0","218.0","1.7","0.4","99.7"
"Dylan Sampson","CLE","73.5","254.1","1.4","35.9","285.1","2.1","1.2","107.9"
"","high","105.0","289.0","2.0","40.0","332.0","3.0","0.4","130.0"
"","low","54.6","228.4","1.0","29.6","207.2","1.2","2.0","93.2"
"AJ Dillon","CAR","120.0","529.0","3.0","18.0","146.0","1.0","5.0","99.5"
"","high","120.0","529.0","3.0","18.0","146.0","1.0","5.0","84.0"
"","low","120.0","529.0","3.0","18.0","146.0","1.0","5.0","84.0"
"Ty Johnson","BUF","51.9","218.8","2.0","24.9","252.7","2.1","0.2","96.5"
"","high","53.0","225.0","2.1","29.0","280.0","3.0","0.0","111.6"
"","low","50.8","212.0","2.0","21.6","208.0","1.3","0.4","88.0"
"Braelon Allen","NYJ","111.8","449.0","4.5","13.9","100.8","0.7","1.7","96.5"
"","high","141.0","550.0","6.0","15.0","111.0","1.0","0.4","100.9"
"","low","82.6","348.1","2.9","12.7","90.5","0.4","3.0","77.8"
"Samaje Perine","CIN","98.5","441.8","3.7","17.9","135.7","0.4","1.9","96.1"
"","high","101.1","443.0","4.0","18.8","139.4","0.7","0.8","99.6"
"","low","96.0","440.6","3.4","17.0","132.0","0.0","3.0","76.9"
"Chris Rodriguez Jr.","JAC","135.5","560.8","5.1","5.4","42.8","0.1","0.6","95.6"
"","high","177.0","694.0","8.0","10.0","76.0","0.2","0.3","113.4"
"","low","100.5","432.3","3.4","2.0","23.0","0.0","1.0","72.7"
"Tyler Allgeier","ARI","111.7","424.8","4.2","17.1","108.4","0.2","0.6","95.2"
"","high","126.0","465.0","5.0","18.1","125.8","0.4","0.2","90.2"
"","low","97.4","384.7","3.3","16.0","91.0","0.0","1.0","87.1"
"Brian Robinson Jr.","ATL","129.8","564.2","4.3","6.9","43.1","0.1","0.7","93.0"
"","high","134.6","568.0","5.0","8.8","59.1","0.3","0.5","92.1"
"","low","125.0","560.4","3.7","5.0","27.0","0.0","1.0","84.9"
"Jordan James","SF","100.1","407.1","3.1","16.1","148.5","0.7","1.2","91.8"
"","high","125.0","493.0","4.0","24.0","234.0","1.0","0.3","98.1"
"","low","75.2","321.2","2.2","8.2","62.9","0.3","2.0","69.0"
"Keaton Mitchell","LAC","95.6","432.8","2.2","15.5","114.5","0.4","0.7","84.4"
"","high","108.0","473.0","2.4","20.1","157.0","0.8","0.5","89.4"
"","low","83.3","392.6","2.0","11.0","72.0","0.0","1.0","66.5"
"Mike Washington Jr.","LV","101.0","379.6","2.6","15.7","127.5","0.6","1.2","83.5"
"","high","114.0","397.0","3.0","23.0","195.0","1.0","0.4","79.7"
"","low","88.0","362.2","2.2","8.4","60.0","0.3","2.0","72.5"
"Emari Demercado","KC","76.8","427.0","1.7","16.4","119.7","0.8","1.7","82.7"
"","high","100.0","598.0","2.0","17.0","131.0","1.0","0.3","85.4"
"","low","53.7","255.9","1.4","15.7","108.3","0.6","3.0","64.4"
"Tank Bigsby","PHI","104.6","510.9","4.2","3.8","31.8","0.1","0.7","82.2"
"","high","126.0","649.0","5.0","4.0","35.0","0.1","0.4","88.8"
"","low","83.2","372.8","3.4","3.6","28.7","0.0","1.0","64.4"
"Kaelon Black","SF","93.7","369.8","3.0","8.5","79.2","0.6","1.1","72.9"
"","high","152.0","593.0","5.0","13.0","127.0","1.0","0.2","95.5"
"","low","35.4","146.6","1.0","4.1","31.4","0.2","2.0","33.4"
"Najee Harris","NYG","80.0","353.0","3.0","9.0","75.0","0.0","0.0","69.8"
"","high","80.0","353.0","3.0","9.0","75.0","0.0","0.0","57.0"
"","low","80.0","353.0","3.0","9.0","75.0","0.0","0.0","57.0"
"Adam Randall","BAL","55.1","281.2","2.0","10.8","108.4","1.1","0.6","67.0"
"","high","81.0","441.0","3.0","18.0","188.0","2.0","0.1","85.8"
"","low","29.3","121.3","0.9","3.6","28.8","0.2","1.0","32.3"
"Chris Brooks","GB","72.7","324.1","1.3","13.4","93.3","0.2","0.6","63.2"
"","high","123.0","550.0","2.0","15.0","104.0","0.4","0.1","74.4"
"","low","22.4","98.3","0.6","11.8","82.5","0.0","1.0","37.6"
"James Conner","ARI","42.5","153.5","1.5","18.0","131.5","1.0","0.0","61.5"
"","high","85.0","307.0","3.0","36.0","263.0","2.0","0.0","88.0"
"","low","0.0","0.0","0.0","0.0","0.0","0.0","0.0","18.0"
"Kimani Vidal","LAC","60.2","234.2","1.6","11.9","104.5","0.7","0.1","59.0"
"","high","87.0","332.0","2.0","16.0","146.0","1.0","0.0","59.9"
"","low","33.3","136.4","1.1","7.8","63.0","0.4","0.2","40.4"
"Kyle Juszczyk","SF","4.2","10.3","0.1","23.7","209.0","1.5","0.1","54.8"
"","high","4.4","18.6","0.2","27.0","256.0","2.0","0.0","53.7"
"","low","4.0","2.0","0.0","20.4","162.1","1.0","0.1","48.2"
"Jaydon Blue","DAL","62.4","263.0","1.9","8.7","61.7","0.4","0.3","54.6"
"","high","62.4","263.0","1.9","8.7","61.7","0.4","0.3","54.9"
"","low","62.4","263.0","1.9","8.7","61.7","0.4","0.3","54.9"
"MarShawn Lloyd","GB","62.3","259.0","1.9","8.5","62.9","0.4","0.2","54.0"
"","high","89.6","381.0","2.8","16.1","113.7","0.7","0.0","78.8"
"","low","35.0","137.0","1.0","1.0","12.0","0.0","0.4","20.5"
"Emanuel Wilson","SEA","70.2","290.5","1.7","7.7","52.1","0.0","0.5","51.3"
"","high","129.0","533.0","3.0","14.0","94.0","0.1","0.1","73.7"
"","low","11.4","48.0","0.4","1.4","10.3","0.0","1.0","16.2"
"Jaylen Wright","MIA","79.9","308.9","1.5","7.2","52.5","0.1","1.2","50.7"
"","high","104.0","384.0","2.0","7.5","55.9","0.2","0.5","46.2"
"","low","55.9","233.8","1.1","7.0","49.0","0.0","2.0","43.2"
"Jawhar Jordan","HOU","51.3","218.0","1.1","11.0","86.0","0.5","0.5","50.1"
"","high","90.0","382.0","2.0","22.0","172.0","1.0","0.0","67.0"
"","low","12.6","54.1","0.3","0.0","0.0","0.0","1.0","17.9"
"Jonah Coleman","DEN","48.8","203.2","1.6","10.2","74.8","0.4","0.2","49.4"
"","high","65.5","272.4","2.1","17.4","126.6","0.8","0.0","67.3"
"","low","32.0","134.0","1.0","3.0","23.0","0.0","0.3","22.2"
"Malik Davis","DAL","57.5","276.5","2.0","4.5","37.5","0.0","0.5","46.9"
"","high","115.0","553.0","4.0","9.0","75.0","0.0","0.0","76.5"
"","low","0.0","0.0","0.0","0.0","0.0","0.0","1.0","4.5"
"LeQuint Allen Jr.","JAC","32.0","126.0","0.6","15.3","99.1","0.4","0.1","43.8"
"","high","56.0","218.0","1.0","21.7","148.3","0.9","0.0","40.1"
"","low","8.0","34.0","0.2","9.0","50.0","0.0","0.1","35.3"
"Isaiah Davis","NYJ","35.1","174.7","1.2","9.9","78.7","0.2","0.1","43.4"
"","high","39.1","178.4","1.3","12.9","96.5","0.4","0.0","48.1"
"","low","31.0","171.0","1.0","7.0","61.0","0.0","0.1","27.9"
"George Holani","SEA","38.9","164.1","1.5","8.0","62.2","0.3","0.2","41.1"
"","high","38.9","164.1","1.5","8.0","62.2","0.3","0.2","41.5"
"","low","38.9","164.1","1.5","8.0","62.2","0.3","0.2","41.5"
"Ty Chandler","NO","51.0","138.0","1.0","12.0","58.0","0.0","0.0","37.6"
"","high","51.0","138.0","1.0","12.0","58.0","0.0","0.0","26.0"
"","low","51.0","138.0","1.0","12.0","58.0","0.0","0.0","26.0"
"Trayveon Williams","DET","32.0","138.0","1.0","9.0","77.0","0.0","0.0","36.5"
"","high","32.0","138.0","1.0","9.0","77.0","0.0","0.0","24.0"
"","low","32.0","138.0","1.0","9.0","77.0","0.0","0.0","24.0"
"Ray Davis","BUF","32.3","137.9","1.1","7.8","60.0","0.4","0.2","35.9"
"","high","32.3","137.9","1.1","7.8","60.0","0.4","0.2","38.1"
"","low","32.3","137.9","1.1","7.8","60.0","0.4","0.2","38.1"
"DJ Giddens","IND","33.3","140.5","1.0","8.4","58.3","0.3","0.2","35.8"
"","high","33.3","140.5","1.0","8.4","58.3","0.3","0.2","36.0"
"","low","33.3","140.5","1.0","8.4","58.3","0.3","0.2","36.0"
"Emmett Johnson","KC","39.8","166.2","1.3","5.7","41.2","0.2","0.1","35.1"
"","high","49.5","206.3","1.6","8.4","59.4","0.4","0.0","43.9"
"","low","30.0","126.0","1.0","3.0","23.0","0.0","0.2","17.7"
"Frank Gore Jr.","BUF","37.0","174.0","2.0","3.0","26.0","0.0","0.0","35.0"
"","high","37.0","174.0","2.0","3.0","26.0","0.0","0.0","26.0"
"","low","37.0","174.0","2.0","3.0","26.0","0.0","0.0","26.0"
"Ollie Gordon II","MIA","49.4","203.5","1.2","3.9","27.7","0.1","0.2","34.8"
"","high","49.4","203.5","1.2","3.9","27.7","0.1","0.2","34.9"
"","low","49.4","203.5","1.2","3.9","27.7","0.1","0.2","34.9"
"Roschon Johnson","CHI","34.0","116.0","3.0","3.0","18.0","0.0","0.0","34.4"
"","high","34.0","116.0","3.0","3.0","18.0","0.0","0.0","26.0"
"","low","34.0","116.0","3.0","3.0","18.0","0.0","0.0","26.0"
"Brashard Smith","KC","25.0","89.0","0.5","10.5","71.0","0.5","0.0","32.5"
"","high","50.0","178.0","1.0","21.0","142.0","1.0","0.0","38.5"
"","low","0.0","0.0","0.0","0.0","0.0","0.0","0.0","11.5"
"Sean Tucker","TB","38.8","163.6","2.2","1.5","10.2","0.0","0.1","32.1"
"","high","43.6","182.2","2.4","2.0","14.4","0.1","0.0","36.4"
"","low","34.0","145.0","2.0","1.0","6.0","0.0","0.3","19.5"
"Phil Mafah","DAL","31.6","137.2","1.5","4.2","32.3","0.1","0.1","30.9"
"","high","32.0","142.0","2.0","4.4","34.0","0.2","0.0","28.0"
"","low","31.2","132.4","1.1","4.0","30.7","0.0","0.1","23.2"
"Will Shipley","PHI","9.3","39.6","0.3","11.3","83.5","0.4","0.1","27.6"
"","high","9.3","39.6","0.3","11.3","83.5","0.4","0.1","28.1"
"","low","9.3","39.6","0.3","11.3","83.5","0.4","0.1","28.1"
"Jeremy McNichols","WAS","17.0","88.0","1.0","7.0","53.0","0.0","0.0","27.1"
"","high","17.0","88.0","1.0","7.0","53.0","0.0","0.0","19.0"
"","low","17.0","88.0","1.0","7.0","53.0","0.0","0.0","19.0"
"Jam Miller","NE","34.0","145.0","1.0","2.0","25.0","0.0","0.0","25.0"
"","high","34.0","145.0","1.0","2.0","25.0","0.0","0.0","15.0"
"","low","34.0","145.0","1.0","2.0","25.0","0.0","0.0","15.0"
"Hunter Luepke","DAL","13.4","56.5","0.4","8.6","61.6","0.4","0.1","25.0"
"","high","13.4","56.5","0.4","8.6","61.6","0.4","0.1","25.0"
"","low","13.4","56.5","0.4","8.6","61.6","0.4","0.1","25.0"
"Audric Estime","NO","30.0","122.0","1.0","3.0","24.0","0.0","0.0","23.6"
"","high","30.0","122.0","1.0","3.0","24.0","0.0","0.0","15.0"
"","low","30.0","122.0","1.0","3.0","24.0","0.0","0.0","15.0"
"Seth McGowan","IND","22.3","96.4","1.2","3.2","27.3","0.1","0.0","23.1"
"","high","32.0","141.0","2.0","4.3","29.6","0.2","0.0","22.2"
"","low","12.5","51.7","0.4","2.0","25.0","0.0","0.1","14.6"
"Israel Abanikanda","DAL","32.0","146.0","1.0","1.0","14.0","0.0","0.0","23.0"
"","high","32.0","146.0","1.0","1.0","14.0","0.0","0.0","13.0"
"","low","32.0","146.0","1.0","1.0","14.0","0.0","0.0","13.0"
"Donovan Edwards","MIA","31.0","130.0","1.0","2.0","19.0","0.0","0.0","22.9"
"","high","31.0","130.0","1.0","2.0","19.0","0.0","0.0","14.0"
"","low","31.0","130.0","1.0","2.0","19.0","0.0","0.0","14.0"
"Dameon Pierce","PHI","35.0","161.0","1.0","0.0","0.0","0.0","0.0","22.1"
"","high","35.0","161.0","1.0","0.0","0.0","0.0","0.0","13.0"
"","low","35.0","161.0","1.0","0.0","0.0","0.0","0.0","13.0"
"Kaytron Allen","WAS","23.6","110.9","0.7","3.0","25.7","0.1","0.0","21.5"
"","high","35.0","171.0","1.0","4.1","29.4","0.2","0.0","20.0"
"","low","12.3","50.8","0.4","2.0","22.0","0.0","0.1","14.7"
"Demond Claiborne","MIN","21.6","96.1","0.7","3.3","25.2","0.1","0.0","20.0"
"","high","29.0","133.0","1.0","4.5","29.4","0.2","0.0","15.5"
"","low","14.2","59.3","0.4","2.0","21.0","0.0","0.1","15.3"
"Devin Singletary","NYG","22.2","88.9","0.6","4.2","26.3","0.1","0.1","19.8"
"","high","22.2","88.9","0.6","4.2","26.3","0.1","0.1","19.8"
"","low","22.2","88.9","0.6","4.2","26.3","0.1","0.1","19.8"
"Nicholas Singleton","TEN","20.3","83.7","0.6","4.3","30.2","0.2","0.1","19.7"
"","high","20.3","83.7","0.6","4.3","30.2","0.2","0.1","19.8"
"","low","20.3","83.7","0.6","4.3","30.2","0.2","0.1","19.8"
"Devin Neal","NO","22.5","90.0","1.0","2.5","17.5","0.0","0.0","19.3"
"","high","45.0","180.0","2.0","5.0","35.0","0.0","0.0","25.5"
"","low","0.0","0.0","0.0","0.0","0.0","0.0","0.0","2.5"
"Tahj Brooks","CIN","30.3","128.4","0.9","0.0","0.0","0.0","0.1","18.2"
"","high","30.3","128.4","0.9","0.0","0.0","0.0","0.1","18.4"
"","low","30.3","128.4","0.9","0.0","0.0","0.0","0.1","18.4"
"Michael Burton","CLE","6.6","13.9","0.6","5.1","33.3","0.6","0.0","16.5"
"","high","9.0","17.7","1.0","6.0","40.0","1.0","0.0","18.1"
"","low","4.3","10.0","0.1","4.2","26.5","0.2","0.0","11.0"
"Alec Ingold","LAC","2.1","8.6","0.1","7.9","58.7","0.2","0.1","16.4"
"","high","2.1","8.6","0.1","7.9","58.7","0.2","0.1","16.4"
"","low","2.1","8.6","0.1","7.9","58.7","0.2","0.1","16.4"
"Isaac Guerendo","SF","16.5","80.0","0.5","2.0","18.5","0.0","0.0","14.9"
"","high","33.0","160.0","1.0","4.0","37.0","0.0","0.0","16.0"
"","low","0.0","0.0","0.0","0.0","0.0","0.0","0.0","3.1"
"Andrew Beck","NYJ","0.5","4.0","0.0","4.6","31.8","1.1","0.0","14.8"
"","high","1.0","8.0","0.0","5.0","35.0","2.0","0.0","17.6"
"","low","0.0","0.0","0.0","4.2","28.6","0.2","0.0","8.8"
"Trevor Etienne","CAR","12.3","52.4","0.3","4.1","29.3","0.1","0.1","14.8"
"","high","12.3","52.4","0.3","4.1","29.3","0.1","0.1","16.7"
"","low","12.3","52.4","0.3","4.1","29.3","0.1","0.1","16.7"
"Adam Prentice","DEN","4.1","17.4","0.1","4.1","29.9","0.2","0.0","10.5"
"","high","4.1","17.4","0.1","4.1","29.9","0.2","0.0","10.5"
"","low","4.1","17.4","0.1","4.1","29.9","0.2","0.0","10.5"
"Connor Heyward","LV","4.2","17.4","0.1","4.0","29.0","0.2","0.0","10.2"
"","high","4.2","17.4","0.1","4.0","29.0","0.2","0.0","10.3"
"","low","4.2","17.4","0.1","4.0","29.0","0.2","0.0","10.3"
"Max Bredeson","MIN","2.0","8.5","0.1","4.5","29.4","0.2","0.0","9.6"
"","high","2.0","8.5","0.1","4.5","29.4","0.2","0.0","9.6"
"","low","2.0","8.5","0.1","4.5","29.4","0.2","0.0","9.6"
"Riley Nowakowski","PIT","0.0","0.0","0.0","4.3","29.2","0.2","0.0","8.1"
"","high","0.0","0.0","0.0","4.3","29.2","0.2","0.0","8.1"
"","low","0.0","0.0","0.0","4.3","29.2","0.2","0.0","8.1"
"Reggie Gilliam","NE","0.0","0.0","0.0","4.1","29.8","0.2","0.0","7.9"
"","high","0.0","0.0","0.0","4.1","29.8","0.2","0.0","8.0"
"","low","0.0","0.0","0.0","4.1","29.8","0.2","0.0","8.0"
"Patrick Ricard","NYG","0.0","0.0","0.0","3.9","26.8","0.1","0.0","7.4"
"","high","0.0","0.0","0.0","3.9","26.8","0.1","0.0","7.4"
"","low","0.0","0.0","0.0","3.9","26.8","0.1","0.0","7.4"
"Kendre Miller","NO","13.0","55.3","0.3","0.0","0.0","0.0","0.0","7.3"
"","high","13.0","55.3","0.3","0.0","0.0","0.0","0.0","7.4"
"","low","13.0","55.3","0.3","0.0","0.0","0.0","0.0","7.4"
"Kaleb Johnson","PIT","8.6","35.9","0.2","0.0","0.0","0.0","0.0","4.9"
"","high","8.6","35.9","0.2","0.0","0.0","0.0","0.0","4.9"
"","low","8.6","35.9","0.2","0.0","0.0","0.0","0.0","4.9"
"British Brooks","HOU","4.2","18.0","0.1","0.0","0.0","0.0","0.0","2.4"
"","high","4.2","18.0","0.1","0.0","0.0","0.0","0.0","2.4"
"","low","4.2","18.0","0.1","0.0","0.0","0.0","0.0","2.4"
"DeeJay Dallas","JAC","0.0","0.0","0.0","0.0","0.0","0.0","0.0","0.0"
"","high","0.0","0.0","0.0","0.0","0.0","0.0","0.0","0.2"
"","low","0.0","0.0","0.0","0.0","0.0","0.0","0.0","0.2"
"Jerome Ford","WAS","0.0","0.0","0.0","0.0","0.0","0.0","0.0","0.0"
"","high","0.0","0.0","0.0","0.0","0.0","0.0","0.0","0.0"
"","low","0.0","0.0","0.0","0.0","0.0","0.0","0.0","0.0"
"Kene Nwangwu","NYJ","0.0","0.0","0.0","0.0","0.0","0.0","0.0","0.0"
"","high","0.0","0.0","0.0","0.0","0.0","0.0","0.0","2.3"
"","low","0.0","0.0","0.0","0.0","0.0","0.0","0.0","2.3"
"Tyler Badie","DEN","0.0","0.0","0.0","0.0","0.0","0.0","0.0","0.0"
"","high","0.0","0.0","0.0","0.0","0.0","0.0","0.0","0.4"
"","low","0.0","0.0","0.0","0.0","0.0","0.0","0.0","0.4"
"Bam Knight","ARI","0.0","0.0","0.0","0.0","0.0","0.0","0.0","0.0"
"","high","0.0","0.0","0.0","0.0","0.0","0.0","0.0","0.8"
"","low","0.0","0.0","0.0","0.0","0.0","0.0","0.0","0.8"
"Trey Benson","ARI","0.0","0.0","0.0","0.0","0.0","0.0","0.0","0.0"
"","high","0.0","0.0","0.0","0.0","0.0","0.0","0.0","0.0"
"","low","0.0","0.0","0.0","0.0","0.0","0.0","0.0","0.0"
"Jacob Saylors","DET","0.0","0.0","0.0","0.0","0.0","0.0","0.0","0.0"
"","high","0.0","0.0","0.0","0.0","0.0","0.0","0.0","0.3"
"","low","0.0","0.0","0.0","0.0","0.0","0.0","0.0","0.3"
"Zavier Scott","MIN","0.0","0.0","0.0","0.0","0.0","0.0","0.0","0.0"
"","high","0.0","0.0","0.0","0.0","0.0","0.0","0.0","0.0"
"","low","0.0","0.0","0.0","0.0","0.0","0.0","0.0","0.0"
"Rasheen Ali","BAL","0.0","0.0","0.0","0.0","0.0","0.0","0.0","0.0"
"","high","0.0","0.0","0.0","0.0","0.0","0.0","0.0","0.5"
"","low","0.0","0.0","0.0","0.0","0.0","0.0","0.0","0.5"
"Dylan Laube","LV","0.0","0.0","0.0","0.0","0.0","0.0","0.0","0.0"
"","high","0.0","0.0","0.0","0.0","0.0","0.0","0.0","0.7"
"","low","0.0","0.0","0.0","0.0","0.0","0.0","0.0","0.7"
"Chris Collier","LV","0.0","0.0","0.0","0.0","0.0","0.0","0.0","0.0"
"","high","0.0","0.0","0.0","0.0","0.0","0.0","0.0","0.0"
"","low","0.0","0.0","0.0","0.0","0.0","0.0","0.0","0.0"
"Josh Williams","TB","0.0","0.0","0.0","0.0","0.0","0.0","0.0","0.0"
"","high","0.0","0.0","0.0","0.0","0.0","0.0","0.0","0.1"
"","low","0.0","0.0","0.0","0.0","0.0","0.0","0.0","0.1"
""
""