"Player","Team","REC","YDS","TDS","ATT","YDS","TDS","FL","FPTS"
" ","","",""
"Puka Nacua","LAR","117.0","1539.0","9.0","13.6","85.0","1.4","1.0","339.8"
"","high","117.0","1539.0","9.0","15.9","85.0","2.0","1.0","343.5"
"","low","117.0","1539.0","9.0","10.0","85.0","1.0","1.0","337.4"
"Ja'Marr Chase","CIN","121.2","1511.6","10.6","3.0","17.0","0.0","1.0","336.0"
"","high","128.0","1552.0","11.0","4.0","20.9","0.1","0.9","393.7"
"","low","116.0","1474.0","10.0","2.0","11.0","0.0","1.0","328.2"
"Jaxon Smith-Njigba","SEA","110.9","1569.4","9.2","5.5","30.4","0.1","1.1","324.1"
"","high","116.7","1618.0","11.0","7.0","36.0","0.2","1.0","366.5"
"","low","105.0","1521.0","8.0","4.6","25.2","0.0","1.2","320.9"
"Amon-Ra St. Brown","DET","117.4","1390.9","10.5","3.1","11.8","0.0","0.4","319.8"
"","high","119.0","1425.7","11.0","4.0","14.0","0.1","0.0","376.0"
"","low","115.0","1370.0","10.0","2.3","8.0","0.0","0.8","312.4"
"Drake London","ATL","101.7","1327.6","9.1","0.0","0.0","0.0","1.0","287.1"
"","high","104.0","1421.0","13.0","0.0","0.0","0.0","0.9","324.4"
"","low","99.0","1249.7","7.0","0.0","0.0","0.0","1.0","269.4"
"Rashee Rice","KC","99.1","1101.0","9.7","5.4","25.6","0.9","0.6","274.1"
"","high","105.0","1134.0","13.0","8.3","42.8","2.0","0.0","300.8"
"","low","96.0","1052.0","7.0","0.0","0.0","0.0","1.2","273.8"
"CeeDee Lamb","DAL","97.5","1295.8","7.5","2.4","12.6","0.0","0.3","273.0"
"","high","103.4","1375.5","8.6","5.0","25.0","0.1","0.0","306.7"
"","low","87.0","1177.0","6.0","0.0","0.0","0.0","0.7","258.5"
"Justin Jefferson","MIN","98.9","1310.9","7.1","1.3","5.5","0.0","0.3","272.8"
"","high","110.8","1375.7","7.4","2.0","10.6","0.1","0.0","317.2"
"","low","91.0","1269.0","7.0","0.0","0.0","0.0","0.7","258.9"
"Chris Olave","NO","94.4","1183.4","7.9","0.3","0.0","0.0","0.3","259.5"
"","high","98.0","1242.0","10.0","1.0","0.0","0.0","0.0","294.4"
"","low","91.3","1110.0","6.7","0.0","0.0","0.0","0.6","253.7"
"A.J. Brown","NE","87.7","1221.7","7.7","0.0","0.0","0.0","0.3","255.2"
"","high","91.0","1296.0","9.0","0.0","0.0","0.0","0.0","288.2"
"","low","86.0","1155.0","7.0","0.0","0.0","0.0","0.6","250.2"
"George Pickens","DAL","82.5","1200.5","8.4","0.3","0.0","0.0","0.4","252.0"
"","high","94.0","1388.0","10.0","1.0","0.0","0.0","0.0","273.5"
"","low","74.0","1102.0","7.0","0.0","0.0","0.0","0.9","241.5"
"Nico Collins","HOU","82.5","1210.2","7.3","1.4","8.3","0.4","0.8","248.4"
"","high","86.5","1233.0","8.0","2.1","13.0","1.0","0.7","282.6"
"","low","79.0","1186.0","6.8","0.0","0.0","0.0","1.0","245.5"
"Garrett Wilson","NYJ","96.3","1095.8","6.4","1.1","4.3","0.0","1.0","242.9"
"","high","100.0","1176.3","9.0","2.2","10.8","0.1","1.0","291.8"
"","low","89.0","956.0","5.0","0.0","0.0","0.0","1.1","235.3"
"Zay Flowers","BAL","81.2","1157.2","6.5","9.9","58.8","0.5","1.5","241.8"
"","high","83.0","1183.0","8.0","10.0","60.0","1.0","1.0","274.3"
"","low","79.0","1117.0","5.5","9.8","57.4","0.0","2.0","238.3"
"Malik Nabers","NYG","81.0","1082.9","8.4","2.8","8.3","0.1","0.4","240.3"
"","high","86.1","1134.8","11.0","4.5","22.9","0.2","0.0","271.2"
"","low","76.0","1037.0","7.0","0.0","0.0","0.0","0.8","240.8"
"DeVonta Smith","PHI","87.8","1135.0","6.0","0.0","0.0","0.0","0.3","236.9"
"","high","90.5","1153.0","6.1","0.0","0.0","0.0","0.0","277.5"
"","low","83.0","1122.0","6.0","0.0","0.0","0.0","0.6","229.8"
"Tetairoa McMillan","CAR","81.2","1146.0","6.6","0.0","0.0","0.0","0.9","233.7"
"","high","83.6","1185.1","8.0","0.0","0.0","0.0","0.8","264.3"
"","low","78.0","1081.0","5.9","0.0","0.0","0.0","1.0","234.1"
"Emeka Egbuka","TB","73.2","1098.5","7.5","1.4","7.3","0.0","0.3","228.3"
"","high","78.0","1127.4","8.0","2.2","11.9","0.1","0.0","258.8"
"","low","69.6","1046.0","7.0","0.0","0.0","0.0","0.6","225.2"
"Davante Adams","LAR","68.8","926.2","10.2","0.0","0.0","0.0","0.2","222.3"
"","high","70.0","1016.5","10.6","0.0","0.0","0.0","0.0","254.9"
"","low","67.5","851.0","10.0","0.0","0.0","0.0","0.4","206.8"
"Tee Higgins","CIN","70.8","965.4","9.1","0.0","0.0","0.0","0.2","221.7"
"","high","74.0","1034.0","11.0","0.0","0.0","0.0","0.0","241.9"
"","low","65.0","906.0","8.0","0.0","0.0","0.0","0.4","216.9"
"Ladd McConkey","LAC","79.2","1010.1","6.8","0.0","0.0","0.0","0.3","220.3"
"","high","82.0","1039.4","8.0","0.0","0.0","0.0","0.0","248.8"
"","low","76.0","956.0","6.0","0.0","0.0","0.0","0.6","220.6"
"Jameson Williams","DET","64.4","1065.7","6.6","7.3","42.0","0.5","0.2","217.3"
"","high","66.0","1088.0","7.0","8.0","45.1","1.0","0.0","252.4"
"","low","63.0","1026.2","5.7","7.0","39.0","0.0","0.4","208.6"
"Jaylen Waddle","DEN","74.2","992.2","6.0","1.7","12.4","0.0","0.3","210.2"
"","high","76.6","996.0","6.0","3.0","25.0","0.1","0.0","244.9"
"","low","72.0","987.0","6.0","0.0","0.0","0.0","0.7","201.2"
"Terry McLaurin","WAS","69.0","972.5","7.4","0.3","0.3","0.0","0.3","209.9"
"","high","77.0","1053.4","10.0","1.0","1.0","0.0","0.0","231.2"
"","low","65.0","927.0","6.0","0.0","0.0","0.0","0.6","210.7"
"DJ Moore","BUF","69.4","905.1","7.0","10.3","54.0","0.5","0.8","208.5"
"","high","71.0","955.0","8.0","16.0","81.0","1.0","0.6","240.9"
"","low","67.2","815.0","6.0","6.9","36.0","0.0","1.0","196.4"
"Luther Burden III","CHI","72.7","973.1","5.7","7.7","38.2","0.1","0.3","208.1"
"","high","75.1","1056.0","6.0","9.1","49.5","0.4","0.0","239.6"
"","low","70.0","926.0","5.1","6.0","32.0","0.0","0.7","203.5"
"Rome Odunze","CHI","62.4","963.4","7.8","0.3","1.3","0.0","0.3","205.1"
"","high","65.0","1029.1","8.4","1.0","4.0","0.0","0.0","231.4"
"","low","59.3","916.0","7.0","0.0","0.0","0.0","0.6","193.4"
"Mike Evans","SF","67.4","950.8","7.0","0.0","0.0","0.0","0.2","203.8"
"","high","76.0","994.0","8.0","0.0","0.0","0.0","0.0","239.4"
"","low","57.1","903.3","5.9","0.0","0.0","0.0","0.4","192.8"
"Courtland Sutton","DEN","67.4","884.7","7.2","0.0","0.0","0.0","0.2","198.6"
"","high","70.0","911.0","7.6","0.0","0.0","0.0","0.0","225.7"
"","low","63.0","848.0","7.0","0.0","0.0","0.0","0.5","192.4"
"Alec Pierce","IND","58.5","1010.6","6.4","0.0","0.0","0.0","0.3","197.6"
"","high","66.0","1067.0","9.0","0.0","0.0","0.0","0.0","223.2"
"","low","49.0","947.8","5.0","0.0","0.0","0.0","0.5","184.7"
"Marvin Harrison Jr.","ARI","67.3","945.0","6.0","0.0","0.0","0.0","0.3","197.2"
"","high","69.0","954.1","7.0","0.0","0.0","0.0","0.0","228.6"
"","low","64.0","933.0","5.0","0.0","0.0","0.0","0.6","192.3"
"Christian Watson","GB","57.6","930.4","7.3","1.7","8.0","0.0","0.3","195.2"
"","high","65.0","982.0","8.0","3.0","13.1","0.1","0.0","230.3"
"","low","53.0","866.1","7.0","0.0","0.0","0.0","0.5","187.9"
"DK Metcalf","PIT","64.3","926.8","6.1","0.7","3.3","0.3","0.2","195.2"
"","high","67.0","944.5","6.2","2.0","10.0","1.0","0.0","228.2"
"","low","61.0","892.0","6.0","0.0","0.0","0.0","0.5","187.3"
"Michael Pittman Jr.","PIT","80.5","806.1","5.0","0.0","0.0","0.0","0.3","190.3"
"","high","88.5","877.0","6.0","0.0","0.0","0.0","0.0","236.2"
"","low","76.0","678.0","3.9","0.0","0.0","0.0","0.7","174.5"
"Parker Washington","JAC","62.6","862.5","5.7","5.0","13.6","0.1","0.4","184.3"
"","high","63.8","925.0","7.0","8.0","38.9","0.3","0.0","204.8"
"","low","62.0","812.0","5.0","0.0","0.0","0.0","0.8","186.1"
"Brian Thomas Jr.","JAC","58.0","872.2","5.4","2.7","17.7","0.4","0.2","181.2"
"","high","61.0","942.0","6.0","4.0","30.0","1.0","0.0","197.4"
"","low","56.0","814.0","5.0","0.0","0.0","0.0","0.3","177.6"
"Wan'Dale Robinson","TEN","79.9","805.9","3.3","2.0","9.5","0.1","0.3","181.1"
"","high","84.0","823.8","4.0","4.1","22.5","0.2","0.0","222.0"
"","low","77.0","796.0","2.0","0.0","0.0","0.0","0.6","173.9"
"Jakobi Meyers","JAC","68.3","787.7","5.1","4.3","22.7","0.1","0.8","178.7"
"","high","69.8","814.0","5.2","6.0","32.0","0.3","0.6","211.9"
"","low","67.0","767.1","5.0","3.0","17.0","0.0","1.0","169.3"
"Carnell Tate","TEN","65.2","887.6","4.5","0.7","3.0","0.0","1.4","178.4"
"","high","74.5","1023.7","5.0","2.0","9.0","0.0","0.8","214.4"
"","low","56.0","772.0","4.0","0.0","0.0","0.0","2.0","154.2"
"Michael Wilson","ARI","67.5","826.4","4.5","0.0","0.7","0.0","0.2","176.6"
"","high","70.6","860.3","6.0","0.0","2.0","0.0","0.0","206.7"
"","low","66.0","797.0","3.4","0.0","0.0","0.0","0.4","173.5"
"Jayden Reed","GB","63.1","757.7","4.8","12.0","86.9","0.1","0.4","176.4"
"","high","66.0","815.0","5.0","16.0","128.0","0.4","0.0","214.4"
"","low","60.0","727.2","4.4","9.0","64.8","0.0","0.8","164.1"
"Chris Godwin Jr.","TB","67.8","773.9","5.2","0.3","0.3","0.0","0.3","175.7"
"","high","75.0","842.0","6.0","1.0","1.0","0.0","0.0","209.7"
"","low","60.4","700.8","4.5","0.0","0.0","0.0","0.6","164.8"
"Quentin Johnston","LAC","53.6","757.3","6.9","1.7","5.9","0.0","0.7","169.9"
"","high","58.0","787.0","9.0","3.0","10.8","0.1","0.5","185.3"
"","low","50.0","707.0","5.6","0.0","0.0","0.0","1.0","166.2"
"Josh Downs","IND","71.5","731.6","4.2","1.4","4.2","0.0","0.8","169.1"
"","high","76.0","787.0","6.0","2.1","10.7","0.1","0.6","212.2"
"","low","68.0","696.8","2.7","0.0","0.0","0.0","1.0","158.8"
"Jordan Addison","MIN","55.2","758.4","5.4","2.7","37.1","0.4","0.2","168.9"
"","high","60.5","770.3","6.0","3.0","78.0","1.0","0.0","191.5"
"","low","50.0","736.0","5.0","2.0","14.4","0.0","0.4","165.2"
"Deebo Samuel Sr.","SF","58.3","666.2","4.5","29.1","111.7","1.1","0.4","168.8"
"","high","65.0","681.4","5.0","36.0","114.0","1.1","0.0","167.7"
"","low","51.5","651.0","4.0","22.1","109.4","1.0","0.8","154.3"
"Xavier Worthy","KC","55.2","722.7","4.2","15.5","99.4","0.9","0.2","167.5"
"","high","57.0","789.2","4.6","22.0","146.0","1.0","0.0","194.8"
"","low","53.0","644.0","4.0","12.0","76.0","0.6","0.3","146.2"
"Stefon Diggs","WAS","67.0","747.5","4.2","0.3","0.7","0.0","0.2","166.3"
"","high","71.1","766.0","5.0","1.0","2.0","0.0","0.0","204.6"
"","low","62.0","726.5","3.5","0.0","0.0","0.0","0.5","158.0"
"Matthew Golden","GB","56.8","787.0","4.3","8.2","40.9","0.1","0.4","165.5"
"","high","66.7","870.1","4.7","12.0","57.0","0.2","0.0","175.1"
"","low","47.0","704.0","4.0","4.5","24.8","0.0","0.7","145.8"
"Khalil Shakir","BUF","69.7","726.3","3.9","1.1","5.5","0.0","0.8","164.9"
"","high","72.0","766.0","4.0","2.3","12.5","0.1","0.6","206.3"
"","low","67.0","648.0","3.7","0.0","0.0","0.0","1.0","147.7"
"KC Concepcion","CLE","60.1","779.1","3.6","4.2","22.5","0.1","1.3","159.6"
"","high","62.0","831.0","4.0","6.4","35.0","0.2","0.7","156.1"
"","low","58.1","727.2","3.2","2.0","10.0","0.0","2.0","153.1"
"Keenan Allen","IND","62.0","675.0","5.0","0.0","0.0","0.0","0.0","159.5"
"","high","62.0","675.0","5.0","0.0","0.0","0.0","0.0","150.0"
"","low","62.0","675.0","5.0","0.0","0.0","0.0","0.0","150.0"
"Jalen Coker","CAR","60.7","717.5","4.5","0.0","0.0","0.0","0.8","157.7"
"","high","61.4","746.0","6.0","0.0","0.0","0.0","0.6","160.7"
"","low","60.0","689.0","3.0","0.0","0.0","0.0","1.0","146.5"
"Rashid Shaheed","SEA","49.9","755.3","3.8","13.4","88.9","0.3","0.8","156.8"
"","high","57.0","864.0","4.0","13.8","91.0","0.5","0.6","153.9"
"","low","42.8","646.5","3.5","13.0","86.7","0.0","1.0","151.6"
"Romeo Doubs","NE","55.2","712.3","5.1","0.0","0.0","0.0","0.3","156.5"
"","high","58.0","759.0","5.3","0.0","0.0","0.0","0.0","190.1"
"","low","52.6","665.9","5.0","0.0","0.0","0.0","0.5","148.2"
"De'Zhaun Stribling","SF","51.3","751.6","4.5","1.5","6.5","0.0","1.2","151.5"
"","high","60.0","857.0","5.0","3.0","13.0","0.0","0.4","155.3"
"","low","42.7","646.1","3.9","0.0","0.0","0.0","2.0","139.0"
"Makai Lemon","PHI","52.8","738.2","4.4","1.5","6.5","0.0","1.3","150.8"
"","high","53.0","741.4","4.7","3.0","13.0","0.0","0.5","154.9"
"","low","52.5","735.0","4.0","0.0","0.0","0.0","2.0","138.8"
"Denzel Boston","CLE","57.4","741.5","3.5","1.0","5.0","0.0","1.3","150.4"
"","high","60.0","800.0","4.0","2.0","10.0","0.0","0.6","149.4"
"","low","54.9","683.0","3.0","0.0","0.0","0.0","2.0","143.3"
"Calvin Ridley","TEN","46.7","762.4","3.2","4.5","27.6","0.6","0.2","148.1"
"","high","50.0","847.0","3.4","6.1","32.1","1.0","0.0","146.7"
"","low","43.4","677.8","3.0","3.0","23.0","0.3","0.4","138.7"
"Jayden Higgins","HOU","51.8","634.1","5.2","0.0","0.0","0.0","0.2","146.1"
"","high","54.5","667.3","7.0","0.0","0.0","0.0","0.0","145.8"
"","low","49.0","601.0","3.5","0.0","0.0","0.0","0.5","138.8"
"Jerry Jeudy","CLE","54.7","747.4","2.9","0.5","2.0","0.0","0.7","145.4"
"","high","58.0","785.0","3.0","1.0","4.0","0.0","0.5","141.7"
"","low","51.4","709.8","2.8","0.0","0.0","0.0","1.0","140.7"
"Tre Tucker","LV","50.2","635.6","3.8","11.2","52.6","0.2","0.1","142.3"
"","high","52.0","658.3","5.0","12.0","57.3","0.3","0.0","139.8"
"","low","48.4","613.0","2.5","10.4","48.0","0.0","0.3","134.2"
"Tank Dell","HOU","50.0","630.7","3.8","10.2","48.8","0.1","0.2","141.2"
"","high","62.0","799.0","5.0","12.0","53.0","0.2","0.0","154.0"
"","low","38.0","462.4","2.7","8.4","44.7","0.0","0.4","117.7"
"Rashod Bateman","BAL","38.8","598.6","6.0","0.0","0.0","0.0","0.2","134.3"
"","high","40.0","614.3","8.0","0.0","0.0","0.0","0.0","136.8"
"","low","37.7","583.0","4.0","0.0","0.0","0.0","0.3","123.7"
"Jauan Jennings","MIN","48.7","557.7","5.2","0.0","0.0","0.0","0.7","134.1"
"","high","51.0","629.0","7.0","0.0","0.0","0.0","0.5","143.7"
"","low","46.5","486.3","3.3","0.0","0.0","0.0","1.0","116.9"
"Jalen McMillan","TB","46.6","607.3","3.9","4.7","26.8","0.1","0.2","133.8"
"","high","47.3","626.0","4.0","5.0","29.0","0.2","0.0","132.3"
"","low","46.0","588.7","3.9","4.4","24.6","0.0","0.4","124.6"
"Jalen Nailor","LV","43.7","591.2","4.5","2.0","8.5","0.0","0.2","130.5"
"","high","44.3","607.4","6.0","2.1","11.0","0.1","0.0","128.7"
"","low","43.0","575.0","3.0","2.0","6.0","0.0","0.4","123.6"
"Devaughn Vele","NO","47.3","567.9","3.7","0.0","0.0","0.0","0.2","125.8"
"","high","49.5","591.0","4.0","0.0","0.0","0.0","0.0","121.6"
"","low","45.0","544.7","3.4","0.0","0.0","0.0","0.4","121.3"
"Ja'Kobi Lane","BAL","37.8","569.3","5.2","1.5","8.5","0.0","0.7","125.7"
"","high","44.0","654.0","7.0","3.0","17.0","0.0","0.3","134.8"
"","low","31.5","484.7","3.5","0.0","0.0","0.0","1.0","106.7"
"Cooper Kupp","SEA","47.4","584.8","3.4","0.5","1.5","0.0","0.7","125.2"
"","high","57.0","698.0","4.0","1.0","3.0","0.0","0.3","132.4"
"","low","37.9","471.7","2.8","0.0","0.0","0.0","1.0","111.1"
"Jordyn Tyson","NO","45.5","613.7","3.2","0.3","2.3","0.0","0.7","125.2"
"","high","61.0","783.0","4.0","1.0","7.0","0.0","0.4","178.3"
"","low","35.6","484.2","2.7","0.0","0.0","0.0","1.0","109.5"
"Adonai Mitchell","NYJ","39.7","549.3","3.3","2.1","5.1","0.1","0.7","113.9"
"","high","41.5","617.5","3.6","2.2","11.2","0.1","0.5","124.9"
"","low","38.0","481.0","3.0","2.0","-1.0","0.0","1.0","94.7"
"Malik Washington","MIA","45.6","414.2","2.4","13.5","80.8","0.7","0.8","112.1"
"","high","46.0","479.4","3.0","14.0","84.0","1.0","0.6","116.3"
"","low","45.2","349.0","1.8","12.9","77.7","0.4","1.0","97.6"
"Travis Hunter","JAC","41.6","496.6","3.3","2.0","10.8","0.1","0.4","111.8"
"","high","41.6","496.6","3.3","2.0","10.8","0.1","0.4","113.1"
"","low","41.6","496.6","3.3","2.0","10.8","0.1","0.4","113.1"
"Germie Bernard","PIT","41.2","507.7","2.9","2.1","10.8","0.0","0.7","109.2"
"","high","42.0","511.0","3.0","2.2","11.7","0.1","0.4","109.6"
"","low","40.4","504.4","2.8","2.0","10.0","0.0","1.0","101.2"
"Kayshon Boutte","NE","33.2","501.5","4.3","0.0","0.0","0.0","0.1","109.1"
"","high","36.0","589.0","6.0","0.0","0.0","0.0","0.0","119.2"
"","low","30.3","414.0","2.7","0.0","0.0","0.0","0.3","90.3"
"Dontayvion Wicks","PHI","39.5","517.8","2.9","0.0","0.0","0.0","0.4","107.9"
"","high","39.5","517.8","2.9","0.0","0.0","0.0","0.4","108.2"
"","low","39.5","517.8","2.9","0.0","0.0","0.0","0.4","108.2"
"Bub Means","NO","38.0","519.0","3.0","1.0","6.0","0.0","1.0","106.5"
"","high","38.0","519.0","3.0","1.0","6.0","0.0","1.0","98.0"
"","low","38.0","519.0","3.0","1.0","6.0","0.0","1.0","98.0"
"Caleb Douglas","MIA","39.6","511.4","2.6","1.0","5.5","0.0","0.7","105.4"
"","high","44.3","589.8","3.0","2.0","11.0","0.0","0.5","111.0"
"","low","35.0","433.0","2.2","0.0","0.0","0.0","1.0","90.6"
"Antonio Williams","WAS","35.5","497.2","3.1","3.5","18.7","0.1","1.2","104.2"
"","high","45.0","650.0","4.0","4.1","22.4","0.2","0.3","111.5"
"","low","25.9","344.5","2.3","3.0","15.0","0.0","2.0","87.4"
"Troy Franklin","DEN","36.5","403.2","3.9","3.0","10.8","0.0","0.6","100.3"
"","high","56.0","590.0","6.0","4.0","11.0","0.1","0.2","120.5"
"","low","17.0","216.4","1.8","2.1","10.6","0.0","1.0","70.3"
"Darius Slayton","NYG","35.7","526.1","2.0","1.6","8.6","0.0","0.7","100.1"
"","high","40.0","613.0","2.0","2.2","12.2","0.1","0.4","98.7"
"","low","31.5","439.2","2.0","1.0","5.0","0.0","1.0","92.9"
"Chris Bell","MIA","35.4","445.9","2.6","1.0","5.5","0.0","0.6","94.8"
"","high","47.0","582.0","4.0","2.0","11.0","0.0","0.2","107.4"
"","low","23.8","309.8","1.2","0.0","0.0","0.0","1.0","73.0"
"Tory Horton","SEA","30.3","401.5","4.2","0.5","3.0","0.0","0.6","94.5"
"","high","39.0","504.0","6.0","1.0","6.0","0.0","0.2","105.3"
"","low","21.6","299.0","2.3","0.0","0.0","0.0","1.0","74.2"
"Xavier Legette","CAR","35.9","417.6","2.6","2.1","10.8","0.1","0.4","93.8"
"","high","35.9","417.6","2.6","2.1","10.8","0.1","0.4","94.1"
"","low","35.9","417.6","2.6","2.1","10.8","0.1","0.4","94.1"
"Omar Cooper Jr.","NYJ","34.6","410.8","2.9","2.1","12.5","0.1","0.6","93.1"
"","high","44.0","521.0","4.0","2.2","13.0","0.1","0.3","100.6"
"","low","25.2","300.7","1.7","2.0","12.0","0.0","1.0","76.7"
"Tyquan Thornton","KC","25.4","467.7","3.5","0.0","0.0","0.0","0.1","92.9"
"","high","27.0","576.0","4.0","0.0","0.0","0.0","0.0","98.4"
"","low","23.8","359.3","3.0","0.0","0.0","0.0","0.2","79.1"
"Jahan Dotson","ATL","35.2","443.3","2.3","0.0","0.0","0.0","0.3","92.5"
"","high","35.2","443.3","2.3","0.0","0.0","0.0","0.3","92.8"
"","low","35.2","443.3","2.3","0.0","0.0","0.0","0.3","92.8"
"Christian Kirk","SF","34.5","406.4","2.6","0.0","0.0","0.0","0.1","90.4"
"","high","56.0","637.0","4.0","0.0","0.0","0.0","0.0","113.5"
"","low","13.1","175.7","1.1","0.0","0.0","0.0","0.1","58.7"
"Tre' Harris","LAC","34.5","410.5","2.5","0.0","0.0","0.0","0.4","89.8"
"","high","34.5","410.5","2.5","0.0","0.0","0.0","0.4","89.9"
"","low","34.5","410.5","2.5","0.0","0.0","0.0","0.4","89.9"
"Ryan Flournoy","DAL","33.8","383.0","2.7","2.2","12.4","0.1","0.4","89.2"
"","high","33.8","383.0","2.7","2.2","12.4","0.1","0.4","89.3"
"","low","33.8","383.0","2.7","2.2","12.4","0.1","0.4","89.3"
"Jalen Tolbert","MIA","33.9","420.3","1.7","0.0","0.0","0.0","0.3","85.4"
"","high","33.9","420.3","1.7","0.0","0.0","0.0","0.3","85.6"
"","low","33.9","420.3","1.7","0.0","0.0","0.0","0.3","85.6"
"Isaac TeSlaa","DET","25.4","352.4","4.1","0.0","0.0","0.0","0.1","85.1"
"","high","27.0","404.0","5.0","0.0","0.0","0.0","0.0","87.4"
"","low","23.8","300.7","3.2","0.0","0.0","0.0","0.2","74.5"
"Malik Benson","LV","33.7","401.2","1.9","1.0","4.0","0.0","0.6","84.4"
"","high","48.0","558.0","3.0","2.0","8.0","0.0","0.2","96.7"
"","low","19.4","244.4","0.8","0.0","0.0","0.0","1.0","62.6"
"Ted Hurst III","TB","29.4","389.9","2.6","1.0","6.5","0.0","0.6","83.2"
"","high","36.0","485.0","3.0","2.0","13.0","0.0","0.2","84.4"
"","low","22.8","294.7","2.1","0.0","0.0","0.0","1.0","71.6"
"Hollywood Brown","PHI","28.2","349.4","3.0","0.0","0.0","0.0","0.1","81.1"
"","high","44.0","545.0","5.0","0.0","0.0","0.0","0.0","105.2"
"","low","12.4","153.8","1.0","0.0","0.0","0.0","0.1","49.5"
"Zachariah Branch","ATL","31.4","381.7","1.9","0.0","0.0","0.0","0.3","80.3"
"","high","31.4","381.7","1.9","0.0","0.0","0.0","0.3","82.5"
"","low","31.4","381.7","1.9","0.0","0.0","0.0","0.3","82.5"
"Andrei Iosivas","CIN","27.8","352.4","2.6","2.5","11.0","0.0","0.1","79.5"
"","high","35.0","470.0","3.0","3.0","11.1","0.1","0.0","83.8"
"","low","20.5","234.8","2.1","2.0","11.0","0.0","0.2","65.4"
"Elic Ayomanor","TEN","25.4","342.8","3.3","0.0","0.0","0.0","0.0","79.5"
"","high","42.0","570.0","6.0","0.0","0.0","0.0","0.0","110.4"
"","low","8.8","115.6","0.6","0.0","0.0","0.0","0.1","40.5"
"Chimere Dike","TEN","27.8","271.6","3.4","10.1","33.7","0.3","0.6","79.2"
"","high","45.0","431.0","6.0","10.2","50.3","0.6","0.2","97.8"
"","low","10.6","112.2","0.8","10.0","17.0","0.0","1.0","56.6"
"Keon Coleman","BUF","24.4","337.7","2.8","0.0","0.0","0.0","0.2","74.6"
"","high","24.4","337.7","2.8","0.0","0.0","0.0","0.2","75.4"
"","low","24.4","337.7","2.8","0.0","0.0","0.0","0.2","75.4"
"Jaylin Noel","HOU","28.7","323.0","1.8","4.2","22.2","0.1","0.3","74.4"
"","high","28.7","323.0","1.8","4.2","22.2","0.1","0.3","76.4"
"","low","28.7","323.0","1.8","4.2","22.2","0.1","0.3","76.4"
"Pat Bryant","DEN","28.4","320.5","2.1","0.0","0.0","0.0","0.3","72.6"
"","high","28.4","320.5","2.1","0.0","0.0","0.0","0.3","72.8"
"","low","28.4","320.5","2.1","0.0","0.0","0.0","0.3","72.8"
"Joshua Palmer","BUF","25.9","342.2","1.6","0.0","0.0","0.0","0.1","69.7"
"","high","35.0","479.0","2.0","0.0","0.0","0.0","0.0","76.9"
"","low","16.9","205.4","1.2","0.0","0.0","0.0","0.2","53.8"
"Olamide Zaccheaus","ATL","30.1","276.7","1.8","1.5","9.5","0.0","0.1","69.5"
"","high","46.0","411.0","3.0","3.0","19.0","0.0","0.0","82.1"
"","low","14.3","142.3","0.6","0.0","0.0","0.0","0.2","48.2"
"Marvin Mims Jr.","DEN","24.1","273.1","1.6","8.2","45.2","0.3","0.4","66.8"
"","high","24.1","273.1","1.6","8.2","45.2","0.3","0.4","69.9"
"","low","24.1","273.1","1.6","8.2","45.2","0.3","0.4","69.9"
"Jack Bech","LV","27.7","315.0","1.2","0.0","0.0","0.0","0.3","65.8"
"","high","27.7","315.0","1.2","0.0","0.0","0.0","0.3","66.0"
"","low","27.7","315.0","1.2","0.0","0.0","0.0","0.3","66.0"
"Ashton Dulin","IND","17.5","338.3","1.3","5.1","46.1","0.1","0.1","64.1"
"","high","25.0","551.0","2.0","6.0","66.0","0.2","0.0","78.5"
"","low","10.0","125.5","0.6","4.2","26.3","0.0","0.1","37.4"
"Darnell Mooney","NYG","21.4","308.6","1.7","2.2","11.9","0.1","0.2","63.6"
"","high","21.4","308.6","1.7","2.2","11.9","0.1","0.2","63.7"
"","low","21.4","308.6","1.7","2.2","11.9","0.1","0.2","63.7"
"KaVontae Turpin","DAL","18.1","229.5","1.7","17.8","103.2","0.4","0.4","63.5"
"","high","18.1","229.5","1.7","17.8","103.2","0.4","0.4","66.8"
"","low","18.1","229.5","1.7","17.8","103.2","0.4","0.4","66.8"
"DeMario Douglas","NE","22.7","270.9","1.5","4.1","21.4","0.2","0.3","61.3"
"","high","22.7","270.9","1.5","4.1","21.4","0.2","0.3","61.5"
"","low","22.7","270.9","1.5","4.1","21.4","0.2","0.3","61.5"
"Savion Williams","GB","20.5","230.9","1.7","9.0","46.9","0.3","0.3","59.8"
"","high","20.5","230.9","1.7","9.0","46.9","0.3","0.3","60.6"
"","low","20.5","230.9","1.7","9.0","46.9","0.3","0.3","60.6"
"Malachi Fields","NYG","23.0","279.5","1.5","0.0","0.0","0.0","0.2","59.7"
"","high","23.0","279.5","1.5","0.0","0.0","0.0","0.2","59.9"
"","low","23.0","279.5","1.5","0.0","0.0","0.0","0.2","59.9"
"Calvin Austin III","NYG","19.6","261.7","2.2","0.0","0.0","0.0","0.0","58.8"
"","high","33.0","449.0","4.0","0.0","0.0","0.0","0.0","79.6"
"","low","6.1","74.3","0.4","0.0","0.0","0.0","0.1","29.5"
"Jahdae Walker","CHI","17.6","233.3","2.7","0.5","3.5","0.0","0.0","57.2"
"","high","32.0","431.0","5.0","1.0","7.0","0.0","0.0","82.6"
"","low","3.2","35.5","0.3","0.0","0.0","0.0","0.0","23.1"
"Tutu Atwell","MIA","21.8","311.6","0.5","2.2","11.4","0.1","0.2","57.0"
"","high","21.8","311.6","0.5","2.2","11.4","0.1","0.2","57.0"
"","low","21.8","311.6","0.5","2.2","11.4","0.1","0.2","57.0"
"Cedric Tillman","CLE","18.5","235.6","2.1","0.0","-0.5","0.0","0.0","54.6"
"","high","34.0","438.0","4.0","0.0","0.0","0.0","0.0","77.5"
"","low","3.0","33.2","0.2","0.0","-1.0","0.0","0.0","22.9"
"Demarcus Robinson","SF","17.6","253.0","1.7","0.5","2.5","0.0","0.0","53.1"
"","high","32.0","462.0","3.0","1.0","5.0","0.0","0.0","73.6"
"","low","3.3","44.1","0.3","0.0","0.0","0.0","0.0","23.9"
"Kendrick Bourne","ARI","22.8","239.2","0.7","0.0","0.0","0.0","0.2","50.2"
"","high","22.8","239.2","0.7","0.0","0.0","0.0","0.2","50.3"
"","low","22.8","239.2","0.7","0.0","0.0","0.0","0.2","50.3"
"Luke McCaffrey","WAS","14.4","221.1","2.3","0.0","0.0","0.0","0.0","49.9"
"","high","22.0","362.0","4.0","0.0","0.0","0.0","0.0","67.4"
"","low","6.7","80.3","0.5","0.0","0.0","0.0","0.1","26.1"
"Theo Wease Jr.","MIA","16.0","233.0","1.3","0.0","0.0","0.0","0.0","47.1"
"","high","16.0","233.0","1.3","0.0","0.0","0.0","0.0","47.1"
"","low","16.0","233.0","1.3","0.0","0.0","0.0","0.0","47.1"
"Dyami Brown","WAS","15.9","216.9","1.6","0.0","0.0","0.0","0.2","46.7"
"","high","15.9","216.9","1.6","0.0","0.0","0.0","0.2","47.0"
"","low","15.9","216.9","1.6","0.0","0.0","0.0","0.2","47.0"
"Kalif Raymond","CHI","19.2","186.9","0.9","4.6","27.2","0.2","0.2","46.4"
"","high","19.2","186.9","0.9","4.6","27.2","0.2","0.2","48.0"
"","low","19.2","186.9","0.9","4.6","27.2","0.2","0.2","48.0"
"Treylon Burks","WAS","15.0","217.8","1.4","0.0","0.0","0.0","0.1","44.7"
"","high","15.0","217.8","1.4","0.0","0.0","0.0","0.1","45.0"
"","low","15.0","217.8","1.4","0.0","0.0","0.0","0.1","45.0"
"Devontez Walker","BAL","14.5","208.8","1.5","0.0","0.0","0.0","0.2","43.8"
"","high","14.5","208.8","1.5","0.0","0.0","0.0","0.2","44.0"
"","low","14.5","208.8","1.5","0.0","0.0","0.0","0.2","44.0"
"Cyrus Allen","KC","16.2","203.2","1.3","0.0","0.0","0.0","0.2","43.8"
"","high","16.2","203.2","1.3","0.0","0.0","0.0","0.2","44.0"
"","low","16.2","203.2","1.3","0.0","0.0","0.0","0.2","44.0"
"Isaiah Williams","NYJ","18.8","185.9","0.7","2.2","12.7","0.1","0.2","43.1"
"","high","18.8","185.9","0.7","2.2","12.7","0.1","0.2","46.8"
"","low","18.8","185.9","0.7","2.2","12.7","0.1","0.2","46.8"
"Bryce Lance","NO","15.1","193.3","0.9","0.0","0.0","0.0","0.2","39.5"
"","high","15.1","193.3","0.9","0.0","0.0","0.0","0.2","39.5"
"","low","15.1","193.3","0.9","0.0","0.0","0.0","0.2","39.5"
"Colbie Young","CIN","14.1","176.3","1.3","0.0","0.0","0.0","0.1","39.5"
"","high","14.1","176.3","1.3","0.0","0.0","0.0","0.1","39.6"
"","low","14.1","176.3","1.3","0.0","0.0","0.0","0.1","39.6"
"Zavion Thomas","CHI","12.5","153.5","1.2","0.0","0.0","0.0","0.1","34.9"
"","high","12.5","153.5","1.2","0.0","0.0","0.0","0.1","36.2"
"","low","12.5","153.5","1.2","0.0","0.0","0.0","0.1","36.2"
"Jaylin Lane","WAS","12.4","159.5","1.1","0.0","0.0","0.0","0.1","34.7"
"","high","12.4","159.5","1.1","0.0","0.0","0.0","0.1","37.3"
"","low","12.4","159.5","1.1","0.0","0.0","0.0","0.1","37.3"
"Xavier Hutchinson","HOU","12.5","152.3","0.7","2.1","12.4","0.1","0.1","33.6"
"","high","12.5","152.3","0.7","2.1","12.4","0.1","0.1","33.7"
"","low","12.5","152.3","0.7","2.1","12.4","0.1","0.1","33.7"
"Elijah Sarratt","BAL","11.1","165.8","1.0","0.0","0.0","0.0","0.1","33.6"
"","high","11.1","165.8","1.0","0.0","0.0","0.0","0.1","33.6"
"","low","11.1","165.8","1.0","0.0","0.0","0.0","0.1","33.6"
"Kevin Coleman Jr.","MIA","13.5","170.2","0.4","0.0","0.0","0.0","0.1","32.8"
"","high","13.5","170.2","0.4","0.0","0.0","0.0","0.1","32.9"
"","low","13.5","170.2","0.4","0.0","0.0","0.0","0.1","32.9"
"Jordan Whittington","LAR","11.3","128.2","0.9","2.3","12.1","0.1","0.1","31.2"
"","high","11.3","128.2","0.9","2.3","12.1","0.1","0.1","31.7"
"","low","11.3","128.2","0.9","2.3","12.1","0.1","0.1","31.7"
"Isaiah Bond","CLE","9.9","130.3","0.8","4.3","23.6","0.1","0.1","30.4"
"","high","9.9","130.3","0.8","4.3","23.6","0.1","0.1","30.6"
"","low","9.9","130.3","0.8","4.3","23.6","0.1","0.1","30.6"
"Konata Mumpfield","LAR","9.9","126.7","1.1","0.0","0.0","0.0","0.1","29.2"
"","high","9.9","126.7","1.1","0.0","0.0","0.0","0.1","29.2"
"","low","9.9","126.7","1.1","0.0","0.0","0.0","0.1","29.2"
"Roman Wilson","PIT","11.8","135.1","0.6","0.0","0.0","0.0","0.1","28.8"
"","high","11.8","135.1","0.6","0.0","0.0","0.0","0.1","28.9"
"","low","11.8","135.1","0.6","0.0","0.0","0.0","0.1","28.9"
"Skyler Bell","BUF","10.1","136.5","0.8","0.0","0.0","0.0","0.1","28.4"
"","high","10.1","136.5","0.8","0.0","0.0","0.0","0.1","28.5"
"","low","10.1","136.5","0.8","0.0","0.0","0.0","0.1","28.5"
"Mack Hollins","NE","10.8","126.6","0.8","0.0","0.0","0.0","0.1","28.0"
"","high","10.8","126.6","0.8","0.0","0.0","0.0","0.1","28.1"
"","low","10.8","126.6","0.8","0.0","0.0","0.0","0.1","28.1"
"Brenen Thompson","LAC","9.5","121.7","0.7","2.1","11.3","0.1","0.1","27.5"
"","high","9.5","121.7","0.7","2.1","11.3","0.1","0.1","27.5"
"","low","9.5","121.7","0.7","2.1","11.3","0.1","0.1","27.5"
"Odell Beckham Jr.","NYG","9.2","113.2","0.6","0.0","0.0","0.0","0.1","24.0"
"","high","9.2","113.2","0.6","0.0","0.0","0.0","0.1","24.1"
"","low","9.2","113.2","0.6","0.0","0.0","0.0","0.1","24.1"
"Kyle Williams","NE","6.4","91.4","0.6","4.1","22.4","0.2","0.1","22.1"
"","high","6.4","91.4","0.6","4.1","22.4","0.2","0.1","22.6"
"","low","6.4","91.4","0.6","4.1","22.4","0.2","0.1","22.6"
"Tez Johnson","TB","6.7","77.5","0.6","4.4","23.2","0.2","0.1","21.4"
"","high","6.7","77.5","0.6","4.4","23.2","0.2","0.1","21.6"
"","low","6.7","77.5","0.6","4.4","23.2","0.2","0.1","21.6"
"Jimmy Horn Jr.","CAR","6.7","75.7","0.4","6.2","36.7","0.2","0.1","21.1"
"","high","6.7","75.7","0.4","6.2","36.7","0.2","0.1","21.2"
"","low","6.7","75.7","0.4","6.2","36.7","0.2","0.1","21.2"
"Jalen Royals","KC","6.8","78.2","0.6","0.0","0.0","0.0","0.1","18.3"
"","high","6.8","78.2","0.6","0.0","0.0","0.0","0.1","18.4"
"","low","6.8","78.2","0.6","0.0","0.0","0.0","0.1","18.4"
"KeAndre Lambert-Smith","LAC","6.4","80.6","0.6","0.0","0.0","0.0","0.1","17.8"
"","high","6.4","80.6","0.6","0.0","0.0","0.0","0.1","18.1"
"","low","6.4","80.6","0.6","0.0","0.0","0.0","0.1","18.1"
"Nick Westbrook-Ikhine","IND","6.1","76.6","0.6","0.0","0.0","0.0","0.1","17.2"
"","high","6.1","76.6","0.6","0.0","0.0","0.0","0.1","17.3"
"","low","6.1","76.6","0.6","0.0","0.0","0.0","0.1","17.3"
"Mason Tipton","NO","6.8","80.6","0.3","0.0","0.0","0.0","0.1","16.7"
"","high","6.8","80.6","0.3","0.0","0.0","0.0","0.1","17.4"
"","low","6.8","80.6","0.3","0.0","0.0","0.0","0.1","17.4"
"Dont'e Thornton Jr.","LV","6.0","83.0","0.3","0.0","0.0","0.0","0.1","16.0"
"","high","6.0","83.0","0.3","0.0","0.0","0.0","0.1","16.1"
"","low","6.0","83.0","0.3","0.0","0.0","0.0","0.1","16.1"
"Greg Dortch","DET","4.1","39.7","0.3","4.6","24.0","0.4","0.1","14.1"
"","high","4.1","39.7","0.3","4.6","24.0","0.4","0.1","16.0"
"","low","4.1","39.7","0.3","4.6","24.0","0.4","0.1","16.0"
"Barion Brown","NO","4.6","57.4","0.3","0.0","0.0","0.0","0.1","11.8"
"","high","4.6","57.4","0.3","0.0","0.0","0.0","0.1","13.2"
"","low","4.6","57.4","0.3","0.0","0.0","0.0","0.1","13.2"
"Bo Melton","GB","2.9","37.4","0.3","4.5","25.9","0.1","0.1","11.5"
"","high","2.9","37.4","0.3","4.5","25.9","0.1","0.1","11.7"
"","low","2.9","37.4","0.3","4.5","25.9","0.1","0.1","11.7"
"Tyrell Shavers","BUF","4.0","52.1","0.3","0.0","0.0","0.0","0.0","10.9"
"","high","4.0","52.1","0.3","0.0","0.0","0.0","0.0","11.0"
"","low","4.0","52.1","0.3","0.0","0.0","0.0","0.0","11.0"
"Derius Davis","LAC","3.5","38.1","0.3","2.1","11.0","0.1","0.1","10.3"
"","high","3.5","38.1","0.3","2.1","11.0","0.1","0.1","11.7"
"","low","3.5","38.1","0.3","2.1","11.0","0.1","0.1","11.7"
"Xavier Smith","LAR","3.6","44.4","0.3","0.0","0.0","0.0","0.0","9.9"
"","high","3.6","44.4","0.3","0.0","0.0","0.0","0.0","11.6"
"","low","3.6","44.4","0.3","0.0","0.0","0.0","0.0","11.6"
"Mitch Tinsley","CIN","3.3","41.8","0.4","0.0","0.0","0.0","0.0","9.7"
"","high","3.3","41.8","0.4","0.0","0.0","0.0","0.0","9.8"
"","low","3.3","41.8","0.4","0.0","0.0","0.0","0.0","9.8"
"CJ Daniels","LAR","3.4","42.8","0.3","0.0","0.0","0.0","0.0","9.6"
"","high","3.4","42.8","0.3","0.0","0.0","0.0","0.0","9.6"
"","low","3.4","42.8","0.3","0.0","0.0","0.0","0.0","9.6"
"Malachi Corley","CLE","1.7","16.5","0.1","6.4","44.0","0.2","0.1","9.1"
"","high","1.7","16.5","0.1","6.4","44.0","0.2","0.1","9.5"
"","low","1.7","16.5","0.1","6.4","44.0","0.2","0.1","9.5"
"Tai Felton","MIN","3.7","37.1","0.2","0.0","0.0","0.0","0.0","8.8"
"","high","3.7","37.1","0.2","0.0","0.0","0.0","0.0","9.0"
"","low","3.7","37.1","0.2","0.0","0.0","0.0","0.0","9.0"
"Justin Watson","HOU","3.1","41.6","0.2","0.0","0.0","0.0","0.0","8.6"
"","high","3.1","41.6","0.2","0.0","0.0","0.0","0.0","8.6"
"","low","3.1","41.6","0.2","0.0","0.0","0.0","0.0","8.6"
"Darius Cooper","PHI","3.3","37.7","0.3","0.0","0.0","0.0","0.0","8.5"
"","high","3.3","37.7","0.3","0.0","0.0","0.0","0.0","8.5"
"","low","3.3","37.7","0.3","0.0","0.0","0.0","0.0","8.5"
"Jonathan Mingo","DAL","2.9","40.6","0.3","0.0","0.0","0.0","0.0","8.4"
"","high","2.9","40.6","0.3","0.0","0.0","0.0","0.0","8.4"
"","low","2.9","40.6","0.3","0.0","0.0","0.0","0.0","8.4"
"Reggie Virgil","ARI","3.4","39.3","0.1","0.0","0.0","0.0","0.0","8.1"
"","high","3.4","39.3","0.1","0.0","0.0","0.0","0.0","8.1"
"","low","3.4","39.3","0.1","0.0","0.0","0.0","0.0","8.1"
"Brycen Tremayne","CAR","3.3","36.1","0.2","0.0","0.0","0.0","0.0","7.8"
"","high","3.3","36.1","0.2","0.0","0.0","0.0","0.0","8.0"
"","low","3.3","36.1","0.2","0.0","0.0","0.0","0.0","8.0"
"Ben Skowronek","PIT","1.8","17.0","0.1","0.0","0.0","0.0","0.0","3.9"
"","high","1.8","17.0","0.1","0.0","0.0","0.0","0.0","3.9"
"","low","1.8","17.0","0.1","0.0","0.0","0.0","0.0","3.9"
"Arian Smith","NYJ","0.0","0.0","0.0","4.4","23.7","0.2","0.0","3.5"
"","high","0.0","0.0","0.0","4.4","23.7","0.2","0.0","3.5"
"","low","0.0","0.0","0.0","4.4","23.7","0.2","0.0","3.5"
"Jalen Reagor","MIA","1.4","17.7","0.1","0.0","0.0","0.0","0.0","3.4"
"","high","1.4","17.7","0.1","0.0","0.0","0.0","0.0","3.4"
"","low","1.4","17.7","0.1","0.0","0.0","0.0","0.0","3.4"
"Kameron Johnson","TB","0.0","0.0","0.0","2.2","12.1","0.1","0.0","1.8"
"","high","0.0","0.0","0.0","2.2","12.1","0.1","0.0","3.6"
"","low","0.0","0.0","0.0","2.2","12.1","0.1","0.0","3.6"
"Kaden Wetjen","PIT","0.0","0.0","0.0","2.2","11.7","0.1","0.0","1.6"
"","high","0.0","0.0","0.0","2.2","11.7","0.1","0.0","4.1"
"","low","0.0","0.0","0.0","2.2","11.7","0.1","0.0","4.1"
"Laquon Treadwell","IND","0.0","0.0","0.0","0.0","0.0","0.0","0.0","0.0"
"","high","0.0","0.0","0.0","0.0","0.0","0.0","0.0","0.0"
"","low","0.0","0.0","0.0","0.0","0.0","0.0","0.0","0.0"
"David Moore","CAR","0.0","0.0","0.0","0.0","0.0","0.0","0.0","0.0"
"","high","0.0","0.0","0.0","0.0","0.0","0.0","0.0","0.0"
"","low","0.0","0.0","0.0","0.0","0.0","0.0","0.0","0.0"
"Braxton Berrios","NYG","0.0","0.0","0.0","0.0","0.0","0.0","0.0","0.0"
"","high","0.0","0.0","0.0","0.0","0.0","0.0","0.0","2.5"
"","low","0.0","0.0","0.0","0.0","0.0","0.0","0.0","2.5"
"Devin Duvernay","ARI","0.0","0.0","0.0","0.0","0.0","0.0","0.0","0.0"
"","high","0.0","0.0","0.0","0.0","0.0","0.0","0.0","0.8"
"","low","0.0","0.0","0.0","0.0","0.0","0.0","0.0","0.8"
"Mason Kinsey","TEN","0.0","0.0","0.0","0.0","0.0","0.0","0.0","0.0"
"","high","0.0","0.0","0.0","0.0","0.0","0.0","0.0","0.1"
"","low","0.0","0.0","0.0","0.0","0.0","0.0","0.0","0.1"
"Michael Bandy","DEN","0.0","0.0","0.0","0.0","0.0","0.0","0.0","0.0"
"","high","0.0","0.0","0.0","0.0","0.0","0.0","0.0","0.2"
"","low","0.0","0.0","0.0","0.0","0.0","0.0","0.0","0.2"
"Skyy Moore","GB","0.0","0.0","0.0","0.0","0.0","0.0","0.0","0.0"
"","high","0.0","0.0","0.0","0.0","0.0","0.0","0.0","0.4"
"","low","0.0","0.0","0.0","0.0","0.0","0.0","0.0","0.4"
"Britain Covey","PHI","0.0","0.0","0.0","0.0","0.0","0.0","0.0","0.0"
"","high","0.0","0.0","0.0","0.0","0.0","0.0","0.0","1.7"
"","low","0.0","0.0","0.0","0.0","0.0","0.0","0.0","1.7"
"Dareke Young","LV","0.0","0.0","0.0","0.0","0.0","0.0","0.0","0.0"
"","high","0.0","0.0","0.0","0.0","0.0","0.0","0.0","0.4"
"","low","0.0","0.0","0.0","0.0","0.0","0.0","0.0","0.4"
"Jacob Cowing","SF","0.0","0.0","0.0","0.0","0.0","0.0","0.0","0.0"
"","high","0.0","0.0","0.0","0.0","0.0","0.0","0.0","1.1"
"","low","0.0","0.0","0.0","0.0","0.0","0.0","0.0","1.1"
"Charlie Jones","CIN","0.0","0.0","0.0","0.0","0.0","0.0","0.0","0.0"
"","high","0.0","0.0","0.0","0.0","0.0","0.0","0.0","2.5"
"","low","0.0","0.0","0.0","0.0","0.0","0.0","0.0","2.5"
"Jalen Brooks","ARI","0.0","0.0","0.0","0.0","0.0","0.0","0.0","0.0"
"","high","0.0","0.0","0.0","0.0","0.0","0.0","0.0","0.3"
"","low","0.0","0.0","0.0","0.0","0.0","0.0","0.0","0.3"
"Nikko Remigio","KC","0.0","0.0","0.0","0.0","0.0","0.0","0.0","0.0"
"","high","0.0","0.0","0.0","0.0","0.0","0.0","0.0","1.4"
"","low","0.0","0.0","0.0","0.0","0.0","0.0","0.0","1.4"
"Anthony Gould","IND","0.0","0.0","0.0","0.0","0.0","0.0","0.0","0.0"
"","high","0.0","0.0","0.0","0.0","0.0","0.0","0.0","1.4"
"","low","0.0","0.0","0.0","0.0","0.0","0.0","0.0","1.4"
"Jeshaun Jones","MIN","0.0","0.0","0.0","0.0","0.0","0.0","0.0","0.0"
"","high","0.0","0.0","0.0","0.0","0.0","0.0","0.0","0.1"
"","low","0.0","0.0","0.0","0.0","0.0","0.0","0.0","0.1"
"Efton Chism III","NE","0.0","0.0","0.0","0.0","0.0","0.0","0.0","0.0"
"","high","0.0","0.0","0.0","0.0","0.0","0.0","0.0","0.5"
"","low","0.0","0.0","0.0","0.0","0.0","0.0","0.0","0.5"
"LaJohntay Wester","BAL","0.0","0.0","0.0","0.0","0.0","0.0","0.0","0.0"
"","high","0.0","0.0","0.0","0.0","0.0","0.0","0.0","1.9"
"","low","0.0","0.0","0.0","0.0","0.0","0.0","0.0","1.9"
"Ke'Shawn Williams","CIN","0.0","0.0","0.0","0.0","0.0","0.0","0.0","0.0"
"","high","0.0","0.0","0.0","0.0","0.0","0.0","0.0","1.0"
"","low","0.0","0.0","0.0","0.0","0.0","0.0","0.0","1.0"
"Myles Price","MIN","0.0","0.0","0.0","0.0","0.0","0.0","0.0","0.0"
"","high","0.0","0.0","0.0","0.0","0.0","0.0","0.0","2.0"
"","low","0.0","0.0","0.0","0.0","0.0","0.0","0.0","2.0"
"Gage Larvadain","CLE","0.0","0.0","0.0","0.0","0.0","0.0","0.0","0.0"
"","high","0.0","0.0","0.0","0.0","0.0","0.0","0.0","0.7"
"","low","0.0","0.0","0.0","0.0","0.0","0.0","0.0","0.7"
"Josh Cameron","JAC","0.0","0.0","0.0","0.0","0.0","0.0","0.0","0.0"
"","high","0.0","0.0","0.0","0.0","0.0","0.0","0.0","0.3"
"","low","0.0","0.0","0.0","0.0","0.0","0.0","0.0","0.3"
""
""