chopped_rank,tier,position,position_rank,player,team,bye,roster_pool,chopped_value,baseline_half_ppr_projection,modeled_available_points,projection_floor,projection_ceiling,expected_starts,expected_starting_points,week_1_start_pct,week_8_start_pct,week_14_start_pct,week_17_start_pct,ir_priority,news_adjustment,source_url
1,1,RB,1,Jahmyr Gibbs,DET,6,Starter pool,1000,337.1,316.39,313.29,359.7,15.08,304.56,100,99.4,91.9,66,,,
2,1,RB,2,Bijan Robinson,ATL,11,Starter pool,981,330.29,314.29,310.24,358.6,15.07,302.37,99.9,99.4,91.6,65.1,,,
3,1,RB,3,Christian McCaffrey,SF,8,Starter pool,747,295.56,275.25,275.5,310.1,14.22,253.58,99.9,0,81.8,45.8,,,
4,1,RB,4,Jonathan Taylor,IND,13,Starter pool,741,289.06,273.08,262.1,321.19,14.25,251.64,99.9,98.5,80.2,44,,,
5,1,WR,1,Puka Nacua,LAR,11,Starter pool,688,281.3,264.81,278.9,284.9,14.42,245.87,99.9,98.6,83,52,,,
6,1,WR,2,Ja'Marr Chase,CIN,6,Starter pool,665,275.06,260.64,264.5,286.09,14.24,239.7,99.9,98.4,81.3,48.3,,,
7,1,WR,3,Jaxon Smith-Njigba,SEA,11,Starter pool,627,269.03,254.32,252.72,288.95,14.08,231.6,99.9,98.1,78.9,45.1,,,
8,1,RB,5,Derrick Henry,BAL,13,Starter pool,609,264.64,250.05,238.75,291.04,13.54,221.65,99.4,96,71.6,32.8,,,
9,1,RB,6,De'Von Achane,MIA,6,Starter pool,592,259.74,248.28,228.1,299.45,13.27,216.99,99.4,96,70,31.8,,,
10,1,QB,1,Josh Allen,BUF,7,Starter pool,583,415.86,395.86,392.94,447.96,12.27,319.94,96.1,87.9,61.2,36.1,,,
11,1,WR,4,Amon-Ra St. Brown,DET,6,Starter pool,582,261.17,246.67,253.7,270.07,13.76,220.75,99.8,97.5,74.9,40.2,,,
12,1,RB,7,Ashton Jeanty,LV,13,Starter pool,544,246.93,238.14,218.4,289.88,13.04,205.03,99.2,94.4,64.5,27.3,,,
13,2,RB,8,James Cook III,BUF,7,Starter pool,536,253.93,238.58,238.7,266.26,12.9,203.79,99.1,94.8,65.6,26.6,,,
14,2,RB,9,Chase Brown,CIN,6,Starter pool,502,246.94,232.2,222.8,271.7,12.56,194.42,98.9,93.3,61.2,24.5,,,
15,2,RB,10,Saquon Barkley,PHI,10,Starter pool,492,243.6,229.95,226.3,262.11,12.53,191.83,99.1,92.7,59.8,23.1,,,
16,2,WR,5,Drake London,ATL,11,Starter pool,468,236.21,225.98,214.47,270.3,12.81,190.91,99.4,94.3,62,27.4,,,
17,2,RB,11,Kenneth Walker III,KC,5,Starter pool,432,234.95,219.02,215,250.51,11.87,175.18,98.4,90.3,53.1,18.1,,,
18,2,RB,12,Jeremiyah Love,ARI,14,Starter pool,429,227.95,215.7,203.8,252.82,12.11,174.93,97.9,89.6,0,16.2,,,
19,2,TE,1,Trey McBride,ARI,14,Starter pool,415,199.96,187.71,185.73,213.6,13.13,163.26,98,91.9,0,36.6,,,
20,2,TE,2,Brock Bowers,LV,13,Starter pool,406,195.59,186.82,182.2,214.3,13,161.33,97.4,91.4,69.3,36.4,,,
21,2,WR,6,Rashee Rice,KC,5,Starter pool,397,224.61,213.04,192.8,260.18,11.92,169.79,98.9,91.5,52.3,20,,,
22,2,RB,13,Omarion Hampton,LAC,7,Starter pool,397,229.29,212.57,205.2,245.5,11.51,165.59,97.8,88.8,48,15.6,,,
23,2,WR,7,Justin Jefferson,MIN,6,Starter pool,390,223.09,212.2,213,239.03,11.9,168.67,98.9,91.3,52.6,19.2,,,
24,2,RB,14,Breece Hall,NYJ,13,Starter pool,387,222.58,208.27,196.3,246.17,11.51,162.51,97.1,86.8,46.3,14.1,,,
25,2,RB,15,Kyren Williams,LAR,11,Starter pool,386,223.5,209.83,211.81,236.1,11.47,162.77,98,88,46.8,14.4,,,
26,2,QB,2,Lamar Jackson,BAL,13,Starter pool,379,371.45,355.14,338.16,418.83,9.77,236.29,87.4,71.3,37.7,16.3,,,
27,2,WR,8,CeeDee Lamb,DAL,14,Starter pool,378,223.99,206.83,195.8,243.95,11.99,165.28,98.1,89.5,0,16.9,,,
28,2,RB,16,Javonte Williams,DAL,14,Starter pool,377,218.1,205.47,199.4,240.07,11.48,159.77,97,85.9,0,12.6,,,
29,2,WR,9,George Pickens,DAL,14,Starter pool,356,210.9,202.49,187.4,245.8,11.72,158.55,98.4,87.7,0,14.7,,,
30,2,RB,17,Cam Skattebo,NYG,8,Starter pool,352,217.41,203.28,192.69,240,10.92,151.83,96.7,0,43,11.5,,,
31,3,WR,10,Chris Olave,NO,8,Starter pool,337,212.34,201.55,195.65,233.2,11.25,152.52,98.3,0,44.3,14.3,,,
32,3,WR,11,A.J. Brown,NE,11,Starter pool,336,211.62,200.72,199.3,229.1,11.31,152.39,97.9,87.7,44.1,13.5,,,
33,3,RB,18,Travis Etienne Jr.,NO,8,Starter pool,329,210.14,198.47,185.5,238.74,10.58,144.43,96.4,0,38.8,10.4,,,
34,3,QB,3,Drake Maye,NE,11,Starter pool,327,368.58,345.82,342.7,389.19,8.99,213.42,84.4,67.5,32.7,12.6,,,
35,3,QB,4,Joe Burrow,CIN,6,Starter pool,318,366.06,345.66,351.82,384.08,8.79,208.89,85.3,67.7,32.3,12.6,,,
36,3,WR,12,Nico Collins,HOU,8,Starter pool,315,207.7,197.06,196.9,220.45,10.88,145.1,97.5,0,40,12.2,,,
37,3,RB,19,D'Andre Swift,CHI,10,Starter pool,310,205.24,193.89,187.57,222.3,10.36,138.49,95.3,81.5,36.2,8.8,,,
38,3,QB,5,Jalen Hurts,PHI,10,Starter pool,308,361.74,342.2,338.22,391.35,8.63,203.66,83.7,65.2,30.1,11.6,,,
39,3,RB,20,Bucky Irving,TB,10,Starter pool,303,203.39,192.27,186.93,224.6,10.22,135.99,95,79.8,34.3,8.6,,,
40,3,WR,13,Zay Flowers,BAL,13,Starter pool,294,201.2,190.54,185.94,217.8,10.72,138.54,96.5,82.5,35.6,9.8,,,
41,3,QB,6,Dak Prescott,DAL,14,Starter pool,291,356.42,336.67,334.2,382.59,8.4,195.76,80.8,61.8,0,9.8,,,
42,3,QB,7,Jayden Daniels,WAS,7,Starter pool,287,359.22,338.37,328.12,391.34,8.16,191.77,81.8,62.9,28.4,10.3,,,
43,3,RB,21,Quinshon Judkins,CLE,11,Starter pool,283,198.46,187.82,172.8,228.1,9.9,129.54,94.3,77.5,32.3,7.5,,,
44,3,WR,14,Malik Nabers,NYG,8,Starter pool,282,199.82,190.18,182.1,226.02,10.36,134.37,96.7,0,35.7,9.3,,,
45,3,TE,3,Colston Loveland,CHI,10,Starter pool,281,172.1,164.11,156.5,193.7,11.1,125.32,93.9,82.6,51.3,21.1,,,
46,3,QB,8,Matthew Stafford,LAR,11,Starter pool,268,353.35,333.1,335.76,370.21,7.89,182.86,79.3,59,24.2,9.2,,,
47,3,WR,15,Garrett Wilson,NYJ,13,Starter pool,265,194.56,184.04,167.9,221.31,10.18,128.35,95.3,78,30.7,8.1,,,
48,3,QB,9,Patrick Mahomes II,KC,5,Starter pool,256,347.72,330.79,325.38,377.64,7.43,173.09,77.8,57.1,24.1,9.1,,,
49,3,QB,10,Brock Purdy,SF,8,Starter pool,254,348.49,330.41,324.97,378.73,7.5,173.86,78,0,23.9,8.3,,,
50,3,RB,22,Bhayshul Tuten,JAC,7,Starter pool,251,192.17,180.92,152.4,234.5,9.11,117.36,91.8,72.5,28.3,6.1,,,
51,3,QB,11,Caleb Williams,CHI,10,Starter pool,249,346.94,328.48,326.82,371.44,7.42,171.4,77,55.7,22.5,8.5,,,
52,3,WR,16,DeVonta Smith,PHI,10,Starter pool,247,192.8,181.98,188.5,197.15,9.8,122.22,95.4,77.9,29.1,6.8,,,
53,3,QB,12,Trevor Lawrence,JAC,7,Starter pool,246,347.13,328.72,319.7,385.4,7.28,168.78,76.7,56.2,23.2,8.1,,,
54,3,WR,17,Tetairoa McMillan,CAR,5,Starter pool,245,193,182.05,180.5,206.71,9.52,120.12,95.1,76.6,29.2,7.4,,,
55,4,WR,18,Emeka Egbuka,TB,10,Starter pool,237,191.58,179.89,180.2,201.53,9.62,118.81,95.3,76.5,26.4,6.3,,,
56,4,QB,13,Jaxson Dart,NYG,8,Starter pool,234,343.37,325.17,314.46,379.82,7.07,162.16,75.7,0,21,7.3,,,
57,4,WR,19,Davante Adams,LAR,11,Starter pool,231,187.82,178.13,178.05,200.25,9.48,116.3,94.6,75.1,25.6,5.9,,,
58,4,QB,14,Jared Goff,DET,6,Starter pool,222,341.14,322.99,319.75,364.56,6.76,155.21,74.2,52.6,20,6.7,,,
59,4,WR,20,Tee Higgins,CIN,6,Starter pool,221,186.14,176.75,170.3,206.4,9.03,111.5,94,73.3,24.8,5.8,,,
60,4,QB,15,Justin Herbert,LAC,7,Starter pool,220,340.19,322.61,320.41,366.28,6.74,154.54,73.9,52,20.1,6.4,,,
61,4,TE,4,Tyler Warren,IND,13,Starter pool,214,159.71,150.33,149.4,168.9,9.85,103.78,90,74.1,38.4,12.3,,,
62,4,QB,16,Bo Nix,DEN,10,Starter pool,208,340.96,318.07,317.76,355.3,6.52,147.8,71,49.5,17.6,6,,,
63,4,RB,23,David Montgomery,HOU,8,Starter pool,208,180.44,170.99,165.8,200.6,8.34,102.33,89.2,0,21.5,3.6,,,
64,4,TE,5,Kyle Pitts Sr.,ATL,11,Starter pool,206,155.84,148.99,142.2,175.9,9.5,100.28,88.5,72.5,37.8,12.7,,,
65,4,WR,21,Jameson Williams,DET,6,Starter pool,201,185.17,172.2,171.42,194.31,8.62,104.12,92.6,70.6,22.1,4.2,,,
66,4,WR,22,Ladd McConkey,LAC,7,Starter pool,199,180.81,171.46,168.4,192.94,8.57,103.22,92.1,69.5,21.3,4.3,,,
67,4,WR,23,Terry McLaurin,WAS,7,Starter pool,193,175.58,169.59,160,203.94,8.36,100.07,91.5,67.7,20.2,4.4,,,
68,4,DST,1,Denver Broncos,DEN,10,Starter pool,192,118.3,160.42,118.3,276.4,12.72,136.93,100,91.3,59.8,34.1,,,
69,4,RB,24,Jadarian Price,SEA,11,Starter pool,188,176.93,165.31,156.94,195.9,7.94,94.95,86.9,62.1,17.7,2.8,,,
70,4,TE,6,Harold Fannin Jr.,CLE,11,Starter pool,186,151.78,144.22,135.3,171.2,8.8,91.5,85.7,67.4,32.2,10.2,,,
71,4,RB,25,Jaylen Warren,PIT,9,Starter pool,184,176.25,164.31,164.74,187.55,7.83,93.09,86.5,61.7,17.2,2.8,,,
72,4,RB,26,TreVeyon Henderson,NE,11,Starter pool,183,175.2,164.12,164.57,184.55,7.86,93.11,87.1,61.9,16.6,2.8,,,
73,4,WR,24,Rome Odunze,CHI,10,Starter pool,177,173.87,164.45,162.05,186.21,8.04,93.85,88.9,63.2,16.5,3.6,,,
74,4,TE,7,Tucker Kraft,GB,11,Starter pool,174,147.93,141.34,125.8,177.54,8.5,87.22,83.9,65.3,30.1,8.9,,,
75,4,RB,27,Tony Pollard,TEN,9,Starter pool,170,171.94,160.53,156.31,185.8,7.42,87.21,84.5,58,15.1,2.3,,,
76,4,TE,8,Sam LaPorta,DET,6,Starter pool,167,149.19,140.79,134.2,166.15,8.21,84.26,83.9,64.5,29.3,8.6,,,
77,4,WR,25,Luther Burden III,CHI,10,Starter pool,167,171.68,161.86,160,186.5,7.8,89.94,88.3,60.8,15.5,3,,,
78,4,WR,26,Jaylen Waddle,DEN,10,Starter pool,166,172.96,162.47,169.3,177,7.91,90.79,89.3,63,14.8,2.7,,,
79,4,WR,27,DJ Moore,BUF,7,Starter pool,166,174.01,162.66,152.7,191.9,7.61,88.81,88.3,61.6,16.1,2.8,,,
80,4,TE,9,Dallas Goedert,PHI,10,Starter pool,165,146.84,139.4,124.9,173.87,8.21,83.68,82.7,62.9,29,8.5,,,
81,4,DST,2,Houston Texans,HOU,8,Starter pool,164,120.3,150.77,120.3,238.3,12.23,124,100,0,53.9,27,,,
82,4,WR,28,Alec Pierce,IND,13,Starter pool,163,168.11,159.57,148.28,193.7,7.77,88.59,87.1,58.4,13.9,2.5,,,
83,4,QB,17,Baker Mayfield,TB,10,Starter pool,159,321.1,303.79,293.52,354.62,5.21,115.93,61.9,39.1,12.1,3.7,,,
84,4,WR,29,Mike Evans,SF,8,Starter pool,158,170.38,160.45,153.48,185.4,7.52,86.27,87.9,0,14.6,2.4,,,
85,4,RB,28,Rhamondre Stevenson,NE,11,Starter pool,156,168.75,156.73,150.1,182.49,7.07,81.69,83,54,13.4,1.6,,,
86,4,RB,29,J.K. Dobbins,DEN,10,Starter pool,154,166.55,156.36,149.14,184.54,7.03,81.12,82.2,54.3,13.3,1.8,,,
87,4,RB,30,Rico Dowdle,PIT,9,Starter pool,154,163.91,156.26,149.05,187.44,7.04,81.06,82.8,54.2,13.1,1.6,,,
88,4,TE,10,Travis Kelce,KC,5,Starter pool,150,144.22,136.72,136.6,156.5,7.71,77.66,81.8,61.1,26,6.7,,,
89,4,QB,18,Daniel Jones,IND,13,Bench pool,148,310.12,297.15,266.82,371.92,4.87,107.79,56.3,35,11.4,3,,,
90,4,WR,30,Christian Watson,GB,11,Starter pool,148,165.84,156.76,154.11,180.61,7.27,81.92,86,56.2,12.9,2,,,
91,5,QB,19,Tyler Shough,NO,8,Starter pool,144,319.55,300.5,295.02,343.14,4.93,108.16,61,0,10.5,2.5,,,
92,5,WR,31,Courtland Sutton,DEN,10,Starter pool,144,164.97,155.65,157.3,171.7,7.08,79.71,85.2,54.4,11.9,2.1,,,
93,5,DST,3,Seattle Seahawks,SEA,11,Starter pool,141,110.9,141.61,110.9,229,11.51,110.97,100,85.1,45.7,20.9,,,
94,5,TE,11,George Kittle,SF,8,Starter pool,141,142.29,133.91,123.4,162.5,7.4,73.76,79.9,0,23.9,6.3,,,
95,5,WR,32,Marvin Harrison Jr.,ARI,14,Starter pool,141,163.55,153.57,154.1,171.91,7.18,79.68,83.9,53.7,0,1.6,,,
96,5,RB,31,Chuba Hubbard,CAR,5,Starter pool,139,158.81,152.43,135.77,189.76,6.3,72.8,79.1,49.9,11.6,1.9,,,
97,5,WR,33,DK Metcalf,PIT,9,Starter pool,137,163.16,154.15,154.7,172.15,6.93,77.08,84.6,53.7,11.4,1.8,,,
98,5,DST,4,Los Angeles Rams,LAR,11,Starter pool,136,108,138.99,106,227.3,11.18,106.65,100,82.8,42.4,19.2,,,
99,5,TE,12,Mark Andrews,BAL,13,Starter pool,133,137.3,130.69,123.3,155,7.1,69.93,76.7,53.5,21.3,5.7,,,
100,5,K,1,Brandon Aubrey,DAL,14,Starter pool,130,153,148.73,150,171.7,12.46,121.43,100,88.9,0,27.8,,,
101,5,QB,20,Kyler Murray,MIN,6,Bench pool,130,313.39,294.43,265.28,361.28,4.38,96.31,56.5,33.3,9.7,2.6,,,
102,5,QB,21,Jordan Love,GB,11,Bench pool,129,310.74,293.83,286.78,336.89,4.41,96.52,54.7,32,9.4,2.3,,,
103,5,QB,22,Sam Darnold,SEA,11,Bench pool,127,308.02,292.72,279.03,343.7,4.32,94.39,53.8,31,9.1,2.3,,,
104,5,TE,13,Isaiah Likely,NYG,8,Starter pool,126,133.32,129.58,113.6,165.2,6.76,66.4,75.8,0,20.4,5.2,,,
105,5,DST,5,Philadelphia Eagles,PHI,10,Starter pool,124,102.6,133.69,102.6,222.4,10.62,98.69,100,78.4,37.6,16.7,,,
106,5,RB,32,MarShawn Lloyd,GB,11,Starter pool,114,146.41,107.67,60,225,4.04,47.75,57.3,30.8,3.1,0.8,,Immediate GB lead-back opportunity; extreme durability/role range,https://www.fantasypros.com/nfl/projections/marshawn-lloyd.php
107,5,K,2,Jason Myers,SEA,11,Starter pool,114,150.4,143.24,138,167,11.47,109.23,100,83.8,49.6,21.9,,,
108,5,WR,34,Parker Washington,JAC,7,Starter pool,110,152.91,146.49,140.6,172.09,5.84,63.57,78.8,45.5,7.8,1.3,,,
109,5,K,3,Cameron Dicker,LAC,7,Starter pool,107,143.7,141.04,143,161.9,11.06,104.1,100,82.6,45.9,19.6,,,
110,5,TE,14,Dalton Kincaid,BUF,7,Starter pool,106,131.83,124.53,115.9,149.8,6.06,58.06,70.9,47.8,16.8,3.8,,,
111,5,TE,15,Jake Ferguson,DAL,14,Starter pool,105,130.19,123.06,120,143,6.19,58.37,70.7,45.7,0,3.7,,,
112,5,QB,23,Malik Willis,MIA,6,Bench pool,104,295.1,281.74,231.99,368.81,3.42,75.2,45.7,26.1,7.4,1.8,,,
113,5,WR,35,Brian Thomas Jr.,JAC,7,Starter pool,103,152.39,144.09,138.8,169.7,5.53,59.83,76.5,42.7,7,1,,,
114,5,DST,6,Minnesota Vikings,MIN,6,Starter pool,99,112.8,122.52,74.3,206,9.22,81.27,100,69.3,28.1,11.4,,,
115,5,K,4,Ka'imi Fairbairn,HOU,8,Starter pool,98,144.1,137.4,138,157.9,10.57,97.39,100,0,41,16.2,,,
116,5,QB,24,C.J. Stroud,HOU,8,Bench pool,97,296.22,281.95,272.16,331.53,3.41,73.41,46.3,0,5.9,1.5,,,
117,5,DST,7,Baltimore Ravens,BAL,13,Starter pool,96,102,121.18,99,184.2,9.75,82.32,100,70.7,26.2,8.6,,,
118,5,WR,36,Michael Pittman Jr.,PIT,9,Starter pool,94,150.26,139.74,127.8,167.95,5.23,55.36,72.8,38.4,5.9,0.8,,,
119,5,RB,33,RJ Harvey,DEN,10,Starter pool,94,144.64,136.58,117.19,173.14,4.85,52.32,67.1,35.3,5.8,0.5,,,
120,5,DST,8,New England Patriots,NE,11,Starter pool,93,99.6,121.12,99,187.2,9.47,80.18,100,70.9,25.8,8.5,,,
121,5,RB,34,Kyle Monangai,CHI,10,Starter pool,93,144.88,136.61,125.7,165.55,4.88,52.35,67.4,35.3,5.6,0.5,,,
122,5,DST,9,New Orleans Saints,NO,8,Starter pool,92,100.9,120.1,90.6,189.9,9.17,78.15,100,0,25.7,9.1,,,
123,5,DST,10,Cleveland Browns,CLE,11,Starter pool,91,101.1,119.67,97,183.9,9.23,77.75,100,68.6,24.6,7.8,,,
124,5,RB,35,Jonathon Brooks,CAR,5,Starter pool,90,143.63,135.5,111.5,175.82,4.49,49.34,65.4,34.1,6.4,0.7,,,
125,5,WR,37,Jayden Reed,GB,11,Starter pool,90,144.61,138.58,134,159.7,5.1,53.52,71.5,36.7,5.2,0.7,,,
126,5,DST,11,Pittsburgh Steelers,PIT,9,Starter pool,90,111.9,120.19,111.9,158.5,9.6,79.01,100,73.4,23.7,7,,,
127,6,WR,38,Carnell Tate,TEN,9,Starter pool,90,145.86,137.98,125.2,168.92,5.05,53.08,70.6,36.3,5.1,0.7,,,
128,6,RB,36,Rachaad White,WAS,7,Starter pool,89,145.68,136.18,119.99,171.8,4.67,50.28,67.2,35.5,5.4,0.6,,,
129,6,RB,37,Kenny Gainwell,TB,10,Starter pool,87,143.46,134.29,117.9,165.3,4.6,49.21,64.8,33,5,0.7,,,
130,6,TE,16,Brenton Strange,JAC,7,Starter pool,86,121.52,118.06,105.8,146.4,5.16,48.33,64.4,40.6,12.2,2.8,,,
131,6,TE,17,Juwan Johnson,NO,8,Starter pool,85,122.59,118.03,107.31,145.3,5.12,47.85,65,0,12.9,2.6,,,
132,6,WR,39,Michael Wilson,ARI,14,Starter pool,85,143.06,135.57,132.3,157.53,4.91,51.13,68.8,33.2,0,0.4,,,
133,6,K,5,Eddy Pineiro,SF,8,Starter pool,84,132.6,130.9,130,155.3,9.6,85.11,100,0,32,10.7,,,
134,6,WR,40,Jakobi Meyers,JAC,7,Starter pool,83,144.79,137.56,139.91,151.3,4.83,50.37,72.3,36.5,4.4,0.5,,,
135,6,K,6,Blake Grupe,IND,13,Starter pool,82,133.4,129.16,123,153,9.6,84.1,100,68.8,29.2,10.1,,,
136,6,K,7,Harrison Mevis,LAR,11,Starter pool,82,136.9,129.71,120,159.5,9.47,83.5,100,69.5,30.2,10.4,,,
137,6,DST,12,Detroit Lions,DET,6,Starter pool,82,106.8,117.08,103,161.9,8.91,72.68,100,69,21,6.1,,,
138,6,WR,41,Chris Godwin Jr.,TB,10,Starter pool,79,141.92,134.4,126.08,157.8,4.6,47.6,67.8,32.4,4,0.6,,,
139,6,WR,42,Quentin Johnston,LAC,7,Starter pool,79,143.12,135.21,127.3,162.38,4.52,47.24,68.2,33.8,4.7,0.6,,,
140,6,TE,18,Hunter Henry,NE,11,Starter pool,78,122.72,115.75,119.5,127.6,4.94,45.31,61.6,37.7,10.9,2.2,,,
141,6,K,8,Chase McLaughlin,TB,10,Starter pool,78,132.9,128.05,131,142.2,9.23,80.27,100,68.4,27.9,8.6,,,
142,6,K,9,Harrison Butker,KC,5,Starter pool,78,131.9,128.64,130,148.8,9.08,79.66,100,68.9,28.8,9.3,,,
143,6,RB,38,Jacory Croskey-Merritt,WAS,7,Starter pool,78,139.67,132.42,125.4,155.05,4.22,44.62,63.3,30.7,4.5,0.5,,,
144,6,K,10,Tyler Loop,BAL,13,Starter pool,77,132.1,126.99,125,146,9.28,80.12,100,66.2,26.7,8.6,,,
145,6,RB,39,Aaron Jones Sr.,MIN,6,Starter pool,77,141.03,132.41,127.5,153.72,4.15,44.16,63.2,31.5,4.5,0.4,,,
146,6,QB,25,Bryce Young,CAR,5,Bench pool,77,287.87,272.33,251.5,329.8,2.63,56.4,38.4,19.4,4.3,1,,,
147,6,DST,13,Los Angeles Chargers,LAC,7,Starter pool,76,108.6,113.76,93.4,160.7,8.54,68.11,100,65.2,18,5,,,
148,6,WR,43,Jordan Addison,MIN,6,Starter pool,76,141.55,134.91,129.24,157.08,4.39,45.89,68.3,32.2,4.4,0.4,,,
149,6,K,11,Jake Bates,DET,6,Starter pool,75,135.9,127.62,125,146,8.87,77.4,100,67.2,26.9,8.5,,,
150,6,K,12,Cairo Santos,CHI,10,Starter pool,74,133.3,126.35,124,144.4,8.93,76.89,100,65.4,25.8,7.9,,,
151,6,K,13,Cam Little,JAC,7,Starter pool,74,131.5,126.77,125,146.9,8.86,76.61,100,66.4,26,8,,,
152,6,WR,44,Wan'Dale Robinson,TEN,9,Starter pool,72,141.29,132.28,128.9,151.83,4.34,44.33,65.8,29.6,3.2,0.3,,,
153,6,DST,14,Jacksonville Jaguars,JAC,7,Starter pool,71,99.9,110.09,81.4,172,7.91,62.71,100,58.4,16.5,4.9,,,
154,6,K,14,Trey Smack,GB,11,Starter pool,71,126.9,124.31,124,144,8.59,73.25,100,62,23.1,7.1,,,
155,6,DST,15,Kansas City Chiefs,KC,5,Starter pool,70,93.2,109.58,83,173,7.79,61.92,100,57.8,16.9,5.5,,,
156,6,WR,45,Xavier Worthy,KC,5,Starter pool,70,140.01,132.15,125.5,155.62,4.12,42.48,64.9,31,3.2,0.3,,,
157,6,RB,40,Jordan Mason,MIN,6,Starter pool,69,137.63,129.16,122.9,149.54,3.83,40.2,59.7,28.5,3.7,0.3,,,
158,6,K,15,Will Reichard,MIN,6,Starter pool,68,130.7,124.61,125,142.2,8.33,71.37,100,63.1,22.9,6.8,,,
159,6,K,16,Wil Lutz,DEN,10,Starter pool,68,128.5,123.05,128.5,135.9,8.38,70.63,100,61,21.5,6.1,,,
160,6,WR,46,Deebo Samuel Sr.,SF,8,Starter pool,68,139.74,130.85,130.19,148.64,4.08,41.55,64.5,0,2.9,0.3,,,
161,6,K,17,Nick Folk,ATL,11,Starter pool,68,128.6,122.36,109,151,8.23,69.73,100,58.3,21.5,6.8,,,
162,6,WR,47,Matthew Golden,GB,11,Starter pool,67,136.79,129.05,118.98,155.46,4.02,40.84,62,27.4,3,0.3,,,
163,7,RB,41,Blake Corum,LAR,11,Starter pool,66,132.34,125.72,115,150.41,3.68,38.33,55.3,25.7,3.2,0.3,,,
164,7,DST,16,Chicago Bears,CHI,10,Starter pool,65,101,107.33,89,151.2,7.75,59.25,100,56.8,13.4,3.4,,,
165,7,K,18,Evan McPherson,CIN,6,Starter pool,65,128.7,122.71,121,142.1,7.98,67.58,100,59.7,21.1,5.6,,,
166,7,WR,48,Josh Downs,IND,13,Starter pool,64,132.93,127.6,117.88,153.17,3.94,39.84,59.4,25.6,2.7,0.2,,,
167,7,DST,17,Tampa Bay Buccaneers,TB,10,Starter pool,61,97.3,105.11,92.8,143.2,7.45,55.74,100,53.6,12,3.1,,,
168,7,TE,19,Dalton Schultz,HOU,8,Bench pool,60,115.77,109.21,102.57,127.9,3.89,35.12,53.2,0,8.2,1.3,,,
169,7,DST,18,Green Bay Packers,GB,11,Starter pool,55,95.3,101.64,90.3,139.5,6.96,50.69,100,48.8,8.9,2,,,
170,7,RB,42,Josh Jacobs,GB,11,Bench pool,55,230.61,74.52,0,174.64,2.92,45.8,0,13.2,38,12.4,IR/Exempt stash 1 (confirm platform eligibility),Commissioner's Exempt List; modeled return Weeks 5/9/13 or miss season,https://www.nfl.com/news/nfl-places-packers-rb-josh-jacobs-commissioner-exempt-list
171,7,WR,49,Rashid Shaheed,SEA,11,Starter pool,54,132.37,123.83,113.72,149.8,3.36,33.5,55.3,21.7,2,0.2,,,
172,7,WR,50,Stefon Diggs,WAS,7,Bench pool,54,133.12,125.11,123.65,142.35,3.35,33.49,56.9,22.9,2.2,0.2,,,
173,7,WR,51,KC Concepcion,CLE,11,Bench pool,51,129.81,122.44,117.97,141.4,3.22,31.88,52.8,20.9,1.6,0.1,,,
174,7,WR,52,Romeo Doubs,NE,11,Bench pool,49,128.83,121.7,121.89,136.7,3.11,30.66,52.6,19.8,1.8,0.1,,,
175,7,TE,20,T.J. Hockenson,MIN,6,Bench pool,47,108.8,104.06,95.3,126.79,3.13,27.69,46.8,23.7,5.7,0.9,,,
176,7,WR,53,Keenan Allen,IND,13,Bench pool,47,128.5,120.63,128.5,128.5,3.06,29.99,50.6,18.7,1.4,0.1,,,
177,7,WR,54,Khalil Shakir,BUF,7,Bench pool,46,129.83,120.87,118.5,137.25,2.88,28.41,51.5,19,1.4,0.1,,,
178,7,WR,55,Jalen Coker,CAR,5,Bench pool,44,127.5,120.34,114.9,140.1,2.79,27.48,51.6,18.6,1.5,0.2,,,
179,7,WR,56,De'Zhaun Stribling,SF,8,Bench pool,42,126.06,118.09,105.36,146.2,2.68,26.16,48,0,1.2,0.1,,,
180,7,QB,26,Geno Smith,NYJ,13,Bench pool,42,264.06,247.89,223.1,304.11,1.42,29.55,21.9,9.3,1.6,0.3,,,
181,7,WR,57,Calvin Ridley,TEN,9,Bench pool,41,124.75,117.33,110.78,139.31,2.66,25.89,46.6,16.3,1.3,0.1,,,
182,7,QB,27,Jacoby Brissett,ARI,14,Bench pool,40,260.69,245.69,211.38,312.7,1.35,28.09,20.4,8.9,0,0.2,,,
183,7,TE,21,Pat Freiermuth,PIT,9,Bench pool,40,107.9,99.48,89.9,120.26,2.76,23.96,41.2,19.6,4.3,0.9,,,
184,7,TE,22,Kenyon Sadiq,NYJ,13,Bench pool,40,102.71,97.74,75,132.48,2.69,23.48,38.4,18.9,4.3,0.7,,,
185,7,WR,58,Makai Lemon,PHI,10,Bench pool,39,124.67,116.59,119.75,129.14,2.58,24.94,45.4,15.8,1,0.1,,,
186,7,TE,23,Greg Dulcich,MIA,6,Bench pool,38,106.1,99.5,90.05,119.6,2.62,22.53,41.6,19.6,3.8,0.6,,,
187,7,TE,24,Cade Otton,TB,10,Bench pool,36,101.58,96.82,79.48,128.3,2.44,21.09,37,17.4,3.8,0.5,,,
188,7,WR,59,Denzel Boston,CLE,11,Bench pool,36,121.75,114.56,109.75,133.8,2.34,22.48,42.9,13.8,0.8,0,,,
189,7,WR,60,Jayden Higgins,HOU,8,Bench pool,33,120.11,112.7,104.6,135.98,2.14,20.58,40.4,0,0.7,0.1,,,
190,7,TE,25,AJ Barner,SEA,11,Bench pool,33,100.29,95.93,86.22,119.4,2.29,19.67,36.1,16.1,3.4,0.4,,,
191,7,RB,43,Alvin Kamara,NO,8,Bench pool,33,114.29,109.44,99.3,133.7,2.01,19.62,37,0,1,0.1,,,
192,7,RB,44,Tyjae Spears,TEN,9,Bench pool,32,115.32,108.31,94.9,135.91,1.96,18.95,35.9,11.3,0.8,0,,,
193,7,WR,61,Tank Dell,HOU,8,Bench pool,31,115.95,109.31,85.11,147.4,1.9,18.45,36,0,0.8,0.1,,,
194,7,WR,62,Tre Tucker,LV,13,Bench pool,30,117.72,110.23,104.7,129.36,2,18.89,37.4,11,0.5,0.1,,,
195,7,WR,63,Jerry Jeudy,CLE,11,Bench pool,29,118.29,110.68,111.48,124.9,1.97,18.57,38.2,10.6,0.6,0,,,
196,7,RB,45,Woody Marks,HOU,8,Bench pool,28,112.77,105.93,96.9,127.55,1.74,16.78,32.5,0,0.6,0,,,
197,7,TE,26,Chig Okonkwo,WAS,7,Bench pool,28,99.98,93.68,91.35,108,1.97,16.8,32.5,14.4,2.7,0.4,,,
198,7,WR,64,Rashod Bateman,BAL,13,Bench pool,27,114.86,107.76,100.55,129.43,1.76,16.76,34.1,9.5,0.6,0,,,
199,7,TE,27,Terrance Ferguson,LAR,11,Bench pool,26,98.73,91.77,81.9,113.38,1.86,15.66,29.6,13.1,2.4,0.3,,,
200,7,RB,46,Zach Charbonnet,SEA,11,Bench pool,26,113.1,103.42,89.7,129.16,1.59,15.31,29.4,9.5,0.6,0,,,
201,7,RB,47,Tyrone Tracy Jr.,NYG,8,Bench pool,21,106.01,98.61,83.62,126.1,1.22,11.79,23.9,0,0.5,0,,,
202,7,WR,65,Jalen McMillan,TB,10,Bench pool,21,110.31,103.85,106.93,114.35,1.38,12.78,28.3,7,0.3,0,,,
203,7,WR,66,Ja'Kobi Lane,BAL,13,Bench pool,20,106.48,100.79,83.22,130.5,1.27,11.96,25.3,6.5,0.3,0,,,
204,7,RB,48,Isiah Pacheco,DET,6,Bench pool,20,105.37,99.29,84.92,124.53,1.19,11.33,25.2,7.2,0.5,0.1,,,
205,7,WR,67,Jauan Jennings,MIN,6,Bench pool,20,109.92,102.74,89.68,129.4,1.23,11.48,27.7,7,0.3,0,,,
206,7,WR,68,Jalen Nailor,LV,13,Bench pool,20,108.42,102.42,96.8,120.59,1.28,11.8,26.9,6,0.3,0,,,
207,7,WR,69,Jordyn Tyson,NO,8,Bench pool,18,102.15,98.82,80.42,132.7,1.1,10.14,23.4,0,0.2,0,,,
208,7,WR,70,Cooper Kupp,SEA,11,Bench pool,14,101.33,95.44,80.92,122,0.86,7.86,19.3,3.9,0.2,0,,,
209,7,RB,49,Chris Rodriguez Jr.,JAC,7,Bench pool,14,93.06,89.5,64.93,130.6,0.74,6.96,16.8,4,0.2,0,,,
210,7,RB,50,Justice Hill,BAL,13,Bench pool,14,95.66,90.36,74.94,116.99,0.76,7.14,16.1,4,0.2,0,,,
211,7,WR,71,Devaughn Vele,NO,8,Bench pool,13,102.24,96.23,96.57,107.85,0.82,7.46,18.9,0,0.1,0,,,
212,7,RB,51,Braelon Allen,NYJ,13,Bench pool,11,89.73,85.16,64.01,114.8,0.55,5.14,12,2.7,0.1,0,,,
213,7,RB,52,Dylan Sampson,CLE,11,Bench pool,10,90.47,84.76,67.56,111.3,0.52,4.74,11.7,2.5,0.1,0,,,
214,7,WR,72,Adonai Mitchell,NYJ,13,Bench pool,9,94.29,89.09,83,104.82,0.51,4.52,12.8,2,0,0,,,
215,7,RB,53,AJ Dillon,CAR,5,Bench pool,9,90.5,85.33,90.5,90.5,0.46,4.25,11.6,2.4,0.1,0,,,
216,7,RB,54,Jordan James,SF,8,Bench pool,9,84.01,79.37,53.51,114.1,0.38,3.5,9,0,0.1,0,,,
217,8,WR,73,Kayshon Boutte,NE,11,Bench pool,9,92.35,86.93,72.15,112.9,0.43,3.81,10.7,1.8,0,0,,,
218,8,RB,55,Brian Robinson Jr.,ATL,11,Bench pool,8,89.18,83.97,81.44,97.91,0.4,3.58,9.9,1.7,0,0,,,
219,8,WR,74,Troy Franklin,DEN,10,Bench pool,8,81.85,77.15,40,124.3,0.32,2.9,7.7,1.3,0.1,0,,,
220,8,RB,56,Tyler Allgeier,ARI,14,Bench pool,8,87.07,81.68,73.37,100.13,0.36,3.22,8.4,1.5,0,0,,,
221,8,RB,57,Samaje Perine,CIN,6,Bench pool,7,87.5,82.39,80.16,94.24,0.35,3.18,9,1.7,0.1,0,,,
222,8,WR,75,Antonio Williams,WAS,7,Bench pool,7,86.14,81.14,58.7,114.34,0.3,2.59,8,1.1,0,0,,,
223,8,WR,76,Travis Hunter,JAC,7,Bench pool,7,91.14,85.68,91.14,91.14,0.35,3.06,9.1,1.6,0,0,,,
224,8,WR,77,Malik Washington,MIA,6,Bench pool,7,89.3,84.3,76.47,102.14,0.29,2.56,8.4,1.3,0,0,,,
225,8,RB,58,Kaleb Johnson,GB,9,Bench pool,7,45,55.91,8,125,0.18,1.75,4.1,1,0,0,,Traded to GB as backfield insurance; contingency value behind Lloyd,https://www.packers.com/news/5-things-learned-from-gm-brian-gutekunst-about-packers-roster-sep-1-2026
226,8,RB,59,Chris Brooks,GB,11,Bench pool,6,58,62.59,20,120,0.2,1.88,4.2,1,0.1,0,,GB third-down/committee option while Jacobs is unavailable,https://www.packers.com/news/5-things-learned-from-gm-brian-gutekunst-about-packers-roster-sep-1-2026
227,8,RB,60,Ty Johnson,BUF,7,Bench pool,6,83.8,79.2,71.8,95.6,0.28,2.49,7.4,1,0,0,,,
228,8,RB,61,Tank Bigsby,PHI,10,Bench pool,6,80.57,75.61,60.35,100.2,0.23,2.08,5.8,1,0,0,,,
229,8,WR,78,Germie Bernard,PIT,9,Bench pool,6,88.45,83.28,86.44,91.07,0.26,2.25,7.1,1,0,0,,,
230,8,WR,79,Dontayvion Wicks,PHI,10,Bench pool,6,88.13,82.87,88.13,88.13,0.25,2.23,7,0.8,0,0,,,
231,8,WR,80,Bub Means,NO,8,Bench pool,6,87.5,82.39,87.5,87.5,0.25,2.14,6.5,0,0,0,,,
232,8,RB,62,Kaelon Black,SF,8,Bench pool,5,68.55,64.24,23.05,114.1,0.15,1.31,3.5,0,0,0,,,
233,8,WR,81,Caleb Douglas,MIA,6,Bench pool,5,85.69,80.11,72,99.23,0.19,1.69,5.9,0.7,0,0,,,
234,8,RB,63,Mike Washington Jr.,LV,13,Bench pool,5,75.36,71.17,57.42,93.9,0.14,1.28,3.6,0.6,0,0,,,
235,8,RB,64,Emari Demercado,KC,5,Bench pool,5,74.47,69.86,50.27,98.8,0.13,1.12,3.7,0.6,0,0,,,
236,8,RB,65,Keaton Mitchell,LAC,7,Bench pool,4,76.68,72.13,61.96,91.25,0.13,1.1,3.7,0.4,0,0,,,
237,8,RB,66,Adam Randall,BAL,13,Bench pool,4,61.76,58.37,21.41,101.7,0.08,0.71,2.2,0.3,0,0,,,
238,8,RB,67,James Conner,ARI,14,Bench pool,4,52.5,49.55,0,105,0.06,0.57,1.6,0.3,0,0,,,
239,8,RB,68,Emanuel Wilson,SEA,11,Bench pool,3,47.31,44.19,6.93,88.1,0.03,0.22,0.7,0.1,0,0,,,
240,8,RB,69,Malik Davis,DAL,14,Bench pool,3,44.65,42.35,-2,91.3,0.02,0.13,0.6,0,0,0,,,
241,8,RB,70,Jawhar Jordan,HOU,8,Bench pool,3,44.5,42.08,5.21,84.4,0.01,0.1,0.3,0,0,0,,,
242,8,RB,71,Kimani Vidal,LAC,7,Bench pool,2,53.42,49.93,32.44,73.8,0.01,0.04,0.3,0,0,0,,,
243,8,RB,72,Najee Harris,NYG,8,Bench pool,2,65.3,61.2,65.3,65.3,0.03,0.25,0.7,0,0,0,,,
244,8,RB,73,Jaylen Wright,MIA,6,Bench pool,2,46.94,44.24,34.38,59.94,0,0.01,0,0,0,0,,,
245,8,RB,74,Brashard Smith,KC,5,Bench pool,2,27.25,25.54,0,54.5,0,0,0,0,0,0,,,
246,8,RB,75,Kyle Juszczyk,SF,8,Bench pool,2,43.18,40.69,32.41,54.16,0,0,0,0,0,0,,,
247,8,RB,76,Jaydon Blue,DAL,14,Bench pool,2,50.02,46.87,50.02,50.02,0,0.01,0,0,0,0,,,
248,8,RB,77,Audric Estime,NO,8,Bench pool,1,22.1,20.78,22.1,22.1,0,0,0,0,0,0,,,
249,8,RB,78,Andrew Beck,NYJ,13,Bench pool,1,12.48,11.7,6.16,18.8,0,0,0,0,0,0,,,
250,8,RB,79,Alec Ingold,LAC,7,Bench pool,0,12.28,11.55,12.28,12.28,0,0,0,0,0,0,,,
251,8,RB,80,Adam Prentice,DEN,10,Bench pool,0,8.58,8.02,8.58,8.58,0,0,0,0,0,0,,,
252,8,RB,81,Bam Knight,ARI,14,Bench pool,0,0,0,0,0,0,0,0,0,0,0,,,
