player,team,position,player_key,projected_points,source_high_points,source_low_points,modeled_floor,modeled_ceiling,projection_range,position_rank,overall_projection_rank,fantasypros_points,modeled_average_fg_distance,historical_made_kicks,kicker_distance_source,expected_pa_bucket_points,fantasypros_roster_rank,fantasypros_position_rank,fantasypros_listed_points,fantasypros_injury_status,fantasypros_roster_pool,projected_starter_pool,projected_starter_role,starter_context_market_rank,custom_minus_fantasypros_listed_points
Josh Allen,BUF,QB,joshallen,415.86,447.96,392.94,392.94,447.96,55.02,1,1,372.5,,,,0.0,6.0,1.0,416.0,,True,True,QB,6,-0.14
Lamar Jackson,BAL,QB,lamarjackson,371.45,418.83,338.16,338.16,418.83,80.67,2,3,324.9,,,,0.0,26.0,2.0,372.0,,True,True,QB,26,-0.55
Drake Maye,NE,QB,drakemaye,368.58,389.19,342.7,342.7,389.19,46.49,3,5,323.0,,,,0.0,30.0,3.0,369.0,,True,True,QB,30,-0.42
Joe Burrow,CIN,QB,joeburrow,366.06,384.08,351.82,351.82,384.08,32.26,4,6,310.9,,,,0.0,33.0,4.0,366.0,,True,True,QB,33,0.06
Jalen Hurts,PHI,QB,jalenhurts,361.74,391.35,338.22,338.22,391.35,53.13,5,7,320.5,,,,0.0,36.0,5.0,361.0,,True,True,QB,36,0.74
Jayden Daniels,WAS,QB,jaydendaniels,359.22,391.34,328.12,328.12,391.34,63.22,6,8,322.6,,,,0.0,40.0,6.0,359.0,,True,True,QB,40,0.22
Dak Prescott,DAL,QB,dakprescott,356.42,382.59,334.2,334.2,382.59,48.39,7,9,306.2,,,,0.0,42.0,7.0,357.0,,True,True,QB,42,-0.58
Matthew Stafford,LAR,QB,matthewstafford,353.35,370.21,335.76,335.76,370.21,34.45,8,10,294.0,,,,0.0,46.0,8.0,353.0,,True,True,QB,46,0.35
Brock Purdy,SF,QB,brockpurdy,348.49,378.73,324.97,324.97,378.73,53.76,9,11,307.5,,,,0.0,50.0,9.0,349.0,,True,True,QB,50,-0.51
Patrick Mahomes II,KC,QB,patrickmahomes,347.72,377.64,325.38,325.38,377.64,52.26,10,12,304.3,,,,0.0,52.0,10.0,348.0,DTD,True,True,QB,52,-0.28
Trevor Lawrence,JAC,QB,trevorlawrence,347.13,385.4,319.7,319.7,385.4,65.7,11,13,306.2,,,,0.0,53.0,11.0,347.0,,True,True,QB,53,0.13
Caleb Williams,CHI,QB,calebwilliams,346.94,371.44,326.82,326.82,371.44,44.62,12,14,301.4,,,,0.0,54.0,12.0,347.0,,True,True,QB,54,-0.06
Jaxson Dart,NYG,QB,jaxsondart,343.37,379.82,314.46,314.46,379.82,65.36,13,15,310.0,,,,0.0,57.0,13.0,343.0,,True,False,,,0.37
Jared Goff,DET,QB,jaredgoff,341.14,364.56,319.75,319.75,364.56,44.81,14,16,287.8,,,,0.0,61.0,14.0,341.0,,True,False,,,0.14
Bo Nix,DEN,QB,bonix,340.96,355.3,317.76,317.76,355.3,37.54,15,17,298.2,,,,0.0,62.0,15.0,341.0,,True,False,,,-0.04
Justin Herbert,LAC,QB,justinherbert,340.19,366.28,320.41,320.41,366.28,45.87,16,18,299.6,,,,0.0,63.0,16.0,340.0,,True,False,,,0.19
Baker Mayfield,TB,QB,bakermayfield,321.1,354.62,293.52,293.52,354.62,61.1,17,23,281.9,,,,0.0,96.0,17.0,321.0,,True,False,,,0.1
Tyler Shough,NO,QB,tylershough,319.55,343.14,295.02,295.02,343.14,48.12,18,25,286.7,,,,0.0,97.0,18.0,319.0,,True,False,,,0.55
Kyler Murray,MIN,QB,kylermurray,313.39,361.28,265.28,265.28,361.28,96.0,19,26,280.2,,,,0.0,104.0,19.0,313.0,,True,False,,,0.39
Jordan Love,GB,QB,jordanlove,310.74,336.89,286.78,286.78,336.89,50.11,20,27,267.7,,,,0.0,108.0,20.0,311.0,,True,False,,,-0.26
Daniel Jones,IND,QB,danieljones,310.12,371.92,266.82,266.82,371.92,105.1,21,29,274.6,,,,0.0,109.0,21.0,310.0,,True,False,,,0.12
Sam Darnold,SEA,QB,samdarnold,308.02,343.7,279.03,279.03,343.7,64.67,22,30,266.6,,,,0.0,120.0,22.0,308.0,,True,False,,,0.02
C.J. Stroud,HOU,QB,cjstroud,296.22,331.53,272.16,272.16,331.53,59.37,23,31,260.9,,,,0.0,143.0,23.0,297.0,,True,False,,,-0.78
Malik Willis,MIA,QB,malikwillis,295.1,368.81,231.99,231.99,368.81,136.82,24,32,271.5,,,,0.0,144.0,24.0,295.0,,True,False,,,0.1
Bryce Young,CAR,QB,bryceyoung,287.87,329.8,251.5,251.5,329.8,78.3,25,34,254.4,,,,0.0,,,,,False,False,,,
Geno Smith,NYJ,QB,genosmith,264.06,304.11,223.1,223.1,304.11,81.01,26,44,234.9,,,,0.0,,,,,False,False,,,
Cam Ward,TEN,QB,camward,261.85,303.5,220.08,220.08,303.5,83.42,27,45,232.4,,,,0.0,,,,,False,False,,,
Jacoby Brissett,ARI,QB,jacobybrissett,260.69,312.7,211.38,211.38,312.7,101.32,28,46,232.2,,,,0.0,,,,,False,False,,,
Aaron Rodgers,PIT,QB,aaronrodgers,257.24,284.87,220.08,220.08,284.87,64.79,29,49,223.5,,,,0.0,,,,,False,False,,,
Fernando Mendoza,LV,QB,fernandomendoza,213.02,247.66,179.62,179.62,247.66,68.04,30,76,192.9,,,,0.0,,,,,False,False,,,
Tua Tagovailoa,ATL,QB,tuatagovailoa,187.76,271.32,128.43,128.43,271.32,142.89,31,103,164.5,,,,0.0,,,,,False,False,,,
Deshaun Watson,CLE,QB,deshaunwatson,166.09,226.28,124.32,124.32,226.28,101.96,32,139,150.7,,,,0.0,,,,,False,False,,,
Shedeur Sanders,CLE,QB,shedeursanders,99.0,148.12,38.22,38.22,148.12,109.9,33,262,90.7,,,,0.0,,,,,False,False,,,
Michael Penix Jr.,ATL,QB,michaelpenix,94.27,141.46,36.16,36.16,141.46,105.3,34,270,83.5,,,,0.0,,,,,False,False,,,
Kirk Cousins,LV,QB,kirkcousins,53.28,65.46,40.38,40.38,65.46,25.08,35,335,47.2,,,,0.0,,,,,False,False,,,
Ty Simpson,LAR,QB,tysimpson,27.57,44.6,11.14,11.14,44.6,33.46,36,415,23.4,,,,0.0,,,,,False,False,,,
Carson Beck,ARI,QB,carsonbeck,26.55,40.76,6.34,6.34,40.76,34.42,37,421,23.2,,,,0.0,,,,,False,False,,,
J.J. McCarthy,MIN,QB,jjmccarthy,24.72,50.34,7.08,7.08,50.34,43.26,38,425,22.5,,,,0.0,,,,,False,False,,,
Marcus Mariota,WAS,QB,marcusmariota,21.15,31.86,10.84,10.84,31.86,21.02,39,438,18.0,,,,0.0,,,,,False,False,,,
Davis Mills,HOU,QB,davismills,14.8,23.54,8.85,8.85,23.54,14.69,40,464,12.7,,,,0.0,,,,,False,False,,,
Riley Leonard,IND,QB,rileyleonard,14.46,24.56,7.69,7.69,24.56,16.87,41,468,12.4,,,,0.0,,,,,False,False,,,
Shane Buechele,BUF,QB,shanebuechele,14.04,14.04,14.04,14.04,14.04,0.0,42,470,12.0,,,,0.0,,,,,False,False,,,
Justin Fields,KC,QB,justinfields,13.65,17.98,10.15,10.15,17.98,7.83,43,471,12.1,,,,0.0,,,,,False,False,,,
Will Levis,TEN,QB,willlevis,13.34,13.34,13.34,13.34,13.34,0.0,44,473,11.3,,,,0.0,,,,,False,False,,,
Jarrett Stidham,DEN,QB,jarrettstidham,13.18,15.56,10.8,10.8,15.56,4.76,45,474,11.2,,,,0.0,,,,,False,False,,,
Quinn Ewers,MIA,QB,quinnewers,13.08,21.74,6.56,6.56,21.74,15.18,46,475,11.6,,,,0.0,,,,,False,False,,,
Tyson Bagent,CHI,QB,tysonbagent,13.04,15.8,11.23,11.23,15.8,4.57,47,476,11.5,,,,0.0,,,,,False,False,,,
Jameis Winston,NYG,QB,jameiswinston,12.88,23.08,5.43,5.43,23.08,17.65,48,477,11.7,,,,0.0,,,,,False,False,,,
Joshua Dobbs,DET,QB,joshuadobbs,12.85,14.7,9.8,9.8,14.7,4.9,49,478,10.7,,,,0.0,,,,,False,False,,,
Tommy DeVito,NE,QB,tommydevito,12.55,12.55,12.55,12.55,12.55,0.0,50,479,10.6,,,,0.0,,,,,False,False,,,
Anthony Richardson Sr.,IND,QB,anthonyrichardson,12.36,12.36,12.36,12.36,12.36,0.0,51,480,10.4,,,,0.0,,,,,False,False,,,
Tanner McKee,PHI,QB,tannermckee,12.23,13.72,10.33,10.33,13.72,3.39,52,481,10.3,,,,0.0,,,,,False,False,,,
Sam Howell,DAL,QB,samhowell,12.07,12.07,12.07,12.07,12.07,0.0,53,482,10.2,,,,0.0,,,,,False,False,,,
Mac Jones,SF,QB,macjones,12.05,14.52,9.85,9.85,14.52,4.67,54,483,10.5,,,,0.0,,,,,False,False,,,
Joe Flacco,CIN,QB,joeflacco,12.04,14.56,8.71,8.71,14.56,5.85,55,484,10.3,,,,0.0,,,,,False,False,,,
Andy Dalton,PHI,QB,andydalton,11.9,11.9,11.9,11.9,11.9,0.0,56,486,9.9,,,,0.0,,,,,False,False,,,
Jake Browning,TB,QB,jakebrowning,11.87,14.91,10.43,10.43,14.91,4.48,57,487,11.2,,,,0.0,,,,,False,False,,,
Chris Oladokun,KC,QB,chrisoladokun,11.72,11.72,11.72,11.72,11.72,0.0,58,488,9.7,,,,0.0,,,,,False,False,,,
Tyler Huntley,BAL,QB,tylerhuntley,11.71,14.72,10.3,10.3,14.72,4.42,59,489,10.6,,,,0.0,,,,,False,False,,,
Behren Morton,NE,QB,behrenmorton,11.62,11.62,11.62,11.62,11.62,0.0,60,490,9.6,,,,0.0,,,,,False,False,,,
Nick Mullens,JAC,QB,nickmullens,11.6,14.18,8.22,8.22,14.18,5.96,61,491,9.8,,,,0.0,,,,,False,False,,,
Kenny Pickett,CAR,QB,kennypickett,11.58,14.6,8.77,8.77,14.6,5.83,62,492,10.3,,,,0.0,,,,,False,False,,,
Trey Lance,LAC,QB,treylance,11.42,13.26,10.38,10.38,13.26,2.88,63,494,10.4,,,,0.0,,,,,False,False,,,
Tyrod Taylor,GB,QB,tyrodtaylor,11.41,14.88,9.34,9.34,14.88,5.54,64,495,10.9,,,,0.0,,,,,False,False,,,
Adrian Martinez,SF,QB,adrianmartinez,11.3,11.3,11.3,11.3,11.3,0.0,65,496,9.3,,,,0.0,,,,,False,False,,,
Garrett Nussmeier,KC,QB,garrettnussmeier,11.24,11.24,11.24,11.24,11.24,0.0,66,497,9.2,,,,0.0,,,,,False,False,,,
Cole Payton,PHI,QB,colepayton,11.2,11.2,11.2,11.2,11.2,0.0,67,498,9.2,,,,0.0,,,,,False,False,,,
Jalen Milroe,SEA,QB,jalenmilroe,11.1,11.1,11.1,11.1,11.1,0.0,68,499,9.1,,,,0.0,,,,,False,False,,,
Spencer Rattler,NO,QB,spencerrattler,11.1,13.14,9.25,9.25,13.14,3.89,69,500,10.2,,,,0.0,,,,,False,False,,,
Gardner Minshew II,ARI,QB,gardnerminshew,10.84,13.76,7.92,7.92,13.76,5.84,70,502,9.7,,,,0.0,,,,,False,False,,,
Drew Lock,SEA,QB,drewlock,10.78,13.86,8.29,8.29,13.86,5.57,71,503,10.0,,,,0.0,,,,,False,False,,,
Drew Allar,PIT,QB,drewallar,10.51,13.81,8.61,8.61,13.81,5.2,72,506,9.4,,,,0.0,,,,,False,False,,,
Kyle Allen,BUF,QB,kyleallen,10.5,13.84,7.04,7.04,13.84,6.8,73,507,9.1,,,,0.0,,,,,False,False,,,
Cade Klubnik,NYJ,QB,cadeklubnik,10.29,14.58,6.67,6.67,14.58,7.91,74,509,9.4,,,,0.0,,,,,False,False,,,
Mitchell Trubisky,TEN,QB,mitchelltrubisky,9.82,13.47,7.77,7.77,13.47,5.7,75,514,9.0,,,,0.0,,,,,False,False,,,
Joe Milton III,DAL,QB,joemilton,9.8,15.44,-2.0,-2.0,15.44,17.44,76,515,8.5,,,,0.0,,,,,False,False,,,
Will Howard,PIT,QB,willhoward,7.93,14.24,-2.0,-2.0,14.24,16.24,77,535,6.7,,,,0.0,,,,,False,False,,,
Mason Rudolph,PIT,QB,masonrudolph,6.55,13.1,0.0,0.0,13.1,13.1,78,539,5.6,,,,0.0,,,,,False,False,,,
Brady Cook,NYJ,QB,bradycook,5.45,12.9,-2.0,-2.0,12.9,14.9,79,540,5.0,,,,0.0,,,,,False,False,,,
Aidan O'Connell,LV,QB,aidanoconnell,0.0,0.0,0.0,0.0,0.0,0.0,80,548,0.0,,,,0.0,,,,,False,False,,,
Josh Johnson,CIN,QB,joshjohnson,0.0,0.0,0.0,0.0,0.0,0.0,80,548,0.0,,,,0.0,,,,,False,False,,,
Stetson Bennett IV,LAR,QB,stetsonbennett,0.0,0.0,0.0,0.0,0.0,0.0,80,548,0.0,,,,0.0,,,,,False,False,,,
Jahmyr Gibbs,DET,RB,jahmyrgibbs,372.75,396.7,347.19,347.19,396.7,49.51,1,2,372.9,,,,0.0,1.0,1.0,373.0,,True,True,RB,1,-0.25
Bijan Robinson,ATL,RB,bijanrobinson,369.94,400.6,348.14,348.14,400.6,52.46,2,4,369.5,,,,0.0,2.0,2.0,370.0,,True,True,RB,2,-0.06
Christian McCaffrey,SF,RB,christianmccaffrey,334.76,351.1,312.5,312.5,351.1,38.6,3,21,334.8,,,,0.0,3.0,3.0,335.0,DTD,True,True,RB,3,-0.24
Jonathan Taylor,IND,RB,jonathantaylor,310.51,346.54,280.1,280.1,346.54,66.44,4,28,310.1,,,,0.0,7.0,4.0,312.0,,True,True,RB,7,-1.49
De'Von Achane,MIA,RB,devonachane,292.39,336.95,256.1,256.1,336.95,80.85,5,33,292.4,,,,0.0,10.0,5.0,292.0,,True,True,RB,10,0.39
Chase Brown,CIN,RB,chasebrown,278.84,307.7,250.3,250.3,307.7,57.4,6,36,278.5,,,,0.0,11.0,6.0,279.0,,True,True,RB,11,-0.16
Ashton Jeanty,LV,RB,ashtonjeanty,276.28,322.48,245.9,245.9,322.48,76.58,7,37,276.7,,,,0.0,12.0,7.0,277.0,,True,True,RB,12,-0.72
Derrick Henry,BAL,RB,derrickhenry,273.69,301.74,246.75,246.75,301.74,54.99,8,39,273.7,,,,0.0,13.0,8.0,274.0,,True,True,RB,13,-0.31
James Cook III,BUF,RB,jamescook,270.58,284.21,254.7,254.7,284.21,29.51,9,42,270.6,,,,0.0,14.0,9.0,271.0,,True,True,RB,14,-0.42
Saquon Barkley,PHI,RB,saquonbarkley,264.45,283.71,246.3,246.3,283.71,37.41,10,43,264.7,,,,0.0,16.0,10.0,265.0,,True,True,RB,16,-0.55
Kenneth Walker III,KC,RB,kennethwalker,257.85,274.66,236.0,236.0,274.66,38.66,11,48,258.0,,,,0.0,17.0,11.0,258.0,,True,True,RB,17,-0.15
Jeremiyah Love,ARI,RB,jeremiyahlove,255.3,285.42,225.3,225.3,285.42,60.12,12,51,255.4,,,,0.0,18.0,12.0,255.0,DTD,True,True,RB,18,0.3
Omarion Hampton,LAC,RB,omarionhampton,254.39,271.5,228.7,228.7,271.5,42.8,13,53,254.2,,,,0.0,19.0,13.0,254.0,,True,True,RB,19,0.39
Josh Jacobs,GB,RB,joshjacobs,248.26,265.4,226.3,226.3,265.4,39.1,14,56,248.6,,,,0.0,22.0,14.0,249.0,DTD,True,True,RB,22,-0.74
Breece Hall,NYJ,RB,breecehall,245.78,272.22,216.3,216.3,272.22,55.92,15,57,245.4,,,,0.0,25.0,15.0,245.0,,True,True,RB,25,0.78
Kyren Williams,LAR,RB,kyrenwilliams,240.4,253.1,228.51,228.51,253.1,24.59,16,61,240.2,,,,0.0,28.0,17.0,240.0,,True,True,RB,28,0.4
Cam Skattebo,NYG,RB,camskattebo,239.41,263.0,213.19,213.19,263.0,49.81,17,63,239.2,,,,0.0,27.0,16.0,241.0,,True,True,RB,27,-1.59
Javonte Williams,DAL,RB,javontewilliams,234.6,258.52,213.9,213.9,258.52,44.62,18,65,234.1,,,,0.0,31.0,18.0,234.0,,True,True,RB,31,0.6
Travis Etienne Jr.,NO,RB,travisetienne,232.54,261.74,207.5,207.5,261.74,54.24,19,67,232.6,,,,0.0,34.0,19.0,233.0,,True,True,RB,34,-0.46
Bucky Irving,TB,RB,buckyirving,223.34,246.6,205.33,205.33,246.6,41.27,20,69,223.7,,,,0.0,37.0,20.0,224.0,,True,True,RB,37,-0.66
D'Andre Swift,CHI,RB,dandreswift,222.79,241.8,202.77,202.77,241.8,39.03,21,70,223.4,,,,0.0,38.0,21.0,223.0,,True,True,RB,38,-0.21
Quinshon Judkins,CLE,RB,quinshonjudkins,214.11,244.1,187.8,187.8,244.1,56.3,22,75,214.1,,,,0.0,43.0,22.0,214.0,,True,True,RB,43,0.11
Bhayshul Tuten,JAC,RB,bhayshultuten,206.77,253.5,160.4,160.4,253.5,93.1,23,82,207.3,,,,0.0,47.0,23.0,207.0,,True,True,RB,47,-0.23
Jaylen Warren,PIT,RB,jaylenwarren,197.45,210.6,184.74,184.74,210.6,25.86,24,88,197.2,,,,0.0,55.0,24.0,197.0,,True,True,RB,55,0.45
David Montgomery,HOU,RB,davidmontgomery,195.84,217.6,179.3,179.3,217.6,38.3,25,92,195.9,,,,0.0,58.0,25.0,196.0,,True,False,,,-0.16
TreVeyon Henderson,NE,RB,treveyonhenderson,193.2,204.0,181.07,181.07,204.0,22.93,26,96,193.3,,,,0.0,59.0,26.0,193.0,,True,False,,,0.2
Jadarian Price,SEA,RB,jadarianprice,189.93,211.4,166.94,166.94,211.4,44.46,27,100,189.6,,,,0.0,64.0,27.0,190.0,,True,False,,,-0.07
Tony Pollard,TEN,RB,tonypollard,187.89,202.8,171.16,171.16,202.8,31.64,28,102,187.8,,,,0.0,65.0,28.0,188.0,,True,False,,,-0.11
Rhamondre Stevenson,NE,RB,rhamondrestevenson,187.7,203.79,166.6,166.6,203.79,37.19,29,104,187.5,,,,0.0,66.0,29.0,188.0,,True,False,,,-0.3
Rico Dowdle,PIT,RB,ricodowdle,179.81,205.44,163.7,163.7,205.44,41.74,30,112,180.2,,,,0.0,72.0,30.0,180.0,,True,False,,,-0.19
Chuba Hubbard,CAR,RB,chubahubbard,176.86,210.41,152.27,152.27,210.41,58.14,31,117,176.5,,,,0.0,73.0,31.0,177.0,DTD,True,False,,,-0.14
J.K. Dobbins,DEN,RB,jkdobbins,176.3,195.24,157.14,157.14,195.24,38.1,32,119,176.1,,,,0.0,75.0,32.0,176.0,DTD,True,False,,,0.3
Kenny Gainwell,TB,RB,kennygainwell,168.31,195.3,136.4,136.4,195.3,58.9,33,131,168.2,,,,0.0,81.0,33.0,168.0,,True,False,,,0.31
RJ Harvey,DEN,RB,rjharvey,167.59,197.49,139.19,139.19,197.49,58.3,34,133,167.4,,,,0.0,82.0,34.0,167.0,,True,False,,,0.59
Rachaad White,WAS,RB,rachaadwhite,163.93,193.8,132.49,132.49,193.8,61.31,35,145,163.6,,,,0.0,86.0,35.0,164.0,,True,False,,,-0.07
Aaron Jones Sr.,MIN,RB,aaronjones,161.38,177.22,146.0,146.0,177.22,31.22,36,150,161.1,,,,0.0,87.0,36.0,161.0,,True,False,,,0.38
Jonathon Brooks,CAR,RB,jonathonbrooks,157.58,192.17,123.5,123.5,192.17,68.67,37,160,157.6,,,,0.0,90.0,37.0,158.0,,True,False,,,-0.42
Kyle Monangai,CHI,RB,kylemonangai,156.33,178.4,135.7,135.7,178.4,42.7,38,164,156.2,,,,0.0,91.0,38.0,156.0,DTD,True,False,,,0.33
Jacory Croskey-Merritt,WAS,RB,jacorycroskeymerritt,145.67,163.1,129.9,129.9,163.1,33.2,39,187,145.8,,,,0.0,101.0,39.0,146.0,,True,False,,,-0.33
Jordan Mason,MIN,RB,jordanmason,144.88,158.54,128.9,128.9,158.54,29.64,40,191,145.1,,,,0.0,105.0,40.0,145.0,,True,False,,,-0.12
Blake Corum,LAR,RB,blakecorum,138.29,158.76,118.0,118.0,158.76,40.76,41,203,138.6,,,,0.0,110.0,41.0,139.0,,True,False,,,-0.71
Tyjae Spears,TEN,RB,tyjaespears,138.27,160.91,113.9,113.9,160.91,47.01,42,204,138.1,,,,0.0,111.0,42.0,138.0,DTD,True,False,,,0.27
Alvin Kamara,NO,RB,alvinkamara,131.79,151.7,116.3,116.3,151.7,35.4,43,213,131.7,,,,0.0,121.0,43.0,132.0,,True,False,,,-0.21
Woody Marks,HOU,RB,woodymarks,124.82,141.05,107.4,107.4,141.05,33.65,44,230,124.4,,,,0.0,128.0,44.0,124.0,,True,False,,,0.82
Zach Charbonnet,SEA,RB,zachcharbonnet,123.0,139.31,99.2,99.2,139.31,40.11,45,234,123.1,,,,0.0,129.0,45.0,123.0,PUP,True,False,,,0.0
Tyrone Tracy Jr.,NYG,RB,tyronetracy,119.66,142.1,93.57,93.57,142.1,48.53,46,236,120.0,,,,0.0,130.0,46.0,122.0,,True,False,,,-2.34
Isiah Pacheco,DET,RB,isiahpacheco,115.92,137.53,93.52,93.52,137.53,44.01,47,240,116.0,,,,0.0,134.0,47.0,116.0,DTD,True,False,,,-0.08
Justice Hill,BAL,RB,justicehill,112.01,136.69,87.94,87.94,136.69,48.75,48,244,112.1,,,,0.0,145.0,48.0,112.0,,True,False,,,0.01
Dylan Sampson,CLE,RB,dylansampson,108.42,131.3,82.36,82.36,131.3,48.94,49,250,107.9,,,,0.0,,,,,False,False,,,
AJ Dillon,CAR,RB,ajdillon,99.5,99.5,99.5,99.5,99.5,0.0,50,261,99.5,,,,0.0,,,,,False,False,,,
Braelon Allen,NYJ,RB,braelonallen,96.68,122.3,70.36,70.36,122.3,51.94,51,263,96.5,,,,0.0,,,,,False,False,,,
Samaje Perine,CIN,RB,samajeperine,96.45,103.64,88.66,88.66,103.64,14.98,52,264,96.1,,,,0.0,,,,,False,False,,,
Ty Johnson,BUF,RB,tyjohnson,96.25,110.1,82.6,82.6,110.1,27.5,53,265,96.5,,,,0.0,,,,,False,False,,,
Chris Rodriguez Jr.,JAC,RB,chrisrodriguez,95.76,135.6,65.93,65.93,135.6,69.67,54,266,95.6,,,,0.0,,,,,False,False,,,
Tyler Allgeier,ARI,RB,tylerallgeier,95.62,109.18,81.37,81.37,109.18,27.81,55,267,95.2,,,,0.0,,,,,False,False,,,
Brian Robinson Jr.,ATL,RB,brianrobinson,92.63,102.31,83.94,83.94,102.31,18.37,56,276,93.0,,,,0.0,,,,,False,False,,,
Jordan James,SF,RB,jordanjames,92.06,126.1,57.61,57.61,126.1,68.49,57,278,91.8,,,,0.0,,,,,False,False,,,
Keaton Mitchell,LAC,RB,keatonmitchell,84.43,101.3,67.46,67.46,101.3,33.84,58,285,84.4,,,,0.0,,,,,False,False,,,
Mike Washington Jr.,LV,RB,mikewashington,83.21,105.4,61.62,61.62,105.4,43.78,59,288,83.5,,,,0.0,,,,,False,False,,,
Emari Demercado,KC,RB,emaridemercado,82.67,107.3,58.12,58.12,107.3,49.18,60,289,82.7,,,,0.0,,,,,False,False,,,
Tank Bigsby,PHI,RB,tankbigsby,82.47,102.2,62.15,62.15,102.2,40.05,61,290,82.2,,,,0.0,,,,,False,False,,,
Kaelon Black,SF,RB,kaelonblack,72.8,120.6,25.1,25.1,120.6,95.5,62,301,72.9,,,,0.0,,,,,False,False,,,
Najee Harris,NYG,RB,najeeharris,69.8,69.8,69.8,69.8,69.8,0.0,63,304,69.8,,,,0.0,,,,,False,False,,,
Adam Randall,BAL,RB,adamrandall,67.16,110.7,23.21,23.21,110.7,87.49,64,308,67.0,,,,0.0,,,,,False,False,,,
Chris Brooks,GB,RB,chrisbrooks,62.94,94.6,31.48,31.48,94.6,63.12,65,317,63.2,,,,0.0,,,,,False,False,,,
James Conner,ARI,RB,jamesconner,61.5,123.0,0.0,0.0,123.0,123.0,66,320,61.5,,,,0.0,,,,,False,False,,,
Kimani Vidal,LAC,RB,kimanividal,59.37,81.8,36.34,36.34,81.8,45.46,67,323,59.0,,,,0.0,,,,,False,False,,,
Kyle Juszczyk,SF,RB,kylejuszczyk,55.03,67.66,42.61,42.61,67.66,25.05,68,329,54.8,,,,0.0,,,,,False,False,,,
Jaydon Blue,DAL,RB,jaydonblue,54.37,54.37,54.37,54.37,54.37,0.0,69,332,54.6,,,,0.0,,,,,False,False,,,
MarShawn Lloyd,GB,RB,marshawnlloyd,54.09,86.57,21.1,21.1,86.57,65.47,70,333,54.0,,,,0.0,,,,,False,False,,,
Emanuel Wilson,SEA,RB,emanuelwilson,51.16,95.1,7.63,7.63,95.1,87.47,71,339,51.3,,,,0.0,,,,,False,False,,,
Jaylen Wright,MIA,RB,jaylenwright,50.54,63.69,37.88,37.88,63.69,25.81,72,341,50.7,,,,0.0,,,,,False,False,,,
Jawhar Jordan,HOU,RB,jawharjordan,50.0,95.4,5.21,5.21,95.4,90.19,73,344,50.1,,,,0.0,,,,,False,False,,,
Jonah Coleman,DEN,RB,jonahcoleman,49.6,74.7,24.1,24.1,74.7,50.6,74,345,49.4,,,,0.0,,,,,False,False,,,
Malik Davis,DAL,RB,malikdavis,46.9,95.8,-2.0,-2.0,95.8,97.8,75,352,46.9,,,,0.0,,,,,False,False,,,
LeQuint Allen Jr.,JAC,RB,lequintallen,43.61,69.73,18.4,18.4,69.73,51.33,76,364,43.8,,,,0.0,,,,,False,False,,,
Isaiah Davis,NYJ,RB,isaiahdavis,43.44,50.59,36.0,36.0,50.59,14.59,77,366,43.4,,,,0.0,,,,,False,False,,,
George Holani,SEA,RB,georgeholani,41.03,41.03,41.03,41.03,41.03,0.0,78,370,41.1,,,,0.0,,,,,False,False,,,
Ty Chandler,NO,RB,tychandler,37.6,37.6,37.6,37.6,37.6,0.0,79,373,37.6,,,,0.0,,,,,False,False,,,
Trayveon Williams,DET,RB,trayveonwilliams,36.5,36.5,36.5,36.5,36.5,0.0,80,375,36.5,,,,0.0,,,,,False,False,,,
Ray Davis,BUF,RB,raydavis,36.19,36.19,36.19,36.19,36.19,0.0,81,377,35.9,,,,0.0,,,,,False,False,,,
DJ Giddens,IND,RB,djgiddens,35.68,35.68,35.68,35.68,35.68,0.0,82,378,35.8,,,,0.0,,,,,False,False,,,
Emmett Johnson,KC,RB,emmettjohnson,35.24,46.97,23.5,23.5,46.97,23.47,83,379,35.1,,,,0.0,,,,,False,False,,,
Frank Gore Jr.,BUF,RB,frankgore,35.0,35.0,35.0,35.0,35.0,0.0,84,380,35.0,,,,0.0,,,,,False,False,,,
Ollie Gordon II,MIA,RB,olliegordon,34.42,34.42,34.42,34.42,34.42,0.0,85,383,34.8,,,,0.0,,,,,False,False,,,
Roschon Johnson,CHI,RB,roschonjohnson,34.4,34.4,34.4,34.4,34.4,0.0,86,384,34.4,,,,0.0,,,,,False,False,,,
Brashard Smith,KC,RB,brashardsmith,32.5,65.0,0.0,0.0,65.0,65.0,87,390,32.5,,,,0.0,,,,,False,False,,,
Sean Tucker,TB,RB,seantucker,31.88,36.66,27.5,27.5,36.66,9.16,88,391,32.1,,,,0.0,,,,,False,False,,,
Phil Mafah,DAL,RB,philmafah,30.55,35.2,26.71,26.71,35.2,8.49,89,400,30.9,,,,0.0,,,,,False,False,,,
Will Shipley,PHI,RB,willshipley,27.61,27.61,27.61,27.61,27.61,0.0,90,414,27.6,,,,0.0,,,,,False,False,,,
Jeremy McNichols,WAS,RB,jeremymcnichols,27.1,27.1,27.1,27.1,27.1,0.0,91,419,27.1,,,,0.0,,,,,False,False,,,
Hunter Luepke,DAL,RB,hunterluepke,25.01,25.01,25.01,25.01,25.01,0.0,92,423,25.0,,,,0.0,,,,,False,False,,,
Jam Miller,NE,RB,jammiller,25.0,25.0,25.0,25.0,25.0,0.0,93,424,25.0,,,,0.0,,,,,False,False,,,
Audric Estime,NO,RB,audricestime,23.6,23.6,23.6,23.6,23.6,0.0,94,428,23.6,,,,0.0,,,,,False,False,,,
Seth McGowan,IND,RB,sethmcgowan,23.37,34.56,11.87,11.87,34.56,22.69,95,429,23.1,,,,0.0,,,,,False,False,,,
Israel Abanikanda,DAL,RB,israelabanikanda,23.0,23.0,23.0,23.0,23.0,0.0,96,431,23.0,,,,0.0,,,,,False,False,,,
Donovan Edwards,MIA,RB,donovanedwards,22.9,22.9,22.9,22.9,22.9,0.0,97,432,22.9,,,,0.0,,,,,False,False,,,
Dameon Pierce,PHI,RB,dameonpierce,22.1,22.1,22.1,22.1,22.1,0.0,98,434,22.1,,,,0.0,,,,,False,False,,,
Kaytron Allen,WAS,RB,kaytronallen,21.46,31.34,11.48,11.48,31.34,19.86,99,435,21.5,,,,0.0,,,,,False,False,,,
Nicholas Singleton,TEN,RB,nicholassingleton,20.29,20.29,20.29,20.29,20.29,0.0,100,442,19.7,,,,0.0,,,,,False,False,,,
Demond Claiborne,MIN,RB,demondclaiborne,20.23,27.94,12.23,12.23,27.94,15.71,101,443,20.0,,,,0.0,,,,,False,False,,,
Devin Singletary,NYG,RB,devinsingletary,19.72,19.72,19.72,19.72,19.72,0.0,102,444,19.8,,,,0.0,,,,,False,False,,,
Devin Neal,NO,RB,devinneal,19.25,38.5,0.0,0.0,38.5,38.5,103,445,19.3,,,,0.0,,,,,False,False,,,
Tahj Brooks,CIN,RB,tahjbrooks,18.04,18.04,18.04,18.04,18.04,0.0,104,446,18.2,,,,0.0,,,,,False,False,,,
Michael Burton,CLE,RB,michaelburton,17.02,23.77,9.65,9.65,23.77,14.12,105,455,16.5,,,,0.0,,,,,False,False,,,
Alec Ingold,LAC,RB,alecingold,16.23,16.23,16.23,16.23,16.23,0.0,106,458,16.4,,,,0.0,,,,,False,False,,,
Isaac Guerendo,SF,RB,isaacguerendo,14.85,29.7,0.0,0.0,29.7,29.7,107,463,14.9,,,,0.0,,,,,False,False,,,
Andrew Beck,NYJ,RB,andrewbeck,14.78,21.3,8.26,8.26,21.3,13.04,108,465,14.8,,,,0.0,,,,,False,False,,,
Trevor Etienne,CAR,RB,trevoretienne,14.47,14.47,14.47,14.47,14.47,0.0,109,466,14.8,,,,0.0,,,,,False,False,,,
Adam Prentice,DEN,RB,adamprentice,10.63,10.63,10.63,10.63,10.63,0.0,110,504,10.5,,,,0.0,,,,,False,False,,,
Connor Heyward,LV,RB,connorheyward,10.44,10.44,10.44,10.44,10.44,0.0,111,508,10.2,,,,0.0,,,,,False,False,,,
Max Bredeson,MIN,RB,maxbredeson,10.09,10.09,10.09,10.09,10.09,0.0,112,510,9.6,,,,0.0,,,,,False,False,,,
Riley Nowakowski,PIT,RB,rileynowakowski,8.42,8.42,8.42,8.42,8.42,0.0,113,530,8.1,,,,0.0,,,,,False,False,,,
Reggie Gilliam,NE,RB,reggiegilliam,8.28,8.28,8.28,8.28,8.28,0.0,114,531,7.9,,,,0.0,,,,,False,False,,,
Kendre Miller,NO,RB,kendremiller,7.33,7.33,7.33,7.33,7.33,0.0,115,537,7.3,,,,0.0,,,,,False,False,,,
Patrick Ricard,NYG,RB,patrickricard,7.18,7.18,7.18,7.18,7.18,0.0,116,538,7.4,,,,0.0,,,,,False,False,,,
Kaleb Johnson,PIT,RB,kalebjohnson,4.79,4.79,4.79,4.79,4.79,0.0,117,541,4.9,,,,0.0,,,,,False,False,,,
British Brooks,HOU,RB,britishbrooks,2.4,2.4,2.4,2.4,2.4,0.0,118,545,2.4,,,,0.0,,,,,False,False,,,
Bam Knight,ARI,RB,bamknight,0.0,0.0,0.0,0.0,0.0,0.0,119,548,0.0,,,,0.0,,,,,False,False,,,
Chris Collier,LV,RB,chriscollier,0.0,0.0,0.0,0.0,0.0,0.0,119,548,0.0,,,,0.0,,,,,False,False,,,
DeeJay Dallas,JAC,RB,deejaydallas,0.0,0.0,0.0,0.0,0.0,0.0,119,548,0.0,,,,0.0,,,,,False,False,,,
Dylan Laube,LV,RB,dylanlaube,0.0,0.0,0.0,0.0,0.0,0.0,119,548,0.0,,,,0.0,,,,,False,False,,,
Jacob Saylors,DET,RB,jacobsaylors,0.0,0.0,0.0,0.0,0.0,0.0,119,548,0.0,,,,0.0,,,,,False,False,,,
Jerome Ford,WAS,RB,jeromeford,0.0,0.0,0.0,0.0,0.0,0.0,119,548,0.0,,,,0.0,,,,,False,False,,,
Josh Williams,TB,RB,joshwilliams,0.0,0.0,0.0,0.0,0.0,0.0,119,548,0.0,,,,0.0,,,,,False,False,,,
Kene Nwangwu,NYJ,RB,kenenwangwu,0.0,0.0,0.0,0.0,0.0,0.0,119,548,0.0,,,,0.0,,,,,False,False,,,
Rasheen Ali,BAL,RB,rasheenali,0.0,0.0,0.0,0.0,0.0,0.0,119,548,0.0,,,,0.0,,,,,False,False,,,
Trey Benson,ARI,RB,treybenson,0.0,0.0,0.0,0.0,0.0,0.0,119,548,0.0,,,,0.0,,,,,False,False,,,
Tyler Badie,DEN,RB,tylerbadie,0.0,0.0,0.0,0.0,0.0,0.0,119,548,0.0,,,,0.0,,,,,False,False,,,
Zavier Scott,MIN,RB,zavierscott,0.0,0.0,0.0,0.0,0.0,0.0,119,548,0.0,,,,0.0,,,,,False,False,,,
Puka Nacua,LAR,WR,pukanacua,339.8,343.4,337.4,337.4,343.4,6.0,1,19,339.8,,,,0.0,4.0,1.0,340.0,DTD,True,True,WR/TE Flex,4,-0.2
Ja'Marr Chase,CIN,WR,jamarrchase,335.66,350.09,322.5,322.5,350.09,27.59,2,20,336.0,,,,0.0,5.0,2.0,336.0,,True,True,WR/TE Flex,5,-0.34
Jaxon Smith-Njigba,SEA,WR,jaxonsmithnjigba,324.48,347.3,305.22,305.22,347.3,42.08,3,22,324.1,,,,0.0,8.0,3.0,324.0,,True,True,WR/TE Flex,8,0.48
Amon-Ra St. Brown,DET,WR,amonrastbrown,319.87,329.57,311.2,311.2,329.57,18.37,4,24,319.8,,,,0.0,9.0,4.0,320.0,,True,True,WR/TE Flex,9,-0.13
Drake London,ATL,WR,drakelondon,287.06,322.3,263.97,263.97,322.3,58.33,5,35,287.1,,,,0.0,15.0,5.0,287.0,,True,True,WR/TE Flex,15,0.06
Rashee Rice,KC,WR,rasheerice,274.16,312.68,240.8,240.8,312.68,71.88,6,38,274.1,,,,0.0,20.0,6.0,274.0,,True,True,WR/TE Flex,20,0.16
CeeDee Lamb,DAL,WR,ceedeelamb,272.74,295.65,239.3,239.3,295.65,56.35,7,40,273.0,,,,0.0,23.0,7.0,273.0,,True,True,WR/TE Flex,23,-0.26
Justin Jefferson,MIN,WR,justinjefferson,272.54,294.43,258.5,258.5,294.43,35.93,8,41,272.8,,,,0.0,24.0,8.0,273.0,,True,True,WR/TE Flex,24,-0.46
Chris Olave,NO,WR,chrisolave,259.54,282.2,241.3,241.3,282.2,40.9,9,47,259.5,,,,0.0,32.0,9.0,259.0,,True,True,WR/TE Flex,32,0.54
A.J. Brown,NE,WR,ajbrown,255.47,274.6,242.3,242.3,274.6,32.3,10,50,255.2,,,,0.0,35.0,10.0,255.0,,True,True,WR/TE Flex,35,0.47
George Pickens,DAL,WR,georgepickens,252.15,292.8,224.4,224.4,292.8,68.4,11,54,252.0,,,,0.0,39.0,11.0,252.0,,True,True,WR/TE Flex,39,0.15
Nico Collins,HOU,WR,nicocollins,248.95,263.7,236.4,236.4,263.7,27.3,12,55,248.4,,,,0.0,41.0,12.0,248.0,,True,True,WR/TE Flex,41,0.95
Garrett Wilson,NYJ,WR,garrettwilson,242.71,271.31,212.4,212.4,271.31,58.91,13,59,242.9,,,,0.0,44.0,13.0,243.0,,True,True,WR/TE Flex,44,-0.29
Zay Flowers,BAL,WR,zayflowers,241.8,259.3,225.44,225.44,259.3,33.86,14,60,241.8,,,,0.0,45.0,14.0,242.0,DTD,True,True,WR/TE Flex,45,-0.2
Malik Nabers,NYG,WR,maliknabers,240.32,269.07,220.1,220.1,269.07,48.97,15,62,240.3,,,,0.0,48.0,15.0,238.0,DTD,True,True,WR/TE Flex,48,2.32
DeVonta Smith,PHI,WR,devontasmith,236.7,242.4,230.0,230.0,242.4,12.4,16,64,236.9,,,,0.0,49.0,16.0,237.0,DTD,True,True,WR/TE Flex,49,-0.3
Tetairoa McMillan,CAR,WR,tetairoamcmillan,233.6,248.51,219.5,219.5,248.51,29.01,17,66,233.7,,,,0.0,51.0,17.0,234.0,,True,True,WR/TE Flex,51,-0.4
Emeka Egbuka,TB,WR,emekaegbuka,228.18,240.53,215.0,215.0,240.53,25.53,18,68,228.3,,,,0.0,56.0,18.0,228.0,DTD,True,True,WR/TE Flex,56,0.18
Davante Adams,LAR,WR,davanteadams,222.22,235.25,211.8,211.8,235.25,23.45,19,71,222.3,,,,0.0,67.0,19.0,222.0,,True,True,WR/TE Flex,58,0.22
Tee Higgins,CIN,WR,teehiggins,221.54,243.4,202.8,202.8,243.4,40.6,20,72,221.7,,,,0.0,68.0,20.0,222.0,,True,True,WR/TE Flex,59,-0.46
Ladd McConkey,LAC,WR,laddmcconkey,220.41,233.94,206.4,206.4,233.94,27.54,21,73,220.3,,,,0.0,69.0,21.0,220.0,,True,True,WR/TE Flex,60,0.41
Jameson Williams,DET,WR,jamesonwilliams,217.37,227.31,202.92,202.92,227.31,24.39,22,74,217.3,,,,0.0,70.0,22.0,217.0,,True,True,WR/TE Flex,61,0.37
Terry McLaurin,WAS,WR,terrymclaurin,210.08,242.44,192.5,192.5,242.44,49.94,23,78,209.9,,,,0.0,76.0,24.0,210.0,,True,True,WR/TE Flex,64,0.08
Jaylen Waddle,DEN,WR,jaylenwaddle,210.06,215.3,205.3,205.3,215.3,10.0,24,79,210.2,,,,0.0,74.0,23.0,210.0,,True,True,WR/TE Flex,63,0.06
DJ Moore,BUF,WR,djmoore,208.71,227.4,186.3,186.3,227.4,41.1,25,80,208.5,,,,0.0,77.0,25.0,208.0,,True,True,WR/TE Flex,65,0.71
Luther Burden III,CHI,WR,lutherburden,208.03,224.05,195.0,195.0,224.05,29.05,26,81,208.1,,,,0.0,78.0,26.0,208.0,DTD,True,True,WR/TE Flex,66,0.03
Rome Odunze,CHI,WR,romeodunze,205.07,218.71,191.7,191.7,218.71,27.01,27,83,205.1,,,,0.0,83.0,28.0,205.0,,True,True,WR/TE Flex,69,0.07
Mike Evans,SF,WR,mikeevans,204.08,223.4,182.03,182.03,223.4,41.37,28,84,203.8,,,,0.0,84.0,29.0,204.0,DTD,True,True,WR/TE Flex,70,0.08
Courtland Sutton,DEN,WR,courtlandsutton,198.67,206.7,188.8,188.8,206.7,17.9,29,87,198.6,,,,0.0,88.0,30.0,199.0,,True,True,WR/TE Flex,72,-0.33
Alec Pierce,IND,WR,alecpierce,197.36,226.7,172.78,172.78,226.7,53.92,30,89,197.6,,,,0.0,79.0,27.0,206.0,PUP,True,True,WR/TE Flex,67,-8.64
Marvin Harrison Jr.,ARI,WR,marvinharrison,197.2,206.41,186.1,186.1,206.41,20.31,31,90,197.2,,,,0.0,89.0,31.0,197.0,,True,True,WR/TE Flex,73,0.2
DK Metcalf,PIT,WR,dkmetcalf,195.31,205.65,185.2,185.2,205.65,20.45,32,94,195.2,,,,0.0,93.0,33.0,195.0,DTD,True,True,WR/TE Flex,75,0.31
Christian Watson,GB,WR,christianwatson,194.64,213.11,180.61,180.61,213.11,32.5,33,95,195.2,,,,0.0,92.0,32.0,195.0,,True,True,WR/TE Flex,74,-0.36
Michael Pittman Jr.,PIT,WR,michaelpittman,190.51,212.2,165.8,165.8,212.2,46.4,34,99,190.3,,,,0.0,98.0,34.0,190.0,DTD,True,True,WR/TE Flex,78,0.51
Parker Washington,JAC,WR,parkerwashington,184.21,203.99,171.6,171.6,203.99,32.39,35,106,184.3,,,,0.0,102.0,35.0,184.0,,True,True,WR/TE Flex,81,0.21
Brian Thomas Jr.,JAC,WR,brianthomas,181.39,200.2,166.8,166.8,200.2,33.4,36,108,181.2,,,,0.0,106.0,36.0,181.0,,True,True,WR/TE Flex,83,0.39
Wan'Dale Robinson,TEN,WR,wandalerobinson,181.24,193.83,167.4,167.4,193.83,26.43,37,110,181.1,,,,0.0,107.0,37.0,181.0,,True,False,,,0.24
Jakobi Meyers,JAC,WR,jakobimeyers,178.94,186.2,173.41,173.41,186.2,12.79,38,114,178.7,,,,0.0,112.0,38.0,179.0,,True,False,,,-0.06
Carnell Tate,TEN,WR,carnelltate,178.46,206.17,153.2,153.2,206.17,52.97,39,116,178.4,,,,0.0,113.0,39.0,178.0,,True,False,,,0.46
Michael Wilson,ARI,WR,michaelwilson,176.81,192.83,165.3,165.3,192.83,27.53,40,118,176.6,,,,0.0,115.0,41.0,177.0,,True,False,,,-0.19
Jayden Reed,GB,WR,jaydenreed,176.16,192.7,164.0,164.0,192.7,28.7,41,120,176.4,,,,0.0,116.0,42.0,176.0,,True,False,,,0.16
Chris Godwin Jr.,TB,WR,chrisgodwin,175.82,195.3,156.28,156.28,195.3,39.02,42,121,175.7,,,,0.0,117.0,43.0,176.0,,True,False,,,-0.18
Quentin Johnston,LAC,WR,quentinjohnston,169.92,191.38,152.3,152.3,191.38,39.08,43,126,169.9,,,,0.0,123.0,44.0,170.0,,True,False,,,-0.08
Jordan Addison,MIN,WR,jordanaddison,169.15,187.33,154.24,154.24,187.33,33.09,44,128,168.9,,,,0.0,124.0,45.0,169.0,DTD,True,False,,,0.15
Deebo Samuel Sr.,SF,WR,deebosamuel,168.89,181.14,155.94,155.94,181.14,25.2,45,129,168.8,,,,0.0,125.0,46.0,169.0,,True,False,,,-0.11
Josh Downs,IND,WR,joshdowns,168.68,191.17,151.88,151.88,191.17,39.29,46,130,169.1,,,,0.0,114.0,40.0,178.0,DTD,True,False,,,-9.32
Xavier Worthy,KC,WR,xavierworthy,167.61,184.12,152.0,152.0,184.12,32.12,47,132,167.5,,,,0.0,126.0,47.0,168.0,DTD,True,False,,,-0.39
Stefon Diggs,WAS,WR,stefondiggs,166.62,177.9,154.65,154.65,177.9,23.25,48,137,166.3,,,,0.0,131.0,48.0,166.0,,True,False,,,0.62
Matthew Golden,GB,WR,matthewgolden,165.19,188.81,142.48,142.48,188.81,46.33,49,141,165.5,,,,0.0,132.0,49.0,165.0,,True,False,,,0.19
Khalil Shakir,BUF,WR,khalilshakir,164.68,173.25,152.0,152.0,173.25,21.25,50,143,164.9,,,,0.0,133.0,50.0,165.0,,True,False,,,-0.32
KC Concepcion,CLE,WR,kcconcepcion,159.86,172.4,147.02,147.02,172.4,25.38,51,153,159.6,,,,0.0,135.0,51.0,160.0,,True,False,,,-0.14
Keenan Allen,IND,WR,keenanallen,159.5,159.5,159.5,159.5,159.5,0.0,52,154,159.5,,,,0.0,,,,,False,False,,,
Jalen Coker,CAR,WR,jalencoker,157.85,170.8,144.9,144.9,170.8,25.9,53,159,157.7,,,,0.0,146.0,52.0,158.0,,True,False,,,-0.15
Rashid Shaheed,SEA,WR,rashidshaheed,157.32,178.3,135.12,135.12,178.3,43.18,54,161,156.8,,,,0.0,147.0,53.0,157.0,,True,False,,,0.32
Romeo Doubs,NE,WR,romeodoubs,156.43,165.7,148.19,148.19,165.7,17.51,55,163,156.5,,,,0.0,148.0,54.0,156.0,,True,False,,,0.43
De'Zhaun Stribling,SF,WR,dezhaunstribling,151.71,176.2,126.71,126.71,176.2,49.49,56,171,151.5,,,,0.0,,,,,False,False,,,
Makai Lemon,PHI,WR,makailemon,151.07,155.64,146.0,146.0,155.64,9.64,57,175,150.8,,,,0.0,,,,,False,False,,,
Denzel Boston,CLE,WR,denzelboston,150.45,163.8,137.2,137.2,163.8,26.6,58,177,150.4,,,,0.0,,,,,False,False,,,
Calvin Ridley,TEN,WR,calvinridley,148.1,164.31,132.48,132.48,164.31,31.83,59,182,148.1,,,,0.0,,,,,False,False,,,
Jayden Higgins,HOU,WR,jaydenhiggins,146.01,163.23,129.1,129.1,163.23,34.13,60,186,146.1,,,,0.0,,,,,False,False,,,
Jerry Jeudy,CLE,WR,jerryjeudy,145.64,153.9,137.18,137.18,153.9,16.72,61,188,145.4,,,,0.0,,,,,False,False,,,
Tre Tucker,LV,WR,tretucker,142.82,155.36,128.9,128.9,155.36,26.46,62,194,142.3,,,,0.0,,,,,False,False,,,
Tank Dell,HOU,WR,tankdell,140.95,178.4,104.11,104.11,178.4,74.29,63,199,141.2,,,,0.0,,,,,False,False,,,
Jauan Jennings,MIN,WR,jauanjennings,134.27,154.9,112.93,112.93,154.9,41.97,64,209,134.1,,,,0.0,,,,,False,False,,,
Rashod Bateman,BAL,WR,rashodbateman,134.26,149.43,119.4,119.4,149.43,30.03,65,210,134.3,,,,0.0,,,,,False,False,,,
Jalen McMillan,TB,WR,jalenmcmillan,133.61,138.0,129.93,129.93,138.0,8.07,66,211,133.8,,,,0.0,,,,,False,False,,,
Jalen Nailor,LV,WR,jalennailor,130.27,142.74,118.3,118.3,142.74,24.44,67,214,130.5,,,,0.0,,,,,False,False,,,
Devaughn Vele,NO,WR,devaughnvele,125.89,132.6,119.07,119.07,132.6,13.53,68,225,125.8,,,,0.0,,,,,False,False,,,
Ja'Kobi Lane,BAL,WR,jakobilane,125.38,152.5,98.97,98.97,152.5,53.53,69,226,125.7,,,,0.0,,,,,False,False,,,
Cooper Kupp,SEA,WR,cooperkupp,125.03,150.5,99.87,99.87,150.5,50.63,70,228,125.2,,,,0.0,,,,,False,False,,,
Jordyn Tyson,NO,WR,jordyntyson,124.9,163.2,98.22,98.22,163.2,64.98,71,229,125.2,,,,0.0,,,,,False,False,,,
Adonai Mitchell,NYJ,WR,adonaimitchell,114.14,125.57,102.0,102.0,125.57,23.57,72,241,113.9,,,,0.0,,,,,False,False,,,
Malik Washington,MIA,WR,malikwashington,112.1,125.14,99.07,99.07,125.14,26.07,73,243,112.1,,,,0.0,,,,,False,False,,,
Travis Hunter,JAC,WR,travishunter,111.94,111.94,111.94,111.94,111.94,0.0,74,245,111.8,,,,0.0,,,,,False,False,,,
Germie Bernard,PIT,WR,germiebernard,109.05,112.07,106.64,106.64,112.07,5.43,75,248,109.2,,,,0.0,,,,,False,False,,,
Kayshon Boutte,NE,WR,kayshonboutte,108.95,130.9,87.3,87.3,130.9,43.6,76,249,109.1,,,,0.0,,,,,False,False,,,
Dontayvion Wicks,PHI,WR,dontayvionwicks,107.88,107.88,107.88,107.88,107.88,0.0,77,251,107.9,,,,0.0,,,,,False,False,,,
Bub Means,NO,WR,bubmeans,106.5,106.5,106.5,106.5,106.5,0.0,78,252,106.5,,,,0.0,,,,,False,False,,,
Caleb Douglas,MIA,WR,calebdouglas,105.49,121.38,89.5,89.5,121.38,31.88,79,254,105.4,,,,0.0,,,,,False,False,,,
Antonio Williams,WAS,WR,antoniowilliams,103.89,136.84,71.65,71.65,136.84,65.19,80,255,104.2,,,,0.0,,,,,False,False,,,
Troy Franklin,DEN,WR,troyfranklin,100.1,152.3,48.5,48.5,152.3,103.8,81,259,100.3,,,,0.0,,,,,False,False,,,
Darius Slayton,NYG,WR,dariusslayton,99.77,114.32,85.92,85.92,114.32,28.4,82,260,100.1,,,,0.0,,,,,False,False,,,
Chris Bell,MIA,WR,chrisbell,94.94,129.9,59.98,59.98,129.9,69.92,83,268,94.8,,,,0.0,,,,,False,False,,,
Tory Horton,SEA,WR,toryhorton,94.75,125.6,63.3,63.3,125.6,62.3,84,269,94.5,,,,0.0,,,,,False,False,,,
Xavier Legette,CAR,WR,xavierlegette,94.14,94.14,94.14,94.14,94.14,0.0,85,271,93.8,,,,0.0,,,,,False,False,,,
Omar Cooper Jr.,NYJ,WR,omarcooper,93.73,121.4,64.67,64.67,121.4,56.73,86,272,93.1,,,,0.0,,,,,False,False,,,
Tyquan Thornton,KC,WR,tyquanthornton,92.97,108.6,77.33,77.33,108.6,31.27,87,273,92.9,,,,0.0,,,,,False,False,,,
Jahan Dotson,ATL,WR,jahandotson,92.73,92.73,92.73,92.73,92.73,0.0,88,275,92.5,,,,0.0,,,,,False,False,,,
Christian Kirk,SF,WR,christiankirk,90.54,143.7,37.07,37.07,143.7,106.63,89,279,90.4,,,,0.0,,,,,False,False,,,
Tre' Harris,LAC,WR,treharris,89.75,89.75,89.75,89.75,89.75,0.0,90,281,89.8,,,,0.0,,,,,False,False,,,
Ryan Flournoy,DAL,WR,ryanflournoy,89.34,89.34,89.34,89.34,89.34,0.0,91,282,89.2,,,,0.0,,,,,False,False,,,
Jalen Tolbert,MIA,WR,jalentolbert,85.53,85.53,85.53,85.53,85.53,0.0,92,283,85.4,,,,0.0,,,,,False,False,,,
Isaac TeSlaa,DET,WR,isaacteslaa,85.04,97.4,72.67,72.67,97.4,24.73,93,284,85.1,,,,0.0,,,,,False,False,,,
Malik Benson,LV,WR,malikbenson,84.42,122.2,46.64,46.64,122.2,75.56,94,286,84.4,,,,0.0,,,,,False,False,,,
Ted Hurst III,TB,WR,tedhurst,83.44,103.4,62.87,62.87,103.4,40.53,95,287,83.2,,,,0.0,,,,,False,False,,,
Hollywood Brown,PHI,WR,hollywoodbrown,80.94,128.5,33.58,33.58,128.5,94.92,96,291,81.1,,,,0.0,,,,,False,False,,,
Zachariah Branch,ATL,WR,zachariahbranch,80.37,80.37,80.37,80.37,80.37,0.0,97,292,80.3,,,,0.0,,,,,False,False,,,
Andrei Iosivas,CIN,WR,andreiiosivas,79.54,101.71,57.28,57.28,101.71,44.43,98,293,79.5,,,,0.0,,,,,False,False,,,
Elic Ayomanor,TEN,WR,elicayomanor,79.48,135.0,23.76,23.76,135.0,111.24,99,294,79.5,,,,0.0,,,,,False,False,,,
Chimere Dike,TEN,WR,chimeredike,79.33,132.33,26.32,26.32,132.33,106.01,100,295,79.2,,,,0.0,,,,,False,False,,,
Keon Coleman,BUF,WR,keoncoleman,74.57,74.57,74.57,74.57,74.57,0.0,101,298,74.6,,,,0.0,,,,,False,False,,,
Jaylin Noel,HOU,WR,jaylinnoel,74.02,74.02,74.02,74.02,74.02,0.0,102,300,74.4,,,,0.0,,,,,False,False,,,
Pat Bryant,DEN,WR,patbryant,72.45,72.45,72.45,72.45,72.45,0.0,103,302,72.6,,,,0.0,,,,,False,False,,,
Joshua Palmer,BUF,WR,joshuapalmer,69.52,94.9,44.24,44.24,94.9,50.66,104,305,69.7,,,,0.0,,,,,False,False,,,
Olamide Zaccheaus,ATL,WR,olamidezaccheaus,69.32,107.0,31.73,31.73,107.0,75.27,105,306,69.5,,,,0.0,,,,,False,False,,,
Marvin Mims Jr.,DEN,WR,marvinmims,66.53,66.53,66.53,66.53,66.53,0.0,106,311,66.8,,,,0.0,,,,,False,False,,,
Jack Bech,LV,WR,jackbech,65.8,65.8,65.8,65.8,65.8,0.0,107,312,65.8,,,,0.0,,,,,False,False,,,
Ashton Dulin,IND,WR,ashtondulin,64.14,99.9,28.58,28.58,99.9,71.32,108,313,64.1,,,,0.0,,,,,False,False,,,
Darnell Mooney,NYG,WR,darnellmooney,63.85,63.85,63.85,63.85,63.85,0.0,109,314,63.6,,,,0.0,,,,,False,False,,,
KaVontae Turpin,DAL,WR,kavontaeturpin,63.17,63.17,63.17,63.17,63.17,0.0,110,315,63.5,,,,0.0,,,,,False,False,,,
DeMario Douglas,NE,WR,demariodouglas,61.53,61.53,61.53,61.53,61.53,0.0,111,319,61.3,,,,0.0,,,,,False,False,,,
Savion Williams,GB,WR,savionwilliams,59.68,59.68,59.68,59.68,59.68,0.0,112,321,59.8,,,,0.0,,,,,False,False,,,
Malachi Fields,NYG,WR,malachifields,59.55,59.55,59.55,59.55,59.55,0.0,113,322,59.7,,,,0.0,,,,,False,False,,,
Calvin Austin III,NYG,WR,calvinaustin,58.97,101.9,15.73,15.73,101.9,86.17,114,324,58.8,,,,0.0,,,,,False,False,,,
Jahdae Walker,CHI,WR,jahdaewalker,57.48,105.8,8.55,8.55,105.8,97.25,115,326,57.2,,,,0.0,,,,,False,False,,,
Tutu Atwell,MIA,WR,tutuatwell,57.3,57.3,57.3,57.3,57.3,0.0,116,327,57.0,,,,0.0,,,,,False,False,,,
Cedric Tillman,CLE,WR,cedrictillman,54.61,101.8,7.42,7.42,101.8,94.38,117,331,54.6,,,,0.0,,,,,False,False,,,
Demarcus Robinson,SF,WR,demarcusrobinson,53.35,96.7,9.51,9.51,96.7,87.19,118,334,53.1,,,,0.0,,,,,False,False,,,
Kendrick Bourne,ARI,WR,kendrickbourne,50.52,50.52,50.52,50.52,50.52,0.0,119,342,50.2,,,,0.0,,,,,False,False,,,
Luke McCaffrey,WAS,WR,lukemccaffrey,50.31,82.2,17.53,17.53,82.2,64.67,120,343,49.9,,,,0.0,,,,,False,False,,,
Theo Wease Jr.,MIA,WR,theowease,47.1,47.1,47.1,47.1,47.1,0.0,121,351,47.1,,,,0.0,,,,,False,False,,,
Kalif Raymond,CHI,WR,kalifraymond,46.81,46.81,46.81,46.81,46.81,0.0,122,353,46.4,,,,0.0,,,,,False,False,,,
Dyami Brown,WAS,WR,dyamibrown,46.79,46.79,46.79,46.79,46.79,0.0,123,354,46.7,,,,0.0,,,,,False,False,,,
Treylon Burks,WAS,WR,treylonburks,44.98,44.98,44.98,44.98,44.98,0.0,124,359,44.7,,,,0.0,,,,,False,False,,,
Devontez Walker,BAL,WR,devontezwalker,43.98,43.98,43.98,43.98,43.98,0.0,125,362,43.8,,,,0.0,,,,,False,False,,,
Cyrus Allen,KC,WR,cyrusallen,43.92,43.92,43.92,43.92,43.92,0.0,126,363,43.8,,,,0.0,,,,,False,False,,,
Isaiah Williams,NYJ,WR,isaiahwilliams,43.06,43.06,43.06,43.06,43.06,0.0,127,367,43.1,,,,0.0,,,,,False,False,,,
Bryce Lance,NO,WR,brycelance,39.43,39.43,39.43,39.43,39.43,0.0,128,371,39.5,,,,0.0,,,,,False,False,,,
Colbie Young,CIN,WR,colbieyoung,39.33,39.33,39.33,39.33,39.33,0.0,129,372,39.5,,,,0.0,,,,,False,False,,,
Zavion Thomas,CHI,WR,zavionthomas,34.85,34.85,34.85,34.85,34.85,0.0,130,381,34.9,,,,0.0,,,,,False,False,,,
Jaylin Lane,WAS,WR,jaylinlane,34.75,34.75,34.75,34.75,34.75,0.0,131,382,34.7,,,,0.0,,,,,False,False,,,
Xavier Hutchinson,HOU,WR,xavierhutchinson,33.57,33.57,33.57,33.57,33.57,0.0,132,386,33.6,,,,0.0,,,,,False,False,,,
Elijah Sarratt,BAL,WR,elijahsarratt,33.48,33.48,33.48,33.48,33.48,0.0,133,387,33.6,,,,0.0,,,,,False,False,,,
Kevin Coleman Jr.,MIA,WR,kevincoleman,32.72,32.72,32.72,32.72,32.72,0.0,134,389,32.8,,,,0.0,,,,,False,False,,,
Jordan Whittington,LAR,WR,jordanwhittington,31.13,31.13,31.13,31.13,31.13,0.0,135,395,31.2,,,,0.0,,,,,False,False,,,
Isaiah Bond,CLE,WR,isaiahbond,30.49,30.49,30.49,30.49,30.49,0.0,136,401,30.4,,,,0.0,,,,,False,False,,,
Konata Mumpfield,LAR,WR,konatamumpfield,28.97,28.97,28.97,28.97,28.97,0.0,137,406,29.2,,,,0.0,,,,,False,False,,,
Roman Wilson,PIT,WR,romanwilson,28.71,28.71,28.71,28.71,28.71,0.0,138,408,28.8,,,,0.0,,,,,False,False,,,
Skyler Bell,BUF,WR,skylerbell,28.35,28.35,28.35,28.35,28.35,0.0,139,410,28.4,,,,0.0,,,,,False,False,,,
Mack Hollins,NE,WR,mackhollins,28.06,28.06,28.06,28.06,28.06,0.0,140,412,28.0,,,,0.0,,,,,False,False,,,
Brenen Thompson,LAC,WR,brenenthompson,27.4,27.4,27.4,27.4,27.4,0.0,141,416,27.5,,,,0.0,,,,,False,False,,,
Odell Beckham Jr.,NYG,WR,odellbeckham,23.92,23.92,23.92,23.92,23.92,0.0,142,426,24.0,,,,0.0,,,,,False,False,,,
Kyle Williams,NE,WR,kylewilliams,22.38,22.38,22.38,22.38,22.38,0.0,143,433,22.1,,,,0.0,,,,,False,False,,,
Tez Johnson,TB,WR,tezjohnson,21.37,21.37,21.37,21.37,21.37,0.0,144,436,21.4,,,,0.0,,,,,False,False,,,
Jimmy Horn Jr.,CAR,WR,jimmyhorn,21.34,21.34,21.34,21.34,21.34,0.0,145,437,21.1,,,,0.0,,,,,False,False,,,
Jalen Royals,KC,WR,jalenroyals,18.02,18.02,18.02,18.02,18.02,0.0,146,447,18.3,,,,0.0,,,,,False,False,,,
KeAndre Lambert-Smith,LAC,WR,keandrelambertsmith,17.86,17.86,17.86,17.86,17.86,0.0,147,450,17.8,,,,0.0,,,,,False,False,,,
Nick Westbrook-Ikhine,IND,WR,nickwestbrookikhine,17.16,17.16,17.16,17.16,17.16,0.0,148,454,17.2,,,,0.0,,,,,False,False,,,
Mason Tipton,NO,WR,masontipton,16.46,16.46,16.46,16.46,16.46,0.0,149,457,16.7,,,,0.0,,,,,False,False,,,
Dont'e Thornton Jr.,LV,WR,dontethornton,15.9,15.9,15.9,15.9,15.9,0.0,150,460,16.0,,,,0.0,,,,,False,False,,,
Greg Dortch,DET,WR,gregdortch,14.47,14.47,14.47,14.47,14.47,0.0,151,466,14.1,,,,0.0,,,,,False,False,,,
Barion Brown,NO,WR,barionbrown,11.94,11.94,11.94,11.94,11.94,0.0,152,485,11.8,,,,0.0,,,,,False,False,,,
Bo Melton,GB,WR,bomelton,11.43,11.43,11.43,11.43,11.43,0.0,153,493,11.5,,,,0.0,,,,,False,False,,,
Tyrell Shavers,BUF,WR,tyrellshavers,11.01,11.01,11.01,11.01,11.01,0.0,154,501,10.9,,,,0.0,,,,,False,False,,,
Derius Davis,LAC,WR,deriusdavis,10.61,10.61,10.61,10.61,10.61,0.0,155,505,10.3,,,,0.0,,,,,False,False,,,
Mitch Tinsley,CIN,WR,mitchtinsley,9.88,9.88,9.88,9.88,9.88,0.0,156,512,9.7,,,,0.0,,,,,False,False,,,
Xavier Smith,LAR,WR,xaviersmith,9.84,9.84,9.84,9.84,9.84,0.0,157,513,9.9,,,,0.0,,,,,False,False,,,
CJ Daniels,LAR,WR,cjdaniels,9.48,9.48,9.48,9.48,9.48,0.0,158,517,9.6,,,,0.0,,,,,False,False,,,
Malachi Corley,CLE,WR,malachicorley,9.35,9.35,9.35,9.35,9.35,0.0,159,520,9.1,,,,0.0,,,,,False,False,,,
Darius Cooper,PHI,WR,dariuscooper,8.87,8.87,8.87,8.87,8.87,0.0,160,524,8.5,,,,0.0,,,,,False,False,,,
Jonathan Mingo,DAL,WR,jonathanmingo,8.76,8.76,8.76,8.76,8.76,0.0,161,525,8.4,,,,0.0,,,,,False,False,,,
Tai Felton,MIN,WR,taifelton,8.61,8.61,8.61,8.61,8.61,0.0,162,528,8.8,,,,0.0,,,,,False,False,,,
Justin Watson,HOU,WR,justinwatson,8.46,8.46,8.46,8.46,8.46,0.0,163,529,8.6,,,,0.0,,,,,False,False,,,
Brycen Tremayne,CAR,WR,brycentremayne,8.11,8.11,8.11,8.11,8.11,0.0,164,533,7.8,,,,0.0,,,,,False,False,,,
Reggie Virgil,ARI,WR,reggievirgil,7.93,7.93,7.93,7.93,7.93,0.0,165,534,8.1,,,,0.0,,,,,False,False,,,
Ben Skowronek,PIT,WR,benskowronek,4.1,4.1,4.1,4.1,4.1,0.0,166,542,3.9,,,,0.0,,,,,False,False,,,
Jalen Reagor,MIA,WR,jalenreagor,3.77,3.77,3.77,3.77,3.77,0.0,167,543,3.4,,,,0.0,,,,,False,False,,,
Arian Smith,NYJ,WR,ariansmith,3.57,3.57,3.57,3.57,3.57,0.0,168,544,3.5,,,,0.0,,,,,False,False,,,
Kameron Johnson,TB,WR,kameronjohnson,1.81,1.81,1.81,1.81,1.81,0.0,169,546,1.8,,,,0.0,,,,,False,False,,,
Kaden Wetjen,PIT,WR,kadenwetjen,1.77,1.77,1.77,1.77,1.77,0.0,170,547,1.6,,,,0.0,,,,,False,False,,,
Anthony Gould,IND,WR,anthonygould,0.0,0.0,0.0,0.0,0.0,0.0,171,548,0.0,,,,0.0,,,,,False,False,,,
Braxton Berrios,NYG,WR,braxtonberrios,0.0,0.0,0.0,0.0,0.0,0.0,171,548,0.0,,,,0.0,,,,,False,False,,,
Britain Covey,PHI,WR,britaincovey,0.0,0.0,0.0,0.0,0.0,0.0,171,548,0.0,,,,0.0,,,,,False,False,,,
Charlie Jones,CIN,WR,charliejones,0.0,0.0,0.0,0.0,0.0,0.0,171,548,0.0,,,,0.0,,,,,False,False,,,
Dareke Young,LV,WR,darekeyoung,0.0,0.0,0.0,0.0,0.0,0.0,171,548,0.0,,,,0.0,,,,,False,False,,,
David Moore,CAR,WR,davidmoore,0.0,0.0,0.0,0.0,0.0,0.0,171,548,0.0,,,,0.0,,,,,False,False,,,
Devin Duvernay,ARI,WR,devinduvernay,0.0,0.0,0.0,0.0,0.0,0.0,171,548,0.0,,,,0.0,,,,,False,False,,,
Efton Chism III,NE,WR,eftonchism,0.0,0.0,0.0,0.0,0.0,0.0,171,548,0.0,,,,0.0,,,,,False,False,,,
Gage Larvadain,CLE,WR,gagelarvadain,0.0,0.0,0.0,0.0,0.0,0.0,171,548,0.0,,,,0.0,,,,,False,False,,,
Jacob Cowing,SF,WR,jacobcowing,0.0,0.0,0.0,0.0,0.0,0.0,171,548,0.0,,,,0.0,,,,,False,False,,,
Jalen Brooks,ARI,WR,jalenbrooks,0.0,0.0,0.0,0.0,0.0,0.0,171,548,0.0,,,,0.0,,,,,False,False,,,
Jeshaun Jones,MIN,WR,jeshaunjones,0.0,0.0,0.0,0.0,0.0,0.0,171,548,0.0,,,,0.0,,,,,False,False,,,
Josh Cameron,JAC,WR,joshcameron,0.0,0.0,0.0,0.0,0.0,0.0,171,548,0.0,,,,0.0,,,,,False,False,,,
Ke'Shawn Williams,CIN,WR,keshawnwilliams,0.0,0.0,0.0,0.0,0.0,0.0,171,548,0.0,,,,0.0,,,,,False,False,,,
LaJohntay Wester,BAL,WR,lajohntaywester,0.0,0.0,0.0,0.0,0.0,0.0,171,548,0.0,,,,0.0,,,,,False,False,,,
Laquon Treadwell,IND,WR,laquontreadwell,0.0,0.0,0.0,0.0,0.0,0.0,171,548,0.0,,,,0.0,,,,,False,False,,,
Mason Kinsey,TEN,WR,masonkinsey,0.0,0.0,0.0,0.0,0.0,0.0,171,548,0.0,,,,0.0,,,,,False,False,,,
Michael Bandy,DEN,WR,michaelbandy,0.0,0.0,0.0,0.0,0.0,0.0,171,548,0.0,,,,0.0,,,,,False,False,,,
Myles Price,MIN,WR,mylesprice,0.0,0.0,0.0,0.0,0.0,0.0,171,548,0.0,,,,0.0,,,,,False,False,,,
Nikko Remigio,KC,WR,nikkoremigio,0.0,0.0,0.0,0.0,0.0,0.0,171,548,0.0,,,,0.0,,,,,False,False,,,
Skyy Moore,GB,WR,skyymoore,0.0,0.0,0.0,0.0,0.0,0.0,171,548,0.0,,,,0.0,,,,,False,False,,,
Trey McBride,ARI,TE,treymcbride,254.41,271.1,237.73,237.73,271.1,33.37,1,52,254.3,,,,0.0,21.0,1.0,254.0,,True,True,Dedicated TE,21,0.41
Brock Bowers,LV,TE,brockbowers,243.89,265.8,226.2,226.2,265.8,39.6,2,58,244.1,,,,0.0,29.0,2.0,244.0,,True,True,Dedicated TE,29,-0.11
Colston Loveland,CHI,TE,colstonloveland,211.65,235.7,193.0,193.0,235.7,42.7,3,77,211.4,,,,0.0,60.0,3.0,211.0,,True,True,Dedicated TE,57,0.65
Tyler Warren,IND,TE,tylerwarren,199.21,211.4,186.4,186.4,211.4,25.0,4,86,199.2,,,,0.0,71.0,4.0,202.0,,True,True,Dedicated TE,62,-2.79
Kyle Pitts Sr.,ATL,TE,kylepitts,195.59,216.9,180.2,180.2,216.9,36.7,5,93,195.7,,,,0.0,80.0,5.0,196.0,,True,True,Dedicated TE,68,-0.41
Harold Fannin Jr.,CLE,TE,haroldfannin,191.13,212.7,173.3,173.3,212.7,39.4,6,97,191.1,,,,0.0,85.0,6.0,191.0,,True,True,Dedicated TE,71,0.13
Sam LaPorta,DET,TE,samlaporta,184.39,205.3,164.7,164.7,205.3,40.6,7,105,184.1,,,,0.0,94.0,7.0,184.0,,True,True,Dedicated TE,76,0.39
Travis Kelce,KC,TE,traviskelce,181.67,195.5,173.1,173.1,195.5,22.4,8,107,182.1,,,,0.0,95.0,8.0,182.0,,True,True,Dedicated TE,77,-0.33
Dallas Goedert,PHI,TE,dallasgoedert,179.59,209.17,153.9,153.9,209.17,55.27,9,113,179.4,,,,0.0,99.0,9.0,179.0,,True,True,Dedicated TE,79,0.59
Tucker Kraft,GB,TE,tuckerkraft,178.68,213.24,153.8,153.8,213.24,59.44,10,115,178.4,,,,0.0,100.0,10.0,178.0,,True,True,Dedicated TE,80,0.68
George Kittle,SF,TE,georgekittle,175.44,198.5,151.9,151.9,198.5,46.6,11,122,175.7,,,,0.0,103.0,11.0,176.0,PUP,True,True,Dedicated TE,82,-0.56
Mark Andrews,BAL,TE,markandrews,167.15,185.5,152.3,152.3,185.5,33.2,12,135,167.2,,,,0.0,119.0,13.0,167.0,,True,True,Dedicated TE,84,0.15
Jake Ferguson,DAL,TE,jakeferguson,167.14,182.0,155.5,155.5,182.0,26.5,13,136,167.4,,,,0.0,118.0,12.0,167.0,,True,False,,,0.14
Isaiah Likely,NYG,TE,isaiahlikely,164.72,199.7,141.6,141.6,199.7,58.1,14,142,165.0,,,,0.0,122.0,14.0,165.0,,True,False,,,-0.28
Dalton Kincaid,BUF,TE,daltonkincaid,160.38,179.8,141.9,141.9,179.8,37.9,15,152,160.2,,,,0.0,127.0,15.0,160.0,,True,False,,,0.38
Juwan Johnson,NO,TE,juwanjohnson,154.94,180.8,137.31,137.31,180.8,43.49,16,165,154.7,,,,0.0,136.0,16.0,155.0,,True,False,,,-0.06
Brenton Strange,JAC,TE,brentonstrange,151.52,181.4,131.3,131.3,181.4,50.1,17,173,151.8,,,,0.0,149.0,17.0,152.0,,True,False,,,-0.48
Hunter Henry,NE,TE,hunterhenry,150.52,155.6,147.0,147.0,155.6,8.6,18,176,150.4,,,,0.0,150.0,18.0,150.0,,True,False,,,0.52
Dalton Schultz,HOU,TE,daltonschultz,148.67,163.4,132.32,132.32,163.4,31.08,19,181,148.6,,,,0.0,,,,,False,False,,,
T.J. Hockenson,MIN,TE,tjhockenson,140.75,165.64,122.8,122.8,165.64,42.84,20,200,140.6,,,,0.0,,,,,False,False,,,
Pat Freiermuth,PIT,TE,patfreiermuth,134.4,150.21,112.9,112.9,150.21,37.31,21,208,134.1,,,,0.0,,,,,False,False,,,
Greg Dulcich,MIA,TE,gregdulcich,133.4,148.6,115.9,115.9,148.6,32.7,22,212,133.5,,,,0.0,,,,,False,False,,,
Cade Otton,TB,TE,cadeotton,128.98,161.8,101.73,101.73,161.8,60.07,23,217,128.9,,,,0.0,,,,,False,False,,,
Kenyon Sadiq,NYJ,TE,kenyonsadiq,127.56,164.08,94.5,94.5,164.08,69.58,24,220,127.3,,,,0.0,,,,,False,False,,,
Chig Okonkwo,WAS,TE,chigokonkwo,126.38,135.0,117.0,117.0,135.0,18.0,25,223,126.2,,,,0.0,,,,,False,False,,,
AJ Barner,SEA,TE,ajbarner,124.59,146.4,108.57,108.57,146.4,37.83,26,231,124.4,,,,0.0,,,,,False,False,,,
Terrance Ferguson,LAR,TE,terranceferguson,117.38,136.33,96.4,96.4,136.33,39.93,27,237,117.4,,,,0.0,,,,,False,False,,,
Evan Engram,DEN,TE,evanengram,116.99,123.4,106.38,106.38,123.4,17.02,28,238,117.1,,,,0.0,,,,,False,False,,,
Gunnar Helm,TEN,TE,gunnarhelm,111.51,127.42,99.0,99.0,127.42,28.42,29,246,111.6,,,,0.0,,,,,False,False,,,
Oronde Gadsden II,LAC,TE,orondegadsden,109.32,141.5,75.47,75.47,141.5,66.03,30,247,109.2,,,,0.0,,,,,False,False,,,
Mike Gesicki,CIN,TE,mikegesicki,106.23,127.0,81.09,81.09,127.0,45.91,31,253,106.1,,,,0.0,,,,,False,False,,,
Darren Waller,CAR,TE,darrenwaller,102.28,128.35,65.3,65.3,128.35,63.05,32,256,102.5,,,,0.0,,,,,False,False,,,
Mason Taylor,NYJ,TE,masontaylor,100.35,128.1,65.75,65.75,128.1,62.35,33,257,100.6,,,,0.0,,,,,False,False,,,
David Njoku,LAC,TE,davidnjoku,100.22,119.67,77.3,77.3,119.67,42.37,34,258,100.1,,,,0.0,,,,,False,False,,,
Colby Parkinson,LAR,TE,colbyparkinson,92.35,119.9,73.15,73.15,119.9,46.75,35,277,92.5,,,,0.0,,,,,False,False,,,
Michael Mayer,LV,TE,michaelmayer,90.2,103.0,79.2,79.2,103.0,23.8,36,280,90.2,,,,0.0,,,,,False,False,,,
Dawson Knox,BUF,TE,dawsonknox,78.97,93.1,68.0,68.0,93.1,25.1,37,296,79.2,,,,0.0,,,,,False,False,,,
Theo Johnson,NYG,TE,theojohnson,76.07,102.0,60.3,60.3,102.0,41.7,38,297,75.9,,,,0.0,,,,,False,False,,,
Darnell Washington,PIT,TE,darnellwashington,74.41,84.7,65.3,65.3,84.7,19.4,39,299,74.1,,,,0.0,,,,,False,False,,,
Tyler Higbee,LAR,TE,tylerhigbee,71.15,113.9,38.34,38.34,113.9,75.56,40,303,71.2,,,,0.0,,,,,False,False,,,
Erick All Jr.,CIN,TE,erickall,68.56,77.2,60.43,60.43,77.2,16.77,41,307,68.8,,,,0.0,,,,,False,False,,,
Cole Kmet,CHI,TE,colekmet,66.61,90.4,53.62,53.62,90.4,36.78,42,310,66.8,,,,0.0,,,,,False,False,,,
Noah Fant,NO,TE,noahfant,63.15,98.1,30.24,30.24,98.1,67.86,43,316,63.2,,,,0.0,,,,,False,False,,,
Will Kacmarek,MIA,TE,willkacmarek,61.92,85.6,38.34,38.34,85.6,47.26,44,318,61.8,,,,0.0,,,,,False,False,,,
Elijah Arroyo,SEA,TE,elijaharroyo,58.61,62.12,54.4,54.4,62.12,7.72,45,325,58.4,,,,0.0,,,,,False,False,,,
Austin Hooper,ATL,TE,austinhooper,55.54,65.3,43.32,43.32,65.3,21.98,46,328,55.7,,,,0.0,,,,,False,False,,,
Charlie Kolar,LAC,TE,charliekolar,55.03,82.3,35.38,35.38,82.3,46.92,47,329,55.4,,,,0.0,,,,,False,False,,,
Daniel Bellinger,TEN,TE,danielbellinger,52.33,77.2,26.76,26.76,77.2,50.44,48,336,52.0,,,,0.0,,,,,False,False,,,
Josh Oliver,MIN,TE,josholiver,52.23,70.4,38.18,38.18,70.4,32.22,49,337,52.1,,,,0.0,,,,,False,False,,,
Brock Wright,DET,TE,brockwright,51.26,83.9,18.52,18.52,83.9,65.38,50,338,51.2,,,,0.0,,,,,False,False,,,
Noah Gray,KC,TE,noahgray,50.98,64.33,34.7,34.7,64.33,29.63,51,340,51.0,,,,0.0,,,,,False,False,,,
Eli Stowers,PHI,TE,elistowers,49.55,75.0,24.29,24.29,75.0,50.71,52,346,49.6,,,,0.0,,,,,False,False,,,
Tommy Tremble,CAR,TE,tommytremble,49.03,55.2,43.66,43.66,55.2,11.54,53,347,49.3,,,,0.0,,,,,False,False,,,
Adam Trautman,DEN,TE,adamtrautman,48.07,67.2,28.83,28.83,67.2,38.37,54,348,47.9,,,,0.0,,,,,False,False,,,
Jake Tonges,SF,TE,jaketonges,47.89,63.3,32.47,32.47,63.3,30.83,55,349,48.0,,,,0.0,,,,,False,False,,,
Luke Musgrave,GB,TE,lukemusgrave,47.15,66.9,16.44,16.44,66.9,50.46,56,350,47.2,,,,0.0,,,,,False,False,,,
Ja'Tavion Sanders,CAR,TE,jatavionsanders,46.34,53.1,41.73,41.73,53.1,11.37,57,355,46.6,,,,0.0,,,,,False,False,,,
Eli Raridon,NE,TE,eliraridon,45.88,57.3,35.25,35.25,57.3,22.05,58,356,46.2,,,,0.0,,,,,False,False,,,
Elijah Higgins,ARI,TE,elijahhiggins,45.2,49.6,41.31,41.31,49.6,8.29,59,357,45.4,,,,0.0,,,,,False,False,,,
Ben Sims,MIA,TE,bensims,45.16,74.4,15.13,15.13,74.4,59.27,60,358,44.9,,,,0.0,,,,,False,False,,,
Marlin Klein,HOU,TE,marlinklein,44.37,81.9,6.83,6.83,81.9,75.07,61,360,44.4,,,,0.0,,,,,False,False,,,
Davis Allen,LAR,TE,davisallen,44.03,68.1,19.17,19.17,68.1,48.93,62,361,43.8,,,,0.0,,,,,False,False,,,
John Bates,WAS,TE,johnbates,42.49,52.2,32.88,32.88,52.2,19.32,63,368,42.4,,,,0.0,,,,,False,False,,,
Jeremy Ruckert,NYJ,TE,jeremyruckert,42.13,58.6,25.47,25.47,58.6,33.13,64,369,41.9,,,,0.0,,,,,False,False,,,
Nate Boerkircher,JAC,TE,nateboerkircher,37.38,57.8,16.76,16.76,57.8,41.04,65,374,37.2,,,,0.0,,,,,False,False,,,
Connor Heyward,LV,TE,connorheyward,36.3,36.3,36.3,36.3,36.3,0.0,66,376,36.3,,,,0.0,,,,,False,False,,,
Drew Sample,CIN,TE,drewsample,33.92,39.13,28.8,28.8,39.13,10.33,67,385,33.9,,,,0.0,,,,,False,False,,,
Cade Stover,HOU,TE,cadestover,33.22,34.93,31.8,31.8,34.93,3.13,68,388,33.2,,,,0.0,,,,,False,False,,,
Nate Adkins,DEN,TE,nateadkins,31.54,44.8,18.68,18.68,44.8,26.12,69,392,31.7,,,,0.0,,,,,False,False,,,
Nick Vannett,SEA,TE,nickvannett,31.5,31.5,31.5,31.5,31.5,0.0,70,393,31.5,,,,0.0,,,,,False,False,,,
Jack Endries,CIN,TE,jackendries,31.3,31.3,31.3,31.3,31.3,0.0,71,394,31.3,,,,0.0,,,,,False,False,,,
Ben Sinnott,WAS,TE,bensinnott,30.94,35.3,26.27,26.27,35.3,9.03,72,396,30.9,,,,0.0,,,,,False,False,,,
Charlie Woerner,ATL,TE,charliewoerner,30.84,53.2,8.37,8.37,53.2,44.83,73,397,30.7,,,,0.0,,,,,False,False,,,
Zack Kuntz,DAL,TE,zackkuntz,30.8,30.8,30.8,30.8,30.8,0.0,74,398,30.8,,,,0.0,,,,,False,False,,,
Luke Schoonmaker,DAL,TE,lukeschoonmaker,30.75,34.3,27.6,27.6,34.3,6.7,75,399,30.9,,,,0.0,,,,,False,False,,,
Jackson Hawes,BUF,TE,jacksonhawes,30.41,35.1,26.21,26.21,35.1,8.89,76,402,30.6,,,,0.0,,,,,False,False,,,
Hayden Rucci,SF,TE,haydenrucci,29.8,29.8,29.8,29.8,29.8,0.0,77,403,29.8,,,,0.0,,,,,False,False,,,
Will Mallory,IND,TE,willmallory,29.5,29.5,29.5,29.5,29.5,0.0,78,404,29.5,,,,0.0,,,,,False,False,,,
Tanner Hudson,CIN,TE,tannerhudson,29.33,29.33,29.33,29.33,29.33,0.0,79,405,29.3,,,,0.0,,,,,False,False,,,
Rivaldo Fairweather,ARI,TE,rivaldofairweather,28.9,28.9,28.9,28.9,28.9,0.0,80,407,28.9,,,,0.0,,,,,False,False,,,
Grant Calcaterra,PHI,TE,grantcalcaterra,28.5,57.0,0.0,0.0,57.0,57.0,81,409,28.5,,,,0.0,,,,,False,False,,,
Bauer Sharp,TB,TE,bauersharp,28.3,28.3,28.3,28.3,28.3,0.0,82,411,28.3,,,,0.0,,,,,False,False,,,
Foster Moreau,HOU,TE,fostermoreau,27.67,36.2,19.04,19.04,36.2,17.16,83,413,27.6,,,,0.0,,,,,False,False,,,
Tanner Conner,NYG,TE,tannerconner,27.3,27.3,27.3,27.3,27.3,0.0,84,417,27.3,,,,0.0,,,,,False,False,,,
Mo Alie-Cox,IND,TE,moaliecox,27.29,27.29,27.29,27.29,27.29,0.0,85,418,27.4,,,,0.0,,,,,False,False,,,
Jared Wiley,KC,TE,jaredwiley,26.6,26.6,26.6,26.6,26.6,0.0,86,420,26.6,,,,0.0,,,,,False,False,,,
Thomas Fidone II,NYG,TE,thomasfidone,26.1,26.1,26.1,26.1,26.1,0.0,87,422,26.1,,,,0.0,,,,,False,False,,,
Seydou Traore,MIA,TE,seydoutraore,23.8,23.8,23.8,23.8,23.8,0.0,88,427,23.8,,,,0.0,,,,,False,False,,,
Durham Smythe,BAL,TE,durhamsmythe,23.2,23.2,23.2,23.2,23.2,0.0,89,430,23.5,,,,0.0,,,,,False,False,,,
Mitchell Evans,CAR,TE,mitchellevans,21.15,42.3,0.0,0.0,42.3,42.3,90,438,21.2,,,,0.0,,,,,False,False,,,
Payne Durham,TB,TE,paynedurham,20.48,23.1,17.66,17.66,23.1,5.44,91,440,20.5,,,,0.0,,,,,False,False,,,
Max Klare,LAR,TE,maxklare,20.46,30.7,10.22,10.22,30.7,20.48,92,441,20.3,,,,0.0,,,,,False,False,,,
Oscar Delp,NO,TE,oscardelp,18.02,18.02,18.02,18.02,18.02,0.0,93,447,18.0,,,,0.0,,,,,False,False,,,
Tanner Koziol,JAC,TE,tannerkoziol,17.98,27.1,9.37,9.37,27.1,17.73,94,449,18.1,,,,0.0,,,,,False,False,,,
Tip Reiman,ARI,TE,tipreiman,17.72,27.0,8.44,8.44,27.0,18.56,95,451,17.7,,,,0.0,,,,,False,False,,,
Sam Roush,CHI,TE,samroush,17.64,27.1,8.88,8.88,27.1,18.22,96,452,17.9,,,,0.0,,,,,False,False,,,
Devin Culp,TB,TE,devinculp,17.4,34.8,0.0,0.0,34.8,34.8,97,453,17.4,,,,0.0,,,,,False,False,,,
Ian Thomas,LV,TE,ianthomas,16.7,24.8,8.6,8.6,24.8,16.2,98,456,16.5,,,,0.0,,,,,False,False,,,
Josh Cuevas,BAL,TE,joshcuevas,15.94,23.7,8.68,8.68,23.7,15.02,99,459,16.2,,,,0.0,,,,,False,False,,,
Joe Royer,CLE,TE,joeroyer,15.84,15.84,15.84,15.84,15.84,0.0,100,461,16.2,,,,0.0,,,,,False,False,,,
Hunter Long,JAC,TE,hunterlong,15.5,31.0,0.0,0.0,31.0,31.0,101,462,15.5,,,,0.0,,,,,False,False,,,
Chris Manhertz,NYG,TE,chrismanhertz,14.06,23.5,4.03,4.03,23.5,19.47,102,469,13.8,,,,0.0,,,,,False,False,,,
Lucas Krull,DEN,TE,lucaskrull,13.45,26.9,0.0,0.0,26.9,26.9,103,472,13.5,,,,0.0,,,,,False,False,,,
Luke Farrell,SF,TE,lukefarrell,10.07,10.07,10.07,10.07,10.07,0.0,104,511,9.9,,,,0.0,,,,,False,False,,,
Justin Joly,DEN,TE,justinjoly,9.59,9.59,9.59,9.59,9.59,0.0,105,516,9.5,,,,0.0,,,,,False,False,,,
CJ Dippre,NE,TE,cjdippre,9.43,9.43,9.43,9.43,9.43,0.0,106,518,9.2,,,,0.0,,,,,False,False,,,
Brevyn Spann-Ford,DAL,TE,brevynspannford,9.37,9.37,9.37,9.37,9.37,0.0,107,519,9.4,,,,0.0,,,,,False,False,,,
Tyler Conklin,DET,TE,tylerconklin,9.29,9.29,9.29,9.29,9.29,0.0,108,521,8.9,,,,0.0,,,,,False,False,,,
Ko Kieft,TB,TE,kokieft,9.11,9.11,9.11,9.11,9.11,0.0,109,522,9.0,,,,0.0,,,,,False,False,,,
Drew Ogletree,IND,TE,drewogletree,9.03,9.03,9.03,9.03,9.03,0.0,110,523,8.8,,,,0.0,,,,,False,False,,,
Josh Whyle,GB,TE,joshwhyle,8.7,8.7,8.7,8.7,8.7,0.0,111,526,8.8,,,,0.0,,,,,False,False,,,
Eric Saubert,SEA,TE,ericsaubert,8.64,8.64,8.64,8.64,8.64,0.0,112,527,8.6,,,,0.0,,,,,False,False,,,
Johnny Mundt,PHI,TE,johnnymundt,8.24,8.24,8.24,8.24,8.24,0.0,113,532,8.2,,,,0.0,,,,,False,False,,,
Jack Stoll,CLE,TE,jackstoll,7.84,7.84,7.84,7.84,7.84,0.0,114,536,7.5,,,,0.0,,,,,False,False,,,
Blake Whiteheart,CLE,TE,blakewhiteheart,0.0,0.0,0.0,0.0,0.0,0.0,115,548,0.0,,,,0.0,,,,,False,False,,,
Cole Turner,MIA,TE,coleturner,0.0,0.0,0.0,0.0,0.0,0.0,115,548,0.0,,,,0.0,,,,,False,False,,,
Jelani Woods,NYJ,TE,jelaniwoods,0.0,0.0,0.0,0.0,0.0,0.0,115,548,0.0,,,,0.0,,,,,False,False,,,
Julian Hill,NE,TE,julianhill,0.0,0.0,0.0,0.0,0.0,0.0,115,548,0.0,,,,0.0,,,,,False,False,,,
Quintin Morris,JAC,TE,quintinmorris,0.0,0.0,0.0,0.0,0.0,0.0,115,548,0.0,,,,0.0,,,,,False,False,,,
Brandon Aubrey,DAL,K,brandonaubrey,196.24,198.91,193.89,193.89,198.91,5.01,1,91,153.0,42.23,76.0,player history with empirical shrinkage,0.0,169.0,1.0,153.0,,True,True,K,97,43.24
Jason Myers,SEA,K,jasonmyers,188.86,210.23,174.07,174.07,210.23,36.16,2,101,150.4,41.08,67.0,player history with empirical shrinkage,0.0,170.0,2.0,150.0,,True,True,K,98,38.86
Ka'imi Fairbairn,HOU,K,kaimifairbairn,181.03,195.67,167.89,167.89,195.67,27.79,3,111,144.1,40.17,80.0,player history with empirical shrinkage,0.0,171.0,3.0,144.0,,True,True,K,99,37.03
Cameron Dicker,LAC,K,camerondicker,174.31,177.18,169.8,169.8,177.18,7.38,4,123,143.7,38.76,77.0,player history with empirical shrinkage,0.0,172.0,4.0,144.0,,True,True,K,100,30.31
Cairo Santos,CHI,K,cairosantos,165.31,177.14,153.58,153.58,177.14,23.57,5,140,133.3,40.67,46.0,player history with empirical shrinkage,0.0,176.0,8.0,133.0,,True,True,K,103,32.31
Will Reichard,MIN,K,willreichard,164.16,176.73,152.4,152.4,176.73,24.33,6,144,130.7,40.83,57.0,player history with empirical shrinkage,0.0,182.0,14.0,131.0,,True,True,K,107,33.16
Jake Bates,DET,K,jakebates,163.28,175.99,152.26,152.26,175.99,23.74,7,146,135.9,39.67,53.0,player history with empirical shrinkage,0.0,174.0,6.0,136.0,,True,True,K,101,27.28
Chase McLaughlin,TB,K,chasemclaughlin,162.27,171.87,155.02,155.02,171.87,16.85,8,148,132.9,39.35,62.0,player history with empirical shrinkage,0.0,177.0,9.0,133.0,,True,True,K,104,29.27
Blake Grupe,IND,K,blakegrupe,161.53,184.55,144.79,144.79,184.55,39.77,9,149,133.4,39.28,56.0,player history with empirical shrinkage,0.0,175.0,7.0,133.0,,True,True,K,102,28.53
Cam Little,JAC,K,camlittle,159.35,168.0,151.19,151.19,168.0,16.81,10,155,131.5,39.6,57.0,player history with empirical shrinkage,0.0,181.0,13.0,131.0,,True,True,K,106,28.35
Eddy Pineiro,SF,K,eddypineiro,159.19,165.93,152.83,152.83,165.93,13.11,11,156,132.6,38.61,50.0,player history with empirical shrinkage,0.0,178.0,10.0,133.0,,True,True,K,105,26.19
Nick Folk,ATL,K,nickfolk,158.98,186.56,127.49,127.49,186.56,59.08,12,157,128.6,40.16,49.0,player history with empirical shrinkage,0.0,184.0,16.0,129.0,,True,True,K,108,29.98
Harrison Mevis,LAR,K,harrisonmevis,157.96,168.25,141.73,141.73,168.25,26.53,13,158,136.9,37.75,12.0,player history with empirical shrinkage,0.0,173.0,5.0,137.0,,True,False,,,20.96
Charlie Smyth,NO,K,charliesmyth,157.03,164.2,148.09,148.09,164.2,16.11,14,162,123.0,41.57,12.0,player history with empirical shrinkage,0.0,188.0,20.0,123.0,,True,False,,,34.03
Evan McPherson,CIN,K,evanmcpherson,154.36,160.76,146.39,146.39,160.76,14.37,15,166,128.7,39.23,41.0,player history with empirical shrinkage,0.0,183.0,15.0,129.0,,True,False,,,25.36
Harrison Butker,KC,K,harrisonbutker,152.47,161.78,144.62,144.62,161.78,17.16,16,168,131.9,36.54,54.0,player history with empirical shrinkage,0.0,180.0,12.0,132.0,,True,False,,,20.47
Trey Smack,GB,K,treysmack,152.38,156.88,147.78,147.78,156.88,9.09,17,169,126.9,38.85,0.0,2024-2025 NFL league average,0.0,186.0,18.0,127.0,,True,False,,,25.38
Wil Lutz,DEN,K,willutz,151.51,157.8,145.32,145.32,157.8,12.49,18,174,128.5,37.94,59.0,player history with empirical shrinkage,0.0,185.0,17.0,128.0,,True,False,,,23.51
Chris Boswell,PIT,K,chrisboswell,149.05,164.56,134.26,134.26,164.56,30.3,19,179,118.3,40.94,68.0,player history with empirical shrinkage,0.0,192.0,24.0,118.0,,True,False,,,31.05
Tyler Loop,BAL,K,tylerloop,147.3,152.69,140.05,140.05,152.69,12.64,20,183,132.1,35.39,30.0,player history with empirical shrinkage,0.0,179.0,11.0,132.0,,True,False,,,15.3
Jason Sanders,NYJ,K,jasonsanders,147.1,151.4,142.79,142.79,151.4,8.61,21,184,118.0,40.14,37.0,player history with empirical shrinkage,0.0,,,,,False,False,,,
Tyler Bass,BUF,K,tylerbass,146.2,148.56,143.17,143.17,148.56,5.39,22,185,123.6,38.87,24.0,player history with empirical shrinkage,0.0,187.0,19.0,124.0,,True,False,,,22.2
Drew Stevens,WAS,K,drewstevens,145.11,150.5,140.2,140.2,150.5,10.3,23,190,120.6,38.85,0.0,2024-2025 NFL league average,0.0,189.0,21.0,121.0,,True,False,,,24.11
Joey Slye,TEN,K,joeyslye,141.45,150.16,133.54,133.54,150.16,16.62,24,196,113.9,40.06,54.0,player history with empirical shrinkage,0.0,,,,,False,False,,,
Riley Patterson,MIA,K,rileypatterson,141.41,154.92,130.95,130.95,154.92,23.97,25,197,114.7,39.5,31.0,player history with empirical shrinkage,0.0,,,,,False,False,,,
Jake Elliott,PHI,K,jakeelliott,139.49,144.23,135.03,135.03,144.23,9.2,26,201,119.8,37.61,48.0,player history with empirical shrinkage,0.0,190.0,22.0,120.0,,True,False,,,19.49
Andy Borregales,NE,K,andyborregales,136.59,137.32,135.12,135.12,137.32,2.2,27,205,119.4,36.66,27.0,player history with empirical shrinkage,0.0,191.0,23.0,119.0,,True,False,,,17.59
Chad Ryland,ARI,K,chadryland,134.97,145.21,127.34,127.34,145.21,17.87,28,207,111.7,38.79,53.0,player history with empirical shrinkage,0.0,,,,,False,False,,,
Ryan Fitzgerald,CAR,K,ryanfitzgerald,128.56,138.78,120.25,120.25,138.78,18.54,29,218,107.9,38.1,24.0,player history with empirical shrinkage,0.0,,,,,False,False,,,
Matt Gay,LV,K,mattgay,127.9,141.03,114.28,114.28,141.03,26.75,30,219,107.6,37.9,48.0,player history with empirical shrinkage,0.0,,,,,False,False,,,
Andre Szmyt,CLE,K,andreszmyt,123.12,139.54,113.15,113.15,139.54,26.39,31,233,102.2,38.54,24.0,player history with empirical shrinkage,0.0,,,,,False,False,,,
Dominic Zvada,NYG,K,dominiczvada,92.91,149.52,36.2,36.2,149.52,113.33,32,274,76.7,38.85,0.0,2024-2025 NFL league average,0.0,,,,,False,False,,,
Ben Sauls,NYG,K,bensauls,67.11,117.81,0.0,0.0,117.81,117.81,33,309,58.5,35.7,8.0,player history with empirical shrinkage,0.0,,,,,False,False,,,
Cade York,NYJ,K,cadeyork,43.55,87.1,0.0,0.0,87.1,87.1,34,365,36.0,36.29,9.0,player history with empirical shrinkage,0.0,,,,,False,False,,,
Spencer Shrader,IND,K,spencershrader,0.0,0.0,0.0,0.0,0.0,0.0,35,548,0.0,36.13,18.0,player history with empirical shrinkage,0.0,,,,,False,False,,,
Tanner Brown,NO,K,tannerbrown,0.0,0.0,0.0,0.0,0.0,0.0,35,548,0.0,38.85,0.0,2024-2025 NFL league average,0.0,,,,,False,False,,,
Zane Gonzalez,MIA,K,zanegonzalez,0.0,0.0,0.0,0.0,0.0,0.0,35,548,0.0,42.78,24.0,player history with empirical shrinkage,0.0,,,,,False,False,,,
Denver Broncos,DEN,DST,denverbroncos,200.41,235.88,164.44,164.44,235.88,71.43,1,85,118.3,,,,22.21,138.0,2.0,118.0,,True,True,DST,86,82.41
Houston Texans,HOU,DST,houstontexans,191.05,216.16,168.5,168.5,216.16,47.67,2,98,120.3,,,,21.25,137.0,1.0,120.0,,True,True,DST,85,71.05
Seattle Seahawks,SEA,DST,seattleseahawks,181.26,198.82,167.45,167.45,198.82,31.37,3,109,110.9,,,,24.06,141.0,5.0,111.0,,True,True,DST,89,70.26
Minnesota Vikings,MIN,DST,minnesotavikings,173.73,207.75,144.42,144.42,207.75,63.33,4,124,112.8,,,,11.33,139.0,3.0,113.0,,True,True,DST,87,60.73
Pittsburgh Steelers,PIT,DST,pittsburghsteelers,172.66,193.81,163.61,163.61,193.81,30.2,5,125,111.9,,,,14.86,140.0,4.0,112.0,,True,True,DST,88,60.66
Los Angeles Rams,LAR,DST,losangelesrams,169.26,188.42,158.82,158.82,188.42,29.6,6,127,108.0,,,,14.86,151.0,7.0,108.0,,True,True,DST,91,61.26
Los Angeles Chargers,LAC,DST,losangeleschargers,167.34,195.6,141.29,141.29,195.6,54.32,7,134,108.6,,,,9.54,142.0,6.0,109.0,,True,True,DST,90,58.34
Philadelphia Eagles,PHI,DST,philadelphiaeagles,166.33,185.39,150.77,150.77,185.39,34.62,8,138,102.6,,,,20.93,154.0,10.0,103.0,,True,True,DST,94,63.33
Detroit Lions,DET,DST,detroitlions,162.81,191.04,143.51,143.51,191.04,47.53,9,147,106.8,,,,7.81,152.0,8.0,107.0,,True,True,DST,92,55.81
Baltimore Ravens,BAL,DST,baltimoreravens,160.9,173.52,153.85,153.85,173.52,19.67,10,151,102.0,,,,12.5,155.0,11.0,102.0,,True,True,DST,95,58.9
Buffalo Bills,BUF,DST,buffalobills,152.6,169.27,138.74,138.74,169.27,30.53,11,167,106.6,,,,3.4,153.0,9.0,107.0,,True,True,DST,93,45.6
New England Patriots,NE,DST,newenglandpatriots,152.03,175.59,129.14,129.14,175.59,46.46,12,170,99.6,,,,11.63,162.0,18.0,100.0,,True,True,DST,96,52.03
Cleveland Browns,CLE,DST,clevelandbrowns,151.62,167.98,147.51,147.51,167.98,20.47,13,172,101.1,,,,4.42,157.0,13.0,101.0,,True,False,,,50.62
Kansas City Chiefs,KC,DST,kansascitychiefs,149.75,160.42,143.92,143.92,160.42,16.5,14,178,93.2,,,,14.55,168.0,24.0,93.0,,True,False,,,56.75
New Orleans Saints,NO,DST,neworleanssaints,148.8,169.7,135.62,135.62,169.7,34.08,15,180,100.9,,,,2.8,159.0,15.0,101.0,,True,False,,,47.8
Green Bay Packers,GB,DST,greenbaypackers,145.15,156.02,133.77,133.77,156.02,22.26,16,189,95.3,,,,9.54,165.0,21.0,95.0,,True,False,,,50.15
Chicago Bears,CHI,DST,chicagobears,144.1,161.7,129.55,129.55,161.7,32.15,17,192,101.0,,,,3.9,158.0,14.0,101.0,,True,False,,,43.1
Atlanta Falcons,ATL,DST,atlantafalcons,143.52,177.14,122.91,122.91,177.14,54.22,18,193,101.6,,,,-4.08,156.0,12.0,102.0,,True,False,,,41.52
Tampa Bay Buccaneers,TB,DST,tampabaybuccaneers,141.74,151.7,129.9,129.9,151.7,21.81,19,195,97.3,,,,3.14,163.0,19.0,97.0,,True,False,,,44.74
Jacksonville Jaguars,JAX,DST,jacksonvillejaguars,141.22,164.03,121.78,121.78,164.03,42.24,20,198,99.9,,,,4.42,160.0,16.0,100.0,,True,False,,,41.22
Cincinnati Bengals,CIN,DST,cincinnatibengals,139.47,159.5,127.01,127.01,159.5,32.48,21,202,99.8,,,,-1.33,161.0,17.0,100.0,,True,False,,,39.47
Indianapolis Colts,IND,DST,indianapoliscolts,135.29,148.39,125.0,125.0,148.39,23.39,22,206,94.1,,,,1.9,167.0,23.0,94.0,,True,False,,,41.29
New York Giants,NYG,DST,newyorkgiants,129.55,129.75,123.45,123.45,129.75,6.3,23,215,91.3,,,,-2.85,,,,,False,False,,,
Washington Commanders,WAS,DST,washingtoncommanders,129.54,143.47,116.55,116.55,143.47,26.91,24,216,94.4,,,,-8.26,166.0,22.0,94.0,,True,False,,,35.54
Tennessee Titans,TEN,DST,tennesseetitans,127.56,147.82,115.87,115.87,147.82,31.95,25,221,95.5,,,,-12.84,164.0,20.0,96.0,,True,False,,,31.56
San Francisco 49ers,SF,DST,sanfrancisco49ers,126.98,140.36,111.47,111.47,140.36,28.88,26,222,88.1,,,,2.98,,,,,False,False,,,
Dallas Cowboys,DAL,DST,dallascowboys,126.18,126.96,123.22,123.22,126.96,3.74,27,224,91.6,,,,-7.62,,,,,False,False,,,
Carolina Panthers,CAR,DST,carolinapanthers,125.16,139.5,113.05,113.05,139.5,26.46,28,227,86.5,,,,0.56,,,,,False,False,,,
Las Vegas Raiders,LV,DST,lasvegasraiders,123.14,143.75,106.95,106.95,143.75,36.8,29,232,90.5,,,,-8.26,,,,,False,False,,,
Miami Dolphins,MIA,DST,miamidolphins,122.47,155.08,102.25,102.25,155.08,52.83,30,235,90.5,,,,-10.33,,,,,False,False,,,
New York Jets,NYJ,DST,newyorkjets,116.49,118.32,109.42,109.42,118.32,8.91,31,239,85.0,,,,-6.11,,,,,False,False,,,
Arizona Cardinals,ARI,DST,arizonacardinals,112.95,113.24,109.75,109.75,113.24,3.49,32,242,90.1,,,,-13.25,,,,,False,False,,,
