position,player,Week 1,Week 2,Week 3,Week 4,Week 5,Week 6,Week 7,Week 8,Week 9,Week 10,Week 11,Week 12,Week 13,Week 14,Week 15,Week 16,Week 17,total
QB,Josh Allen,24.46,24.46,24.46,24.46,24.46,24.46,0,24.46,24.46,24.46,24.46,24.46,24.46,24.46,24.46,24.46,24.46,391.4
QB,Lamar Jackson,21.85,21.85,21.85,21.85,21.85,21.85,21.85,21.85,21.85,21.85,21.85,21.85,0,21.85,21.85,21.85,21.85,349.6
QB,Drake Maye,21.68,21.68,21.68,21.68,21.68,21.68,21.68,21.68,21.68,21.68,0,21.68,21.68,21.68,21.68,21.68,0,325.22
QB,Joe Burrow,21.53,21.53,21.53,21.53,21.53,0,21.53,21.53,21.53,21.53,21.53,21.53,21.53,21.53,21.53,0,0,301.46
QB,Jalen Hurts,21.28,21.28,21.28,21.28,21.28,21.28,21.28,21.28,21.28,0,21.28,21.28,21.28,21.28,0,0,0,276.62
QB,Dak Prescott,20.97,20.97,20.97,20.97,20.97,20.97,20.97,20.97,20.97,20.97,20.97,20.97,20.97,0,0,0,0,272.55
QB,Jayden Daniels,21.13,21.13,21.13,21.13,21.13,21.13,0,21.13,21.13,21.13,21.13,21.13,21.13,0,0,0,0,253.57
QB,Matthew Stafford,20.79,20.79,20.79,20.79,20.79,20.79,20.79,20.79,20.79,20.79,0,0,0,0,0,0,0,207.85
QB,Brock Purdy,20.5,20.5,20.5,20.5,20.5,20.5,20.5,0,20.5,20.5,20.5,0,0,0,0,0,0,204.99
QB,Patrick Mahomes II,20.45,20.45,20.45,20.45,0,20.45,20.45,20.45,20.45,20.45,20.45,0,0,0,0,0,0,204.54
QB,Caleb Williams,20.41,20.41,20.41,20.41,20.41,20.41,20.41,20.41,0,0,0,0,0,0,0,0,0,163.26
QB,Trevor Lawrence,20.42,20.42,20.42,20.42,20.42,20.42,0,20.42,0,0,0,0,0,0,0,0,0,142.94
QB,Jaxson Dart,20.2,20.2,20.2,20.2,20.2,20.2,20.2,0,0,0,0,0,0,0,0,0,0,141.39
QB,Bo Nix,20.06,20.06,20.06,20.06,20.06,20.06,20.06,0,0,0,0,0,0,0,0,0,0,140.4
QB,Jared Goff,20.07,20.07,20.07,20.07,20.07,0,20.07,0,0,0,0,0,0,0,0,0,0,120.4
QB,Justin Herbert,20.01,20.01,20.01,0,0,0,0,0,0,0,0,0,0,0,0,0,0,60.03
QB,Baker Mayfield,18.89,18.89,0,0,0,0,0,0,0,0,0,0,0,0,0,0,0,37.78
QB,Tyler Shough,18.8,0,0,0,0,0,0,0,0,0,0,0,0,0,0,0,0,18.8
RB,Jahmyr Gibbs,19.83,19.83,19.83,19.83,19.83,0,19.83,19.83,19.83,19.83,19.83,19.83,19.83,19.83,19.83,19.83,19.83,317.27
RB,Bijan Robinson,19.43,19.43,19.43,19.43,19.43,19.43,19.43,19.43,19.43,19.43,0,19.43,19.43,19.43,19.43,19.43,19.43,310.86
RB,Christian McCaffrey,17.39,17.39,17.39,17.39,17.39,17.39,17.39,0,17.39,17.39,17.39,17.39,17.39,17.39,17.39,17.39,17.39,278.17
RB,Jonathan Taylor,17,17,17,17,17,17,17,17,17,17,17,17,0,17,17,17,17,272.06
RB,Derrick Henry,15.57,15.57,15.57,15.57,15.57,15.57,15.57,15.57,15.57,15.57,15.57,15.57,0,15.57,15.57,15.57,15.57,249.07
RB,De'Von Achane,15.28,15.28,15.28,15.28,15.28,0,15.28,15.28,15.28,15.28,15.28,15.28,15.28,15.28,15.28,15.28,15.28,244.46
RB,James Cook III,14.94,14.94,14.94,14.94,14.94,14.94,0,14.94,14.94,14.94,14.94,14.94,14.94,14.94,14.94,14.94,0,224.06
RB,Chase Brown,14.53,14.53,14.53,14.53,14.53,0,14.53,14.53,14.53,14.53,14.53,14.53,14.53,14.53,14.53,14.53,0,217.89
RB,Ashton Jeanty,14.53,14.53,14.53,14.53,14.53,14.53,14.53,14.53,14.53,14.53,14.53,14.53,0,14.53,14.53,14.53,0,217.88
RB,Saquon Barkley,14.33,14.33,14.33,14.33,14.33,14.33,14.33,14.33,14.33,0,14.33,14.33,14.33,14.33,14.33,0,0,200.61
RB,Kenneth Walker III,13.82,13.82,13.82,13.82,0,13.82,13.82,13.82,13.82,13.82,13.82,13.82,13.82,13.82,13.82,0,0,193.49
RB,Josh Jacobs,13.57,13.57,13.57,13.57,13.57,13.57,13.57,13.57,13.57,13.57,0,13.57,13.57,13.57,13.57,0,0,189.91
RB,Omarion Hampton,13.49,13.49,13.49,13.49,13.49,13.49,0,13.49,13.49,13.49,13.49,13.49,13.49,13.49,0,0,0,175.34
RB,Jeremiyah Love,13.41,13.41,13.41,13.41,13.41,13.41,13.41,13.41,13.41,13.41,13.41,13.41,13.41,0,0,0,0,174.31
RB,Kyren Williams,13.15,13.15,13.15,13.15,13.15,13.15,13.15,13.15,13.15,13.15,0,13.15,13.15,13.15,0,0,0,170.91
RB,Breece Hall,13.09,13.09,13.09,13.09,13.09,13.09,13.09,13.09,13.09,13.09,13.09,13.09,0,13.09,0,0,0,170.21
RB,Javonte Williams,12.83,12.83,12.83,12.83,12.83,12.83,12.83,12.83,12.83,12.83,12.83,12.83,12.83,0,0,0,0,166.78
RB,Cam Skattebo,12.79,12.79,12.79,12.79,12.79,12.79,12.79,0,12.79,12.79,12.79,12.79,12.79,0,0,0,0,153.47
RB,Travis Etienne Jr.,12.36,12.36,12.36,12.36,12.36,12.36,12.36,0,12.36,12.36,12.36,12.36,12.36,0,0,0,0,148.33
RB,D'Andre Swift,12.07,12.07,12.07,12.07,12.07,12.07,12.07,12.07,12.07,0,12.07,12.07,12.07,0,0,0,0,144.88
RB,Bucky Irving,11.96,11.96,11.96,11.96,11.96,11.96,11.96,11.96,11.96,0,11.96,11.96,11.96,0,0,0,0,143.57
RB,Quinshon Judkins,11.67,11.67,11.67,11.67,11.67,11.67,11.67,11.67,11.67,11.67,0,0,0,0,0,0,0,116.74
RB,Bhayshul Tuten,11.3,11.3,11.3,11.3,11.3,11.3,0,11.3,11.3,11.3,11.3,0,0,0,0,0,0,113.04
RB,David Montgomery,10.61,10.61,10.61,10.61,10.61,10.61,10.61,0,10.61,10.61,10.61,0,0,0,0,0,0,106.14
RB,Jadarian Price,10.41,10.41,10.41,10.41,10.41,10.41,10.41,10.41,10.41,10.41,0,0,0,0,0,0,0,104.08
RB,Jaylen Warren,10.37,10.37,10.37,10.37,10.37,10.37,10.37,10.37,0,10.37,10.37,0,0,0,0,0,0,103.68
RB,TreVeyon Henderson,10.31,10.31,10.31,10.31,10.31,10.31,10.31,10.31,10.31,10.31,0,0,0,0,0,0,0,103.06
RB,Tony Pollard,10.11,10.11,10.11,10.11,10.11,10.11,10.11,10.11,0,0,0,0,0,0,0,0,0,80.91
RB,Rhamondre Stevenson,9.93,9.93,9.93,9.93,9.93,9.93,9.93,9.93,0,0,0,0,0,0,0,0,0,79.41
RB,J.K. Dobbins,9.8,9.8,9.8,9.8,9.8,9.8,9.8,9.8,0,0,0,0,0,0,0,0,0,78.38
RB,Rico Dowdle,9.64,9.64,9.64,9.64,9.64,9.64,9.64,9.64,0,0,0,0,0,0,0,0,0,77.13
RB,Chuba Hubbard,9.34,9.34,9.34,9.34,0,9.34,9.34,0,0,0,0,0,0,0,0,0,0,56.05
RB,Rachaad White,8.57,8.57,8.57,8.57,8.57,8.57,0,0,0,0,0,0,0,0,0,0,0,51.42
RB,Kyle Monangai,8.52,8.52,8.52,8.52,8.52,8.52,0,0,0,0,0,0,0,0,0,0,0,51.13
RB,RJ Harvey,8.51,8.51,8.51,8.51,8.51,8.51,0,0,0,0,0,0,0,0,0,0,0,51.05
RB,Jonathon Brooks,8.45,8.45,8.45,8.45,0,0,0,0,0,0,0,0,0,0,0,0,0,33.8
RB,Kenny Gainwell,8.44,8.44,8.44,0,0,0,0,0,0,0,0,0,0,0,0,0,0,25.32
RB,Aaron Jones Sr.,8.3,8.3,0,0,0,0,0,0,0,0,0,0,0,0,0,0,0,16.59
RB,Jacory Croskey-Merritt,8.22,8.22,0,0,0,0,0,0,0,0,0,0,0,0,0,0,0,16.43
RB,Jordan Mason,8.1,0,0,0,0,0,0,0,0,0,0,0,0,0,0,0,0,8.1
WR,Puka Nacua,16.55,16.55,16.55,16.55,16.55,16.55,16.55,16.55,16.55,16.55,0,16.55,16.55,16.55,16.55,16.55,16.55,264.75
WR,Ja'Marr Chase,16.18,16.18,16.18,16.18,16.18,0,16.18,16.18,16.18,16.18,16.18,16.18,16.18,16.18,16.18,16.18,16.18,258.88
WR,Jaxon Smith-Njigba,15.83,15.83,15.83,15.83,15.83,15.83,15.83,15.83,15.83,15.83,0,15.83,15.83,15.83,15.83,15.83,15.83,253.2
WR,Amon-Ra St. Brown,15.36,15.36,15.36,15.36,15.36,0,15.36,15.36,15.36,15.36,15.36,15.36,15.36,15.36,15.36,15.36,15.36,245.81
WR,Drake London,13.89,13.89,13.89,13.89,13.89,13.89,13.89,13.89,13.89,13.89,0,13.89,13.89,13.89,13.89,13.89,0,208.42
WR,Rashee Rice,13.21,13.21,13.21,13.21,0,13.21,13.21,13.21,13.21,13.21,13.21,13.21,13.21,13.21,13.21,13.21,0,198.19
WR,CeeDee Lamb,13.18,13.18,13.18,13.18,13.18,13.18,13.18,13.18,13.18,13.18,13.18,13.18,13.18,0,13.18,0,0,184.46
WR,Justin Jefferson,13.12,13.12,13.12,13.12,13.12,0,13.12,13.12,13.12,13.12,13.12,13.12,13.12,13.12,13.12,0,0,183.72
WR,Chris Olave,12.49,12.49,12.49,12.49,12.49,12.49,12.49,0,12.49,12.49,12.49,12.49,12.49,12.49,0,0,0,162.38
WR,A.J. Brown,12.45,12.45,12.45,12.45,12.45,12.45,12.45,12.45,12.45,12.45,0,12.45,12.45,12.45,0,0,0,161.83
WR,George Pickens,12.41,12.41,12.41,12.41,12.41,12.41,12.41,12.41,12.41,12.41,12.41,12.41,12.41,0,0,0,0,161.28
WR,Nico Collins,12.22,12.22,12.22,12.22,12.22,12.22,12.22,0,12.22,12.22,12.22,12.22,12.22,12.22,0,0,0,158.83
WR,Zay Flowers,11.84,11.84,11.84,11.84,11.84,11.84,11.84,11.84,11.84,11.84,11.84,11.84,0,0,0,0,0,142.02
WR,Malik Nabers,11.75,11.75,11.75,11.75,11.75,11.75,11.75,0,11.75,11.75,11.75,11.75,11.75,0,0,0,0,141.05
WR,Garrett Wilson,11.44,11.44,11.44,11.44,11.44,11.44,11.44,11.44,11.44,11.44,11.44,0,0,0,0,0,0,125.89
WR,Tetairoa McMillan,11.35,11.35,11.35,11.35,0,11.35,11.35,11.35,11.35,11.35,11.35,0,0,0,0,0,0,113.53
WR,DeVonta Smith,11.34,11.34,11.34,11.34,11.34,11.34,11.34,11.34,11.34,0,11.34,0,0,0,0,0,0,113.41
WR,Emeka Egbuka,11.27,11.27,11.27,11.27,11.27,11.27,11.27,11.27,11.27,0,11.27,0,0,0,0,0,0,112.69
WR,Davante Adams,11.05,11.05,11.05,11.05,11.05,11.05,11.05,11.05,11.05,11.05,0,0,0,0,0,0,0,110.48
WR,Tee Higgins,10.95,10.95,10.95,10.95,10.95,0,10.95,10.95,10.95,10.95,10.95,0,0,0,0,0,0,109.49
WR,Jameson Williams,10.89,10.89,10.89,10.89,10.89,0,10.89,10.89,10.89,10.89,10.89,0,0,0,0,0,0,108.92
WR,Ladd McConkey,10.64,10.64,10.64,10.64,10.64,10.64,0,10.64,10.64,10.64,10.64,0,0,0,0,0,0,106.36
WR,Terry McLaurin,10.33,10.33,10.33,10.33,10.33,10.33,0,10.33,10.33,10.33,10.33,0,0,0,0,0,0,103.28
WR,DJ Moore,10.24,10.24,10.24,10.24,10.24,10.24,0,10.24,10.24,0,10.24,0,0,0,0,0,0,92.12
WR,Rome Odunze,10.23,10.23,10.23,10.23,10.23,10.23,10.23,10.23,0,0,0,0,0,0,0,0,0,81.82
WR,Jaylen Waddle,10.17,10.17,10.17,10.17,10.17,10.17,10.17,10.17,0,0,0,0,0,0,0,0,0,81.39
WR,Luther Burden III,10.1,10.1,10.1,10.1,10.1,10.1,10.1,10.1,0,0,0,0,0,0,0,0,0,80.79
WR,Alec Pierce,9.89,9.89,9.89,9.89,9.89,9.89,9.89,9.89,0,0,0,0,0,0,0,0,0,79.11
WR,Christian Watson,9.76,9.76,9.76,9.76,9.76,9.76,9.76,9.76,0,0,0,0,0,0,0,0,0,78.04
WR,Courtland Sutton,9.7,9.7,9.7,9.7,9.7,9.7,9.7,9.7,0,0,0,0,0,0,0,0,0,77.63
WR,Marvin Harrison Jr.,9.62,9.62,9.62,9.62,9.62,9.62,9.62,9.62,0,0,0,0,0,0,0,0,0,76.96
WR,Mike Evans,10.02,10.02,10.02,10.02,10.02,10.02,10.02,0,0,0,0,0,0,0,0,0,0,70.16
WR,DK Metcalf,9.6,9.6,9.6,9.6,9.6,9.6,9.6,0,0,0,0,0,0,0,0,0,0,67.18
WR,Michael Pittman Jr.,8.84,8.84,8.84,8.84,8.84,8.84,8.84,0,0,0,0,0,0,0,0,0,0,61.87
WR,Parker Washington,8.99,8.99,8.99,8.99,8.99,8.99,0,0,0,0,0,0,0,0,0,0,0,53.97
WR,Brian Thomas Jr.,8.96,8.96,8.96,8.96,8.96,8.96,0,0,0,0,0,0,0,0,0,0,0,53.78
WR,Carnell Tate,8.58,8.58,8.58,8.58,8.58,8.58,0,0,0,0,0,0,0,0,0,0,0,51.48
WR,Jakobi Meyers,8.52,8.52,8.52,8.52,8.52,8.52,0,0,0,0,0,0,0,0,0,0,0,51.1
WR,Jayden Reed,8.51,8.51,8.51,8.51,8.51,0,0,0,0,0,0,0,0,0,0,0,0,42.53
WR,Quentin Johnston,8.42,8.42,8.42,0,0,0,0,0,0,0,0,0,0,0,0,0,0,25.26
WR,Michael Wilson,8.42,8.42,8.42,0,0,0,0,0,0,0,0,0,0,0,0,0,0,25.25
WR,Chris Godwin Jr.,8.35,8.35,8.35,0,0,0,0,0,0,0,0,0,0,0,0,0,0,25.04
WR,Jordan Addison,8.33,8.33,8.33,0,0,0,0,0,0,0,0,0,0,0,0,0,0,24.98
WR,Wan'Dale Robinson,8.31,8.31,0,0,0,0,0,0,0,0,0,0,0,0,0,0,0,16.62
WR,Xavier Worthy,8.24,8.24,0,0,0,0,0,0,0,0,0,0,0,0,0,0,0,16.47
WR,Deebo Samuel Sr.,8.22,8.22,0,0,0,0,0,0,0,0,0,0,0,0,0,0,0,16.44
WR,Matthew Golden,8.05,0,0,0,0,0,0,0,0,0,0,0,0,0,0,0,0,8.05
WR,Stefon Diggs,7.83,0,0,0,0,0,0,0,0,0,0,0,0,0,0,0,0,7.83
WR,Josh Downs,7.82,0,0,0,0,0,0,0,0,0,0,0,0,0,0,0,0,7.82
WR,Rashid Shaheed,7.79,0,0,0,0,0,0,0,0,0,0,0,0,0,0,0,0,7.79
TE,Trey McBride,11.76,11.76,11.76,11.76,11.76,11.76,11.76,11.76,11.76,11.76,11.76,11.76,11.76,0,11.76,11.76,11.76,188.2
TE,Brock Bowers,11.51,11.51,11.51,11.51,11.51,11.51,11.51,11.51,11.51,11.51,11.51,11.51,0,11.51,11.51,11.51,11.51,184.08
TE,Colston Loveland,10.12,10.12,10.12,10.12,10.12,10.12,10.12,10.12,10.12,0,10.12,10.12,10.12,10.12,10.12,10.12,0,151.85
TE,Tyler Warren,9.39,9.39,9.39,9.39,9.39,9.39,9.39,9.39,9.39,9.39,9.39,9.39,0,9.39,9.39,0,0,131.53
TE,Kyle Pitts Sr.,9.17,9.17,9.17,9.17,9.17,9.17,9.17,9.17,9.17,9.17,0,9.17,9.17,9.17,0,0,0,119.17
TE,Harold Fannin Jr.,8.93,8.93,8.93,8.93,8.93,8.93,8.93,8.93,8.93,8.93,0,8.93,8.93,8.93,0,0,0,116.07
TE,Sam LaPorta,8.78,8.78,8.78,8.78,8.78,0,8.78,8.78,8.78,8.78,8.78,8.78,8.78,0,0,0,0,105.31
TE,Tucker Kraft,8.7,8.7,8.7,8.7,8.7,8.7,8.7,8.7,8.7,8.7,0,0,8.7,0,0,0,0,95.72
TE,Dallas Goedert,8.64,8.64,8.64,8.64,8.64,8.64,8.64,8.64,8.64,0,8.64,0,0,0,0,0,0,86.38
TE,Travis Kelce,8.48,8.48,8.48,8.48,0,8.48,8.48,8.48,8.48,8.48,8.48,0,0,0,0,0,0,84.84
TE,George Kittle,8.37,8.37,8.37,8.37,8.37,8.37,8.37,0,0,8.37,8.37,0,0,0,0,0,0,75.33
TE,Mark Andrews,8.08,8.08,8.08,8.08,8.08,8.08,8.08,8.08,0,0,0,0,0,0,0,0,0,64.61
TE,Isaiah Likely,7.84,7.84,7.84,7.84,7.84,7.84,0,0,0,0,0,0,0,0,0,0,0,47.05
TE,Dalton Kincaid,7.75,7.75,7.75,7.75,7.75,7.75,0,0,0,0,0,0,0,0,0,0,0,46.53
TE,Jake Ferguson,7.66,7.66,7.66,7.66,7.66,0,0,0,0,0,0,0,0,0,0,0,0,38.29
TE,Hunter Henry,7.22,7.22,7.22,0,0,0,0,0,0,0,0,0,0,0,0,0,0,21.66
TE,Juwan Johnson,7.21,7.21,0,0,0,0,0,0,0,0,0,0,0,0,0,0,0,14.42
TE,Brenton Strange,7.15,0,0,0,0,0,0,0,0,0,0,0,0,0,0,0,0,7.15
K,Brandon Aubrey,9,9,9,9,9,9,9,9,9,9,9,9,9,0,9,9,9,144
K,Jason Myers,8.85,8.85,8.85,8.85,8.85,8.85,8.85,8.85,8.85,8.85,0,8.85,8.85,8.85,8.85,8.85,8.85,141.55
K,Ka'imi Fairbairn,8.48,8.48,8.48,8.48,8.48,8.48,8.48,0,8.48,8.48,8.48,8.48,8.48,8.48,8.48,8.48,0,127.15
K,Cameron Dicker,8.45,8.45,8.45,8.45,8.45,8.45,0,8.45,8.45,8.45,8.45,8.45,8.45,8.45,8.45,0,0,118.34
K,Harrison Mevis,8.05,8.05,8.05,8.05,8.05,8.05,8.05,8.05,8.05,8.05,0,8.05,8.05,8.05,0,0,0,104.69
K,Jake Bates,7.99,7.99,7.99,7.99,7.99,0,7.99,7.99,7.99,7.99,7.99,7.99,7.99,7.99,0,0,0,103.92
K,Blake Grupe,7.85,7.85,7.85,7.85,7.85,7.85,7.85,7.85,7.85,7.85,7.85,7.85,0,0,0,0,0,94.16
K,Cairo Santos,7.84,7.84,7.84,7.84,7.84,7.84,7.84,7.84,7.84,0,7.84,0,0,0,0,0,0,78.41
K,Chase McLaughlin,7.82,7.82,7.82,7.82,7.82,7.82,7.82,7.82,7.82,0,7.82,0,0,0,0,0,0,78.18
K,Eddy Pineiro,7.8,7.8,7.8,7.8,7.8,7.8,7.8,0,7.8,7.8,7.8,0,0,0,0,0,0,78
K,Tyler Loop,7.77,7.77,7.77,7.77,7.77,7.77,7.77,7.77,0,7.77,0,0,0,0,0,0,0,69.94
K,Harrison Butker,7.76,7.76,7.76,7.76,0,7.76,7.76,7.76,0,0,0,0,0,0,0,0,0,54.31
K,Cam Little,7.74,7.74,7.74,7.74,7.74,7.74,0,7.74,0,0,0,0,0,0,0,0,0,54.15
K,Will Reichard,7.69,7.69,7.69,7.69,7.69,0,7.69,0,0,0,0,0,0,0,0,0,0,46.13
K,Evan McPherson,7.57,7.57,7.57,7.57,7.57,0,0,0,0,0,0,0,0,0,0,0,0,37.85
K,Nick Folk,7.56,7.56,7.56,0,0,7.56,0,0,0,0,0,0,0,0,0,0,0,30.26
K,Wil Lutz,7.56,7.56,0,0,0,0,0,0,0,0,0,0,0,0,0,0,0,15.12
K,Trey Smack,7.46,0,0,0,0,0,0,0,0,0,0,0,0,0,0,0,0,7.46
DST,Houston Texans,7.08,7.08,7.08,7.08,7.08,7.08,7.08,0,7.08,7.08,7.08,7.08,7.08,7.08,7.08,7.08,7.08,113.22
DST,Denver Broncos,6.96,6.96,6.96,6.96,6.96,6.96,6.96,6.96,6.96,0,6.96,6.96,6.96,6.96,6.96,6.96,6.96,111.34
DST,Minnesota Vikings,6.64,6.64,6.64,6.64,6.64,0,6.64,6.64,6.64,6.64,6.64,6.64,6.64,6.64,6.64,6.64,0,99.53
DST,Pittsburgh Steelers,6.58,6.58,6.58,6.58,6.58,6.58,6.58,6.58,0,6.58,6.58,6.58,6.58,6.58,6.58,0,0,92.15
DST,Seattle Seahawks,6.52,6.52,6.52,6.52,6.52,6.52,6.52,6.52,6.52,6.52,0,6.52,6.52,6.52,0,0,0,84.81
DST,Los Angeles Chargers,6.39,6.39,6.39,6.39,6.39,6.39,0,6.39,6.39,6.39,6.39,6.39,6.39,0,0,0,0,76.66
DST,Los Angeles Rams,6.35,6.35,6.35,6.35,6.35,6.35,6.35,6.35,6.35,6.35,0,6.35,0,0,0,0,0,69.88
DST,Detroit Lions,6.28,6.28,6.28,6.28,6.28,0,6.28,6.28,6.28,6.28,6.28,0,0,0,0,0,0,62.82
DST,Buffalo Bills,6.27,6.27,6.27,6.27,6.27,6.27,0,6.27,6.27,6.27,6.27,0,0,0,0,0,0,62.71
DST,Philadelphia Eagles,6.04,6.04,6.04,6.04,6.04,6.04,6.04,6.04,6.04,0,6.04,0,0,0,0,0,0,60.35
DST,Baltimore Ravens,6,6,6,6,6,6,6,6,6,6,0,0,0,0,0,0,0,60
DST,Atlanta Falcons,5.98,5.98,5.98,5.98,5.98,5.98,5.98,5.98,0,0,0,0,0,0,0,0,0,47.81
DST,Cleveland Browns,5.95,5.95,5.95,5.95,5.95,5.95,5.95,0,0,0,0,0,0,0,0,0,0,41.63
DST,Chicago Bears,5.94,5.94,5.94,5.94,5.94,5.94,5.94,0,0,0,0,0,0,0,0,0,0,41.59
DST,New Orleans Saints,5.94,5.94,5.94,5.94,0,5.94,0,0,0,0,0,0,0,0,0,0,0,29.68
DST,Jacksonville Jaguars,5.88,5.88,5.88,0,0,0,0,0,0,0,0,0,0,0,0,0,0,17.63
DST,Cincinnati Bengals,5.87,5.87,0,0,0,0,0,0,0,0,0,0,0,0,0,0,0,11.74
DST,New England Patriots,5.86,0,0,0,0,0,0,0,0,0,0,0,0,0,0,0,0,5.86
