"fantraxId","name","nba_team","position"
"000zv","Al Horford","GS","PF,C"
"0011e","LeBron James","PHI","SF,PF"
"0015b","Kyle Lowry","(N/A)","PG"
"0015e","Mike Conley","BOS","PG"
"0017e","Chris Paul","(N/A)","PG"
"001aw","Kevin Durant","HOU","SG,SF,PF"
"001ax","Jeff Green","(N/A)","PF"
"005kc","Russell Westbrook","(N/A)","PG,SG"
"005kd","Kevin Love","(N/A)","PF,C"
"005kf","Eric Gordon","(N/A)","SG,SF"
"005ki","Brook Lopez","LAC","C"
"005l0","Nicolas Batum","(N/A)","PF"
"005l3","DeAndre Jordan","NO","C"
"005lo","Serge Ibaka","(N/A)","PF,C"
"01en7","James Johnson","(N/A)","PF"
"01en8","Taj Gibson","(N/A)","C"
"01enh","Stephen Curry","GS","PG"
"01enu","Brandon Jennings","(N/A)","PG"
"01eo6","James Harden","CLE","PG,SG"
"01eo9","Jrue Holiday","POR","PG,SG"
"01eog","Patty Mills","(N/A)","PG"
"01eoh","Tyreke Evans","(N/A)","PG,SG"
"01eon","DeMar DeRozan","DEN","SF,PF"
"01ng2","Garrett Temple","(N/A)","SG"
"01sc8","John Wall","(N/A)","PG"
"01uyd","Avery Bradley","(N/A)","SG"
"01uyg","Greg Monroe","(N/A)","C"
"01uyj","Paul George","BOS","SF,PF"
"01uyk","Al-Farouq Aminu","(N/A)","SF,PF"
"01uyt","Derrick Favors","(N/A)","PF,C"
"01uyx","Eric Bledsoe","(N/A)","PG"
"01uz3","DeMarcus Cousins","(N/A)","C"
"01uz7","Gordon Hayward","(N/A)","SF"
"01uza","Lance Stephenson","(N/A)","SF"
"01uzb","Devin Ebanks","(N/A)","SG,SF"
"01uzm","Tiny Gallon","(N/A)","PF"
"027oj","Kyrie Irving","DAL","PG,SG"
"027om","Tristan Thompson","(N/A)","C"
"027oo","Jonas Valanciunas","(N/A)","C"
"027oq","Bismack Biyombo","(N/A)","C"
"027or","Brandon Knight","(N/A)","PG,SG"
"027ou","Klay Thompson","MIA","SG,SF"
"027ov","Alec Burks","(N/A)","SG"
"027ox","Markieff Morris","(N/A)","PF"
"027oy","Marcus Morris","(N/A)","PF"
"027oz","Kawhi Leonard","TOR","SF,PF"
"027p0","Nikola Vucevic","ORL","C"
"027p1","Iman Shumpert","(N/A)","SG,SF"
"027p2","Enes Kanter","(N/A)","C"
"027p4","Tobias Harris","SA","PF"
"027p5","Donatas Motiejunas","(N/A)","PF,C"
"027p7","Kenneth Faried","(N/A)","PF,C"
"027p8","Nikola Mirotic","(N/A)","SF,PF"
"027p9","Reggie Jackson","(N/A)","PG"
"027pe","Jimmy Butler","GS","SF,PF"
"027pf","Cory Joseph","(N/A)","PG"
"027pj","Shelvin Mack","(N/A)","PG"
"027pk","Tyler Honeycutt","(N/A)","SF"
"027pq","Darius Morris","(N/A)","PG,SG"
"027pt","Davis Bertans","(N/A)","PF"
"02j7d","D.J. Kennedy","(N/A)","SG,SF"
"02nf1","Anthony Davis","WAS","PF,C"
"02nf2","Michael Kidd-Gilchrist","(N/A)","SF"
"02nf3","Bradley Beal","LAC","SG"
"02nf4","Dion Waiters","(N/A)","SG,SF"
"02nf6","Damian Lillard","POR","PG"
"02nf7","Harrison Barnes","SA","SF,PF"
"02nf9","Andre Drummond","NY","C"
"02nfa","Austin Rivers","(N/A)","SG"
"02nfb","Meyers Leonard","(N/A)","C"
"02nfc","Jeremy Lamb","(N/A)","SG"
"02nfe","John Henson","(N/A)","PF,C"
"02nff","Maurice Harkless","(N/A)","SF"
"02nfi","Terrence Jones","HOU","SF,PF"
"02nfk","Evan Fournier","(N/A)","SG"
"02nfl","Jared Sullinger","(N/A)","PF,C"
"02nfm","Fab Melo","(N/A)","C"
"02nfn","John Jenkins","(N/A)","SG,SF"
"02nfo","Jared Cunningham","(N/A)","PG,SG"
"02nfp","Tony Wroten","(N/A)","PG,SG"
"02nfs","Perry Jones","(N/A)","SF,PF"
"02nft","Marquis Teague","(N/A)","PG"
"02nfu","Festus Ezeli","(N/A)","C"
"02nfw","Tomas Satoransky","(N/A)","SG"
"02nfy","Jae Crowder","(N/A)","PF"
"02nfz","Draymond Green","GS","PF,C"
"02ng1","Quincy Acy","(N/A)","SF,PF"
"02ng3","Khris Middleton","WAS","SF,PF"
"02ng4","Will Barton","(N/A)","SG"
"02ng9","Justin Hamilton","(N/A)","PF,C"
"02nga","Darius Miller","(N/A)","SG,SF"
"02ngc","Kostas Papanikolaou","(N/A)","SF,PF"
"02ngd","Kyle O'Quinn","(N/A)","PF,C"
"02ngh","Furkan Aldemir","(N/A)","PF"
"02ngi","Tornike Shengelia","(N/A)","SF,PF"
"02ngj","Darius Johnson-Odom","(N/A)","SG"
"02q81","P.J. Tucker","(N/A)","SF"
"02qe4","Kent Bazemore","(N/A)","SG,SF"
"02v2t","Jabari Parker","(N/A)","SF,PF"
"02wcx","Scott Machado","LAL","PG,SG"
"02wy0","Kyle Fogg","(N/A)","PG,SG"
"02x6i","Willie Reed","(N/A)","PF,C"
"02xdr","Andrew Harrison","(N/A)","PG,SG"
"02xg9","Rudy Gobert","MIN","C"
"02ym0","Andrew Wiggins","MIA","SG,SF"
"031lo","Anthony Bennett","(N/A)","SF,PF"
"031lp","Victor Oladipo","(N/A)","SG"
"031lq","Otto Porter","(N/A)","SF"
"031lr","Cody Zeller","(N/A)","C"
"031ls","Alex Len","(N/A)","C"
"031lt","Nerlens Noel","(N/A)","C"
"031lu","Ben McLemore","(N/A)","SG"
"031lv","Kentavious Caldwell-Pope","PHI","SG,SF"
"031lw","Trey Burke","(N/A)","PG"
"031lx","CJ McCollum","ATL","PG,SG"
"031ly","Michael Carter-Williams","(N/A)","PG"
"031lz","Steven Adams","HOU","C"
"031m0","Kelly Olynyk","(N/A)","C"
"031m1","Shabazz Muhammad","(N/A)","SG,SF"
"031m2","Giannis Antetokounmpo","MIA","PF,C"
"031m3","Lucas Nogueira","(N/A)","PF,C"
"031m4","Dennis Schroder","CHA","PG,SG"
"031m5","Shane Larkin","(N/A)","PG"
"031m7","Tony Snell","(N/A)","SG"
"031m8","Gorgui Dieng","(N/A)","C"
"031m9","Mason Plumlee","(N/A)","C"
"031ma","Solomon Hill","(N/A)","SG,SF"
"031mb","Tim Hardaway","MIA","SG,SF"
"031mc","Reggie Bullock","(N/A)","SF"
"031md","Andre Roberson","(N/A)","SG,SF"
"031me","Livio Jean-Charles","(N/A)","SF,PF"
"031mf","Archie Goodwin","(N/A)","PG,SG"
"031mh","Allen Crabbe","(N/A)","SG,SF"
"031mi","lex Abrines","(N/A)","SG,SF"
"031mj","Carrick Felix","(N/A)","SG,SF"
"031mk","Isaiah Canaan","MIL","PG"
"031mr","Jamaal Franklin","DEN","SG,SF"
"031ms","Pierre Jackson","(N/A)","PG"
"031mw","Erick Green","(N/A)","PG,SG"
"031mx","Raul Neto","(N/A)","PG"
"031n0","James Ennis","(N/A)","SF"
"031n1","Romero Osby","(N/A)","SF,PF"
"031n2","Lorenzo Brown","(N/A)","PG"
"031n5","Joffrey Lauvergne","(N/A)","PF,C"
"033h9","Ian Clark","(N/A)","PG,SG"
"0389e","James Southerland","(N/A)","SF"
"038i9","Brandon Davies","(N/A)","PF"
"038ia","Seth Curry","(N/A)","SG"
"038kh","Eric Griffin","(N/A)","SF"
"038og","Matthew Dellavedova","(N/A)","PG"
"038oh","Richard Howell","(N/A)","PF"
"038xh","Larry Drew II","NO","PG"
"038xi","Robert Covington","(N/A)","SF"
"038xl","Dewayne Dedmon","(N/A)","C"
"03927","JaMychal Green","(N/A)","PF"
"0392f","Rodney McGruder","(N/A)","SG"
"0392h","Olek Czyz","(N/A)","SF"
"0393h","Vander Blue","(N/A)","PG"
"0393m","Adonis Thomas","(N/A)","SF,PF"
"0393n","James Nunnally","(N/A)","SF"
"0393p","Troy Daniels","(N/A)","PG,SG"
"0393q","Abdul Gaddy","(N/A)","PG,SG"
"0393u","Myck Kabongo","(N/A)","PG"
"03acw","Cliff Alexander","(N/A)","PF"
"03acx","Dante Exum","(N/A)","PG"
"03acy","Dario Saric","(N/A)","C"
"03acz","Emmanuel Mudiay","(N/A)","PG"
"03ad0","Tyus Jones","DEN","PG"
"03ad1","Jahlil Okafor","(N/A)","C"
"03ad2","Myles Turner","MIL","C"
"03ad3","Karl-Anthony Towns","NY","PF,C"
"03ad4","D'Angelo Russell","MEM","PG"
"03ad5","Trey Lyles","MIN","PF"
"03ad6","Chris McCullough","(N/A)","PF"
"03ad7","Kevon Looney","LAL","C"
"03ajv","Julius Randle","BKN","PF"
"03al0","Aaron Gordon","DEN","PF,C"
"03al1","Marcus Smart","HOU","PG,SG"
"03al2","Joel Embiid","PHI","C"
"03ams","Zach LaVine","SAC","SG,SF"
"03apw","Noah Vonleh","(N/A)","PF,C"
"03apx","Gary Harris","DET","SG"
"03apy","Rodney Hood","(N/A)","SG"
"03apz","Willie Cauley-Stein","(N/A)","C"
"03aq0","James Young","(N/A)","SG"
"03aq2","Jerami Grant","MEM","SF,PF"
"03aq3","Kyle Anderson","TOR","SF,PF"
"03aqc","Glenn Robinson","(N/A)","SG,SF"
"03avi","Doug McDermott","(N/A)","SF"
"03bxn","T.J. Warren","(N/A)","SF"
"03byg","Montrezl Harrell","(N/A)","C"
"03byh","Tyler Ennis","(N/A)","PG"
"03byi","Sam Dekker","(N/A)","SF,PF"
"03byj","Wayne Selden Jr.","(N/A)","SG"
"03byk","Jordan Clarkson","NY","SG,SF"
"03c6y","Scotty Hopson","(N/A)","SG"
"03e6l","Nik Stauskas","(N/A)","SG"
"03e6m","Elfrid Payton","(N/A)","PG"
"03e6n","Jusuf Nurkic","UTA","C"
"03e6o","Bruno Caboclo","(N/A)","SF,PF"
"03e6p","Mitch McGary","(N/A)","PF,C"
"03e6q","Jordan Adams","(N/A)","SG"
"03e6s","Clint Capela","HOU","C"
"03e6u","Bogdan Bogdanovic","HOU","SG,SF"
"03e6w","Josh Huestis","(N/A)","SF"
"03e6x","Damien Inglis","(N/A)","SF"
"03e6y","K.J. McDaniels","(N/A)","SF"
"03e6z","Joe Harris","(N/A)","SG,SF"
"03e70","Cleanthony Early","(N/A)","SF"
"03e71","Jarnell Stokes","(N/A)","PF"
"03e72","Johnny O'Bryant III","(N/A)","PF"
"03e74","Spencer Dinwiddie","(N/A)","PG"
"03e75","Nikola Jokic","DEN","C"
"03e76","Nick Johnson","(N/A)","SG"
"03e77","Edy Tavares","(N/A)","C"
"03e78","Markel Brown","(N/A)","SG"
"03e79","Dwight Powell","(N/A)","C"
"03e7c","Cameron Bairstow","(N/A)","PF,C"
"03e7d","Alec Brown","(N/A)","C"
"03e7e","Thanasis Antetokounmpo","(N/A)","SF"
"03e7f","Vasilije Micic","(N/A)","PG,SF"
"03e7j","Devyn Marble","(N/A)","SG,SF"
"03e7m","Jordan McRae","(N/A)","PG,SG"
"03el5","Kristaps Porzingis","GS","PF,C"
"03g45","Patric Young","(N/A)","PF"
"03gyn","Eric Moreland","(N/A)","PF"
"03h91","Will Cherry","(N/A)","PG"
"03hz0","Melvin Ejim","(N/A)","SF,PF"
"03hz1","Tyler Johnson","(N/A)","PG"
"03hz2","Michalis Kamperidis","(N/A)","SF"
"03i9w","Bryce Cotton","(N/A)","PG"
"03iy1","Sim Bhullar","(N/A)","C"
"03j8m","Jack Cooley","(N/A)","PF,C"
"03jr4","Tarik Black","(N/A)","PF,C"
"03jvr","Aaron Craft","(N/A)","PG"
"03jvs","James Michael McAdoo","(N/A)","PF"
"03jxp","C.J. Fair","(N/A)","PF"
"03k50","Langston Galloway","(N/A)","SG"
"03kdj","Khem Birch","(N/A)","C"
"03kqi","Joe Ingles","(N/A)","SF"
"03kqm","Andre Dawkins","BOS","SG"
"03kqq","Keith Appling","(N/A)","PG"
"03kqr","Jabari Brown","(N/A)","SG"
"03kt8","Deonte Burton","(N/A)","PG"
"03ktw","Chris Crawford","(N/A)","SG"
"03ku0","Kadeem Batts","(N/A)","PF"
"03ku1","Drew Crawford","(N/A)","SG"
"03ku2","Tim Frazier","(N/A)","PG"
"03ku5","JaKarr Sampson","(N/A)","SF"
"03ku7","Jarell Eddie","(N/A)","SG"
"03ku8","David Stockton","(N/A)","PG"
"03kub","Richard Solomon","OKC","PF"
"03kuc","Jerrelle Benimon","(N/A)","PF"
"03l5d","Yuki Togashi","(N/A)","PG"
"03lg0","Sean Kilpatrick","(N/A)","PG,SG"
"03lg1","Ben Simmons","SAC","PG,SG"
"03lgj","Ray Smith","(N/A)","SF"
"03lgk","Allonzo Trier","(N/A)","SG"
"03lgl","Justin Simon","(N/A)","SG"
"03lgm","Thon Maker","(N/A)","PF,C"
"03lls","Jaylen Brown","PHI","SG,SF"
"03llt","Diamond Stone","(N/A)","C"
"03llu","Cheick Diallo","(N/A)","PF,C"
"03llv","Ivan Rabb","(N/A)","PF"
"03llw","Malik Newman","(N/A)","PG,SG"
"03llx","Josh Jackson","(N/A)","SF"
"03nwi","Justise Winslow","(N/A)","SF"
"03nwj","Stanley Johnson","(N/A)","SF"
"03nwk","Kelly Oubre Jr.","IND","SF,PF"
"03nwl","Terry Rozier","MIA","PG"
"03nwm","Devin Booker","PHO","PG,SG,SF"
"03nwn","Bobby Portis","MIA","PF,C"
"03nwo","Frank Kaminsky","(N/A)","C"
"03nwp","R.J. Hunter","(N/A)","SG"
"03nwq","Christian Wood","(N/A)","PF"
"03nwr","Justin Anderson","(N/A)","SG,SF"
"03nws","Malik Pope","(N/A)","SF"
"03r7d","Mario Hezonja","CLE","SG,SF,PF"
"03r7e","Cameron Payne","(N/A)","PG"
"03r7f","Rashad Vaughn","(N/A)","SG,SF"
"03r7g","Jerian Grant","(N/A)","PG,SG"
"03r7h","Delon Wright","(N/A)","PG,SG"
"03r7i","Rondae Hollis-Jefferson","(N/A)","SF"
"03r7j","Jarell Martin","(N/A)","PF,C"
"03r7k","Nikola Milutinov","(N/A)","C"
"03r7l","Larry Nance","IND","PF,C"
"03r7m","Cedi Osman","(N/A)","SF"
"03r7n","Jordan Mickey","(N/A)","PF,C"
"03r7o","Anthony Brown","(N/A)","SF"
"03r7p","Willy Hernangomez","(N/A)","C"
"03r7q","Rakeem Christmas","(N/A)","PF"
"03r7r","Richaun Holmes","(N/A)","PF,C"
"03r7u","Josh Richardson","(N/A)","PG,SG"
"03r7v","Pat Connaughton","CHA","SG,SF"
"03r7w","Olivier Hanlan","(N/A)","PG"
"03r7x","Joe Young","(N/A)","PG,SG"
"03r7z","Norman Powell","CHI","SG,SF"
"03r81","Dakari Johnson","(N/A)","C"
"03r86","Sir'Dominic Pointer","(N/A)","SF"
"03r89","Branden Dawson","(N/A)","SF,PF"
"03r8a","Nikola Radicevic","DEN","PG"
"03r8b","J.P. Tokoto","(N/A)","SF"
"03rxk","Luis Montero","(N/A)","SF"
"03rxn","Cristiano Felicio","(N/A)","C"
"03rzs","Aaron Harrison","(N/A)","PG"
"03sdf","Duje Dukan","(N/A)","SF"
"03se0","Jonathon Simmons","(N/A)","SG,SF"
"03se2","Michale Kyser","(N/A)","PF"
"03se3","Axel Toupane","(N/A)","SG"
"03sgl","Brandon Ashley","(N/A)","PF"
"03siq","JJ O'Brien","(N/A)","SF"
"03sir","Scottie Wilbekin","(N/A)","PG"
"03trr","Jonathan Holmes","(N/A)","PF"
"03trs","Derrick Marks","(N/A)","SG"
"03tru","KT Harrell","(N/A)","SG"
"03ua0","Treveon Graham","(N/A)","SG,SF"
"03ulp","Bryce Dejean-Jones","NO","PG,SG"
"03v03","Michael Frazier","(N/A)","SG"
"03whv","Darion Atkins","(N/A)","PF"
"03wkm","Robert Upshaw","(N/A)","C"
"03wlh","Kyle Casey","(N/A)","PF"
"03wo8","Travis Trice II","(N/A)","SG"
"03woc","Will Cummings","(N/A)","PG"
"03wou","Shannon Scott","(N/A)","SG"
"03wow","Nnanna Egwu","(N/A)","C"
"03wox","Jordan Sibert","(N/A)","SG"
"03woy","Coty Clarke","BOS","SF"
"03woz","Malcolm Miller","(N/A)","SG,SF,PF"
"03wp0","Levi Randolph","(N/A)","SG"
"03wp1","Corey Walden","(N/A)","PG"
"03wqx","Keifer Sykes","(N/A)","PG,SG"
"03wr4","T.J. McConnell","IND","PG"
"03wr5","Jordan Bachynski","(N/A)","C"
"03x59","Sampson Carter","(N/A)","PF"
"03xh1","Quinn Cook","(N/A)","PG"
"03xlt","Briante Weber","(N/A)","PG"
"03xmk","Julian Washburn","(N/A)","SF"
"03xmr","Eric Atkins","(N/A)","PG"
"03xmt","Guerschon Yabusele","(N/A)","PF,C"
"03xmu","Dragan Bender","GS","PF,C"
"03xmv","Jayson Tatum","BOS","SF,PF"
"03xmw","Harry Giles","(N/A)","C"
"03z95","Alan Williams","(N/A)","PF,C"
"03zl0","Jarvis Threatt","(N/A)","PG"
"03zl1","Byron Wesley","(N/A)","SG"
"03zl2","Bobby Ray Parks Jr.","(N/A)","SG"
"03zl3","Askia Booker","(N/A)","SG"
"03zl4","Josh Magette","(N/A)","PG"
"041f7","Mike James","(N/A)","PG"
"042n1","Brandon Ingram","LAC","SG,SF,PF"
"042n2","Kris Dunn","LAC","PG,SG"
"042n3","Buddy Hield","ATL","PG,SG,SF"
"042n4","Jamal Murray","DEN","PG,SG"
"042n5","Marquese Chriss","(N/A)","PF"
"042n6","Jakob Poeltl","TOR","C"
"042n7","Domantas Sabonis","SAC","PF,C"
"042n8","Taurean Prince","DET","SG,SF"
"042n9","Georgios Papagiannis","(N/A)","C"
"042na","Denzel Valentine","(N/A)","SG"
"042nb","Juancho Hernangomez","(N/A)","PF"
"042nc","Wade Baldwin IV","(N/A)","PG"
"042nd","Henry Ellenson","(N/A)","PF"
"042ne","Malik Beasley","(N/A)","SG"
"042nf","Caris LeVert","MIL","SG,SF"
"042ng","DeAndre' Bembry","(N/A)","SF,PF"
"042nh","Malachi Richardson","(N/A)","SG"
"042ni","Ante Zizic","(N/A)","C"
"042nj","Timothe Luwawu-Cabarrot","(N/A)","SF"
"042nk","Brice Johnson","(N/A)","PF"
"042nl","Furkan Korkmaz","(N/A)","SG"
"042nm","Pascal Siakam","IND","SF,PF,C"
"042np","Skal Labissiere","(N/A)","PF,C"
"042nq","Dejounte Murray","NO","PG,SG"
"042nr","Damian Jones","(N/A)","C"
"042ns","Deyonta Davis","(N/A)","PF"
"042nt","Ivica Zubac","IND","C"
"042nu","Tyler Ulis","(N/A)","PG"
"042nv","Rade Zagorac","(N/A)","SF"
"042nw","Malcolm Brogdon","(N/A)","PG"
"042nx","Chinanu Onuaku","(N/A)","PF,C"
"042ny","Patrick McCaw","(N/A)","SG,SF"
"042nz","David Michineau","LAC","PG"
"042o0","Stephen Zimmerman Jr.","(N/A)","PF,C"
"042o1","Isaiah Whitehead","(N/A)","PG,SG"
"042o2","Zhou Qi","(N/A)","PF"
"042o4","Demetrius Jackson","(N/A)","PG"
"042o5","A.J. Hammons","(N/A)","C"
"042o6","Jake Layman","(N/A)","SF"
"042o7","Paul Zipser","(N/A)","SF,PF"
"042o8","Michael Gbinije","(N/A)","SF"
"042o9","Georges Niang","GS","PF"
"042oa","Ben Bentil","DAL","SF,PF"
"042ob","Joel Bolomboy","(N/A)","PF"
"042oc","Petr Cornelie","(N/A)","PF"
"042od","Kay Felder","(N/A)","PG"
"042oe","Marcus Paige","(N/A)","PG"
"042of","Daniel Hamilton","(N/A)","SF"
"042og","Wang Zhelin","(N/A)","C"
"042oh","Abdel Nader","(N/A)","SF,PF"
"042oi","Isaiah Cousins","(N/A)","SG"
"042oj","Tyrone Wallace","(N/A)","PG,SG"
"043cj","Gary Payton II","GS","PG,SG"
"043ck","Ron Baker","(N/A)","PG,SG"
"043cl","Sheldon Mac","(N/A)","SG"
"043cm","Robert Carter Jr.","(N/A)","PF"
"043i5","Marshall Plumlee","(N/A)","C"
"043ib","Dorian Finney-Smith","CHA","SF,PF"
"043pn","Mindaugas Kuzminskas","(N/A)","SF,PF"
"043un","Ryan Arcidiacono","(N/A)","PG"
"043vx","Okaro White","(N/A)","SF,PF"
"043vz","Nicolas Brussino","(N/A)","SG,SF"
"0440z","Ondrej Balvin","(N/A)","C"
"04414","Nikola Kalinic","(N/A)","SF"
"04415","Borisa Simanic","(N/A)","PF"
"04416","Frank Ntilikina","(N/A)","PG"
"044ia","Kyle Collinsworth","(N/A)","SG"
"044te","Mike Tobey","(N/A)","C"
"044tf","Tim Quarterman","(N/A)","PG"
"04576","Jarrod Uthoff","(N/A)","SF,PF"
"045gs","Chasson Randle","(N/A)","PG"
"045qh","Patricio Garino","(N/A)","SG"
"045qi","Troy Williams","(N/A)","SG,SF"
"047j6","Alex Poythress","(N/A)","SF"
"04804","Anthony Barber","(N/A)","PG"
"0480a","Quincy Ford","(N/A)","SF"
"0480b","Andrew Andrews","(N/A)","PG"
"0480c","Rasheed Sulaimon","(N/A)","SG"
"04817","Nick Zeisloft","(N/A)","PG"
"04838","Matt Costello","(N/A)","PF"
"0483a","Yogi Ferrell","(N/A)","PG,SG"
"0483i","Zach Auguste","(N/A)","PF"
"0483j","Stefan Jankovic","(N/A)","PF"
"0483k","Shawn Dawson","(N/A)","SF"
"04846","Shawn Long","(N/A)","PF,C"
"04847","Bryn Forbes","(N/A)","SG"
"04848","Fred VanVleet","HOU","PG"
"04849","Danuel House","(N/A)","SF"
"0484a","Daniel Ochefu","(N/A)","C"
"0484j","James Webb III","(N/A)","SF"
"0484k","Jalen Jones","(N/A)","SG,SF"
"0484l","Damion Lee","(N/A)","SG"
"0484m","Elgin Cook","(N/A)","SF"
"048tg","Jameel Warney","DAL","SF"
"048yg","Isaiah Taylor","(N/A)","PG"
"048yh","Kyle Wiltjer","(N/A)","PF"
"048yi","Perry Ellis","(N/A)","PF"
"048zq","Gracin Bakumanya","(N/A)","C"
"048zr","Derek Cooke Jr.","(N/A)","PF"
"048zs","Shaquille Harrison","(N/A)","SG"
"048zt","Derrick Jones","LAC","SF,PF"
"048zw","J.J. Avila","(N/A)","SF"
"0490w","Marcus Georges-Hunt","(N/A)","SG"
"0493y","Trey Freeman","(N/A)","PG"
"0496e","Alex Caruso","OKC","PG,SG,SF"
"049dw","Nicolas Laprovittola","(N/A)","PG"
"049ka","Lonzo Ball","(N/A)","PG"
"049kb","De'Aaron Fox","SA","PG,SG"
"049kc","Malik Monk","SAC","PG,SG"
"049kd","Deandre Ayton","WAS","C"
"049kf","Mo Bamba","UTA","C"
"049kg","Trevon Duval","(N/A)","PG"
"049kh","Kevin Knox","(N/A)","SF"
"049ki","Marvin Bagley","DEN","PF,C"
"049le","Vashil Fernandez","(N/A)","C"
"049lf","Jaleel Cousins","(N/A)","C"
"049pk","Kellen Dunham","(N/A)","SG"
"049ra","Mamadou N'Diaye","(N/A)","C"
"049s5","Dennis Smith","(N/A)","PG"
"049s6","Markelle Fultz","(N/A)","PG"
"049s7","Jonathan Jeanne","(N/A)","C"
"049s8","Nik Slavica","(N/A)","SF"
"049sa","Hamidou Diallo","(N/A)","SG"
"04a9w","Isaiah Austin","(N/A)","C"
"04aqo","David Nwaba","(N/A)","SF"
"04azw","Lauri Markkanen","UTA","SF,PF"
"04ewb","Jonathan Isaac","ORL","PF"
"04ewc","Zach Collins","CHI","PF,C"
"04ewd","Luke Kennard","PHO","PG,SG"
"04ewe","Donovan Mitchell","CLE","PG,SG"
"04ewf","Bam Adebayo","MIA","PF,C"
"04ewg","Justin Jackson","(N/A)","SF"
"04ewh","Justin Patton","(N/A)","C"
"04ewi","D.J. Wilson","(N/A)","PF"
"04ewj","T.J. Leaf","(N/A)","PF"
"04ewk","John Collins","DET","SF,PF,C"
"04ewl","Terrance Ferguson","(N/A)","SG,SF"
"04ewm","Jarrett Allen","CLE","C"
"04ewn","OG Anunoby","NY","SF,PF"
"04ewo","Tyler Lydon","(N/A)","PF"
"04ewp","Anzejs Pasecniks","(N/A)","C"
"04ewq","Caleb Swanigan","(N/A)","PF,C"
"04ewr","Kyle Kuzma","MIL","SF,PF"
"04ews","Tony Bradley","(N/A)","C"
"04ewt","Derrick White","BOS","PG,SG"
"04ewu","Josh Hart","NY","SG,SF"
"04ewv","Frank Jackson","(N/A)","PG"
"04eww","Davon Reed","(N/A)","SG"
"04ewx","Wes Iwundu","(N/A)","SG,SF"
"04ewy","Frank Mason","(N/A)","PG"
"04ewz","Jonah Bolden","(N/A)","PF"
"04ex0","Semi Ojeleye","(N/A)","SF,PF"
"04ex1","Jordan Bell","(N/A)","C"
"04ex2","Jawun Evans","(N/A)","PG"
"04ex3","Dwayne Bacon","(N/A)","SG"
"04ex4","Tyler Dorsey","(N/A)","PG,SG"
"04ex5","Thomas Bryant","CLE","C"
"04ex6","Isaiah Hartenstein","OKC","C"
"04ex7","Damyean Dotson","(N/A)","SG"
"04ex8","Dillon Brooks","PHO","SG,SF,PF"
"04ex9","Sterling Brown","(N/A)","SG"
"04exa","Ike Anigbogu","(N/A)","C"
"04exb","Sindarius Thornwell","(N/A)","SG"
"04exc","Vlatko Cancar","(N/A)","PF"
"04exd","Mathias Lessort","(N/A)","PF"
"04exe","Monte Morris","(N/A)","PG"
"04exf","Edmond Sumner","(N/A)","SG"
"04exg","Kadeem Allen","NY","SG"
"04exh","Alec Peters","(N/A)","PF"
"04exi","Nigel Williams-Goss","(N/A)","PG"
"04exj","Jabari Bird","(N/A)","SG"
"04exk","Aleksandar Vezenkov","(N/A)","PF"
"04exl","Ognen Jaramaz","NY","PG"
"04exm","Jaron Blossomgame","(N/A)","SF"
"04exn","Alpha Kaba","ATL","PF"
"04fj7","Johnathan Motley","(N/A)","SF,PF"
"04fj8","Chris Boucher","(N/A)","PF"
"04fj9","Cameron Oliver","(N/A)","SF,PF"
"04fkd","Alberto Abalde","(N/A)","SF"
"04fke","James Blackmon Jr.","(N/A)","SG"
"04ggl","Antonio Blakeney","(N/A)","PG"
"04gwa","Kennedy Meeks","(N/A)","C"
"04hon","Yakuba Ouattara","(N/A)","SG"
"04hoo","Daniel Theis","(N/A)","C"
"04hop","Devin Robinson","(N/A)","SG,SF"
"04hot","Gian Clavell","(N/A)","PG"
"04idm","Milton Doyle","(N/A)","PG"
"04ik2","PJ Dozier","(N/A)","SG"
"04is8","Kobi Simmons","(N/A)","PG"
"04is9","Charles Cooke","MIA","SG"
"04iy9","Jacob Wiley","(N/A)","PG"
"04j1u","Ben Moore","(N/A)","SF"
"04jw1","Isaiah Hicks","(N/A)","PF"
"04jw2","Mangok Mathiang","(N/A)","PF,C"
"04jw3","T.J. Williams","(N/A)","SG"
"04jw4","Maxi Kleber","(N/A)","PF,C"
"04jw5","Torrey Craig","(N/A)","SF"
"04jw6","V.J. Beachem","(N/A)","SF"
"04jw7","Jeremy Morgan","(N/A)","SG"
"04jw8","Derrick Walton","(N/A)","PG"
"04jw9","Bronson Koenig","(N/A)","SG"
"04jwb","Luke Kornet","SA","C"
"04jwc","Alfonzo McKinnie","(N/A)","SF"
"04jwd","Royce O'Neale","CHA","SF,PF"
"04k0p","Jamel Artis","(N/A)","SF"
"04k0q","Nigel Hayes-Davis","(N/A)","SF,PF"
"04k0r","Xavier Rathan-Mayes","(N/A)","PG"
"04k4q","London Perrantes","(N/A)","PG"
"04kj6","Luka Doncic","LAL","PG,SG"
"04kjg","Troy Caupain","(N/A)","SG"
"04kpp","Tyler Cavanaugh","(N/A)","PF,C"
"04l17","Naz Mitrou-Long","(N/A)","PG,SG"
"04l1o","Isaiah Briscoe","(N/A)","PG"
"04l1s","Peter Jok","(N/A)","PG"
"04l1t","Andrew White","(N/A)","SF"
"04l1u","L.J. Peak","(N/A)","SG"
"04l1w","Amile Jefferson","(N/A)","PF"
"04l9b","Melo Trimble","(N/A)","PG"
"04laz","Antonius Cleveland","(N/A)","SG"
"04lbu","Jaylen Johnson","(N/A)","SF"
"04lbv","Landry Nnoko","(N/A)","C"
"04lbx","Amida Brimah","(N/A)","C"
"04lcd","Bryce Alford","(N/A)","PG"
"04lci","Erik McCree","(N/A)","SF"
"04lcm","George de Paula","(N/A)","PG"
"04ljk","Reggie Hearn","(N/A)","SG"
"04lk8","Isaac Hamilton","(N/A)","SG"
"04ll1","Tahjere McCall","(N/A)","SG"
"04ll4","Ike Iroegbu","(N/A)","SG"
"04mmf","Myke Henry","(N/A)","SF"
"04mr6","Josh Gray","(N/A)","PG"
"04mus","Walt Lemon Jr.","(N/A)","SF"
"04mx3","Jaylen Morris","(N/A)","SG"
"04qrj","Jaren Jackson","UTA","PF,C"
"04qrk","Trae Young","WAS","PG"
"04qrl","Wendell Carter","ORL","C"
"04qrm","Collin Sexton","LAL","PG,SG"
"04qrn","Mikal Bridges","NY","SG,SF,PF"
"04qro","Shai Gilgeous-Alexander","OKC","PG"
"04qrp","Miles Bridges","PHO","SF,PF"
"04qrq","Jerome Robinson","(N/A)","SG"
"04qrr","Michael Porter","BKN","SF,PF"
"04qrs","Troy Brown","(N/A)","SF"
"04qrt","Zhaire Smith","(N/A)","SG"
"04qru","Donte DiVincenzo","MIN","PG,SG"
"04qrv","Lonnie Walker","DEN","SG"
"04qrw","Kevin Huerter","DET","SG,SF"
"04qrx","Josh Okogie","UTA","SG,SF"
"04qry","Grayson Allen","CHA","PG,SG,SF"
"04qrz","Chandler Hutchison","(N/A)","SF,PF"
"04qs0","Aaron Holiday","(N/A)","PG"
"04qs1","Anfernee Simons","PHI","PG,SG"
"04qs2","Moritz Wagner","BKN","C"
"04qs3","Landry Shamet","NY","SG"
"04qs4","Robert Williams","POR","C"
"04qs5","Jacob Evans","(N/A)","SG"
"04qs6","Dzanan Musa","(N/A)","SF"
"04qs7","Omari Spellman","(N/A)","PF,C"
"04qs8","Elie Okobo","(N/A)","PG"
"04qs9","Jevon Carter","ORL","PG"
"04qsa","Jalen Brunson","NY","PG"
"04qsb","Devonte' Graham","(N/A)","PG"
"04qsc","Melvin Frazier Jr.","(N/A)","SG"
"04qsd","Mitchell Robinson","BOS","C"
"04qse","Gary Trent","MIL","SG,SF"
"04qsf","Khyri Thomas","(N/A)","SG"
"04qsg","Isaac Bonga","(N/A)","SG"
"04qsh","Rodions Kurucs","(N/A)","SF,PF"
"04qsi","Jarred Vanderbilt","LAL","PF"
"04qsj","Bruce Brown","(N/A)","PG,SG"
"04qsk","Justin Jackson","ORL","SF,PF"
"04qsl","Issuf Sanon","(N/A)","PG"
"04qsm","De'Anthony Melton","GS","PG,SG"
"04qsn","Svi Mykhailiuk","UTA","SF"
"04qso","Keita Bates-Diop","(N/A)","SF"
"04qsp","Chimezie Metu","(N/A)","C"
"04qsq","Alize Johnson","(N/A)","SF,PF"
"04qsr","Tony Carr","(N/A)","PG"
"04qss","Vincent Edwards","(N/A)","SF"
"04qst","Devon Hall","(N/A)","SG"
"04qsu","Shake Milton","(N/A)","SG"
"04qsv","Arnoldas Kulboka","(N/A)","SF"
"04qsw","Ray Spalding","(N/A)","PF"
"04qsx","Kevin Hervey","(N/A)","SF,PF"
"04qsy","Thomas Welsh","(N/A)","C"
"04qsz","George King","(N/A)","SG,SF"
"04qt0","Kostas Antetokounmpo","(N/A)","PF"
"04rvx","Deonte Burton","(N/A)","SG,SF"
"04rvy","Jaylen Adams","(N/A)","PG"
"04rvz","Billy Preston","(N/A)","SF,PF"
"04s00","Duncan Robinson","DET","SG,SF"
"04sax","Trevon Bluiett","(N/A)","PG,SG"
"04sxx","Rawle Alkins","(N/A)","SG"
"04t8w","Kenrich Williams","OKC","PF"
"04tk0","Ryan Broekhoff","(N/A)","SG,SF"
"04tm1","Terry Larrier","(N/A)","PF"
"04ug6","Gary Clark","(N/A)","SF"
"04uq2","Rob Gray","(N/A)","PG"
"04uq3","DeVaughn Akoon-Purcell","(N/A)","PG"
"04uq4","Jordan Loyd","(N/A)","PG"
"04uq6","Theo Pinson","(N/A)","SG"
"04uq7","Brandon McCoy","(N/A)","C"
"04uwn","Marcus Lee","(N/A)","C"
"04v3j","Isaac Haas","(N/A)","C"
"04vqv","Donte Grantham","(N/A)","SG"
"04vu0","Joel Berry II","(N/A)","PG"
"04vu1","Jeffrey Carroll","(N/A)","SG"
"04vu2","Wenyen Gabriel","(N/A)","PF"
"04vxx","Doral Moore","(N/A)","C"
"04vxy","Deng Adel","(N/A)","C"
"04vxz","Tyler Davis","(N/A)","C"
"04vy0","Marcus Derrickson","(N/A)","PF"
"04vy1","Zach Lofton","(N/A)","SG"
"04vy3","Jordan Barnett","(N/A)","SF"
"04vyd","Norvel Pelle","(N/A)","C"
"04w4b","Brandon Goodwin","(N/A)","PG"
"04w4j","Gabe York","(N/A)","SG"
"04w4k","BJ Johnson","(N/A)","SF"
"04xbb","Scoochie Smith","(N/A)","SG"
"04xdt","Kaiser Gates","(N/A)","SF"
"04xdu","Drew Eubanks","(N/A)","C"
"04xge","Elijah Stewart","(N/A)","SG"
"04xgh","Daryl Macon","(N/A)","PG"
"04xgi","Braian Angola-Rodas","(N/A)","SG"
"04xgj","Kendrick Nunn","(N/A)","PG"
"04xgk","Johnathan Williams","(N/A)","PF"
"04xgl","Yante Maten","(N/A)","SF"
"04xgm","Chris Chiozza","(N/A)","PG"
"04xhp","Jaylen Barford","(N/A)","PG"
"04xhq","Joe Chealey","(N/A)","PG"
"04xhr","J.P. Macura","CLE","SG"
"04xhu","Bonzie Colson","(N/A)","SF"
"04xhv","Jonathan Stark","(N/A)","PG"
"04xhw","Jared Terrell","(N/A)","PG"
"04xhx","Angel Delgado","(N/A)","C"
"04xhy","Yuta Watanabe","(N/A)","SF"
"04xhz","Jordan McLaughlin","SA","PG"
"04xic","Nuni Omot","(N/A)","SF"
"04xid","Johnny Hamilton","(N/A)","C"
"04xie","Keenan Evans","DET","PG"
"04xif","Justin Bibbs","(N/A)","SG"
"04xjp","Mitch Creek","(N/A)","SG"
"04xk5","Emanuel Terry","(N/A)","SF,PF"
"04xk6","Ding Yanyuhang","(N/A)","SF"
"04xl5","Phillip Carr","(N/A)","PF"
"04xl8","Cameron Reynolds","(N/A)","SG,SF"
"04xlm","Paul Watson","(N/A)","SG,SF"
"04xlp","Isaac Humphries","(N/A)","PF"
"04xm0","Brandon Sampson","(N/A)","PG"
"04xmx","Tim Bond","(N/A)","SG"
"04yk1","Haywood Highsmith","PHO","SF,PF"
"04ylf","Stephan Hicks","IND","SG"
"04yvw","Dairis Bertans","(N/A)","SG"
"04z79","Cody Demps","(N/A)","SG"
"04z9c","Dusty Hannahs","(N/A)","PG,SG"
"04za3","Jemerrio Jones","(N/A)","SG,SF"
"04zi8","Tarik Phillip","(N/A)","PG"
"051oh","Zion Williamson","NO","SF,PF"
"051oi","Ja Morant","POR","PG"
"051oj","RJ Barrett","TOR","SG,SF,PF"
"051ok","De'Andre Hunter","SAC","SF,PF"
"051ol","Darius Garland","LAC","PG"
"051om","Jarrett Culver","(N/A)","SG"
"051on","Coby White","CHA","PG,SG"
"051oo","Jaxson Hayes","UTA","C"
"051op","Rui Hachimura","LAC","PF"
"051oq","Cam Reddish","(N/A)","SG,SF"
"051or","Cameron Johnson","DEN","SF,PF"
"051os","P.J. Washington","DAL","SF,PF,C"
"051ot","Tyler Herro","MIL","PG,SG"
"051ou","Romeo Langford","(N/A)","SG"
"051ov","Sekou Doumbouya","(N/A)","SF,PF"
"051ow","Chuma Okeke","(N/A)","PF"
"051ox","Nickeil Alexander-Walker","ATL","PG,SG,SF"
"051oy","Goga Bitadze","ORL","C"
"051oz","Luka Samanic","(N/A)","PF"
"051p0","Matisse Thybulle","LAL","SG,SF"
"051p2","Grant Williams","CHA","PF"
"051p3","Darius Bazley","(N/A)","PF"
"051p4","Ty Jerome","MEM","SG,SF"
"051p5","Nassir Little","(N/A)","PF"
"051p6","Dylan Windler","(N/A)","SF"
"051p7","Mfiondu Kabengele","(N/A)","PF,C"
"051p8","Jordan Poole","NO","PG,SG"
"051p9","Keldon Johnson","SA","SG,SF"
"051pa","Kevin Porter","MIL","PG,SG"
"051pb","Nicolas Claxton","CHI","C"
"051pc","KZ Okpala","(N/A)","PF"
"051pd","Carsen Edwards","(N/A)","SG"
"051pe","Bruno Fernando","(N/A)","C"
"051pf","Didi Louzada","(N/A)","SG"
"051pg","Cody Martin","(N/A)","SG,SF,PF"
"051ph","Deividas Sirvydis","(N/A)","SG"
"051pi","Daniel Gafford","DAL","C"
"051pj","Alen Smailagic","(N/A)","PF"
"051pk","Justin James","(N/A)","SG,SF"
"051pl","Eric Paschall","(N/A)","PF"
"051pm","Admiral Schofield","(N/A)","PF"
"051pn","Jaylen Nowell","(N/A)","SG"
"051po","Bol Bol","(N/A)","PF,C"
"051pp","Isaiah Roby","(N/A)","PF"
"051pq","Talen Horton-Tucker","(N/A)","SG"
"051pr","Ignas Brazdeikis","(N/A)","SF"
"051ps","Terance Mann","BKN","PG,SG,SF"
"051pt","Quinndary Weatherspoon","(N/A)","SG"
"051pu","Jarrell Brantley","(N/A)","PF"
"051pv","Tremont Waters","(N/A)","PG"
"051pw","Jalen McDaniels","(N/A)","SF"
"051px","Justin Wright-Foreman","(N/A)","PG"
"051py","Marial Shayok","(N/A)","SG,SF"
"051pz","Kyle Guy","(N/A)","SG"
"051q0","Jaylen Hands","(N/A)","PG"
"051q1","Jordan Bone","(N/A)","PG"
"051q2","Miye Oni","(N/A)","SG"
"051q3","Dewan Hernandez","(N/A)","C"
"051q4","Vanja Marinkovic","(N/A)","SG,SF"
"0522u","Jaylen Hoard","(N/A)","SF,PF"
"0522v","Zach Norvell","(N/A)","SG"
"0524h","Jalen Lecque","(N/A)","PG,SG"
"0524i","Adam Mokoka","(N/A)","SG"
"0527h","Naz Reid","CHA","PF,C"
"0527l","Luguentz Dort","ATL","SG,SF,PF"
"05293","John Konchar","(N/A)","SG"
"0529c","Dean Wade","PHI","PF"
"052c4","Jeremiah Martin","(N/A)","PG"
"052c5","Chris Silva","(N/A)","PF"
"052fs","Garrison Mathews","(N/A)","SG,SF"
"052h2","Vincent Poirier","(N/A)","C"
"052h3","Kyle Alexander","(N/A)","PF"
"052lc","William Howard","(N/A)","SF"
"052ld","Stanton Kidd","(N/A)","PF"
"052q1","Matt Thomas","(N/A)","SG"
"052u4","Jordan Caroline","(N/A)","SF"
"0554x","Zylan Cheatham","(N/A)","SF"
"0558t","Max Strus","LAC","SG,SF"
"0558u","Tacko Fall","(N/A)","C"
"0558v","Javonte Green","DET","SG,SF"
"055bw","Nicolo Melli","(N/A)","PF"
"055c5","Dakota Mathias","(N/A)","SG"
"055c6","Luke Maye","(N/A)","PF"
"055ok","Josh Reaves","(N/A)","SG"
"055ol","Isaiah Pineiro","(N/A)","SG"
"055qo","Caleb Martin","DAL","SF"
"055sg","DaQuan Jeffries","(N/A)","SG"
"055sh","Vic Law","(N/A)","PG,SF"
"055si","Marko Guduric","(N/A)","SG"
"056ap","Justin Robinson","(N/A)","PG"
"056aq","Terence Davis","(N/A)","SG"
"0570u","Chris Clemons","(N/A)","PG,SG"
"057a2","Kelan Martin","(N/A)","SF,PF"
"057ot","Tyler Cook","(N/A)","PF"
"057ow","Hassani Gravett","(N/A)","PG"
"058a2","Juwan Morgan","(N/A)","PF"
"058n6","Armoni Brooks","(N/A)","PG"
"058zc","Aric Holman","(N/A)","PF,C"
"0590m","Lindell Wigginton","(N/A)","PG"
"0590n","Matt Mooney","(N/A)","PG,SG"
"0598b","Moses Brown","(N/A)","C"
"059ca","Oshae Brissett","(N/A)","SF"
"059cb","Sagaba Konate","(N/A)","SF"
"059cc","Devontae Cacok","(N/A)","PF"
"059cd","Charlie Brown","(N/A)","SG"
"059ce","Brian Bowen","(N/A)","SG,SF"
"059cf","Jakeenan Gant","(N/A)","SG"
"059cg","Eric Mika","(N/A)","C"
"059ch","Jalen Adams","(N/A)","PG"
"059ci","Kavell Bigby-Williams","(N/A)","C"
"059cj","Aubrey Dawkins","(N/A)","SG"
"059ck","Amir Hinton","(N/A)","PG"
"059cl","V.J. King","(N/A)","SG"
"059cm","Lamar Peters","(N/A)","PG"
"059cn","Kenny Wooten","(N/A)","PF"
"059cx","Jordan Murphy","(N/A)","SG"
"059dn","Yudai Baba","(N/A)","SF"
"059fs","Javon Bess","(N/A)","SG"
"059ft","Mychal Mulder","(N/A)","PG"
"059fu","Robert Franks","(N/A)","SF"
"059fv","Ahmed Hill","(N/A)","SG"
"059fw","Josh Perkins","(N/A)","PG"
"059fx","Ky Bowman","(N/A)","PG"
"059fy","William McDowell-White","(N/A)","SG"
"059fz","Shamorie Ponds","(N/A)","PG"
"059g0","Amir Coffey","(N/A)","SG,SF,PF"
"059g1","Christ Koumadje","(N/A)","C"
"059g2","Isaiah Miles","(N/A)","SF"
"059g4","Bryce Brown","(N/A)","PG,SG"
"059g5","Simi Shittu","(N/A)","PF,C"
"059g6","John Egbunu","(N/A)","C"
"059gh","Phil Booth","(N/A)","PG"
"059ij","Jared Harper","(N/A)","PG"
"059ik","David Kramer","(N/A)","PG"
"059il","Norense Odiase","(N/A)","C"
"059im","Tariq Owens","(N/A)","PF"
"059q2","Marques Bolden","(N/A)","C"
"059q3","Daulton Hommes","(N/A)","SF"
"059q4","Dedric Lawson","(N/A)","SF,PF"
"059q7","Juan Toscano-Anderson","(N/A)","SF"
"059q8","Keljin Blevins","(N/A)","SG"
"059q9","Perrion Callandret","(N/A)","PG"
"059qa","James Palmer Jr.","(N/A)","SG"
"059qb","Donta Hall","(N/A)","PF"
"059qc","Louis King","(N/A)","SF"
"059qd","Todd Withers","(N/A)","PF"
"059qe","Rayjon Tucker","(N/A)","SG"
"059u3","Jon Davis","(N/A)","PG"
"059vm","Kavion Pippen","(N/A)","C"
"059vt","Tyus Battle","(N/A)","SG"
"059vu","Barry Brown Jr.","(N/A)","PG"
"059vy","Devin Cannady","(N/A)","PG"
"059vz","CJ Massinburg","(N/A)","PG"
"059ws","BJ Taylor","(N/A)","PG"
"059wt","Skyler Flatten","(N/A)","SG"
"059xh","Mike Scott","(N/A)","PG"
"059y5","Bennie Boatwright","(N/A)","PF"
"059y6","Trevor Lacey","(N/A)","PG"
"059y7","Matur Maker","(N/A)","C"
"059z0","Marcus Allen","(N/A)","PG"
"05g3q","Gabe Vincent","(N/A)","PG"
"05gwp","Jontay Porter","(N/A)","PF,C"
"05qsj","Lamar Stevens","(N/A)","PF"
"05qsk","Isaac Okoro","CHI","SG,SF"
"05qsl","Patrick Williams","CHI","SF,PF"
"05qsm","Marko Simonovic","(N/A)","C"
"05qsn","Malachi Flynn","(N/A)","PG"
"05qso","Jalen Harris","(N/A)","SG"
"05qsp","Isaiah Joe","DET","PG,SG"
"05qsq","Tyrese Maxey","PHI","PG,SG"
"05qsr","Theo Maledon","(N/A)","PG"
"05qss","Tyler Bey","(N/A)","SF"
"05qst","Paul Reed","DET","C"
"05qsu","Devon Dotson","(N/A)","PG,SG"
"05qsv","Myles Powell","(N/A)","PG,SG"
"05qsw","Leandro Bolmaro","(N/A)","SG"
"05qsx","Obi Toppin","IND","PF,C"
"05qsy","Jay Scrubb","(N/A)","SG"
"05qsz","Reggie Perry","(N/A)","PF"
"05qt0","Saddiq Bey","NO","SF,PF"
"05qt1","Payton Pritchard","BOS","PG"
"05qt2","Yam Madar","(N/A)","PG"
"05qt3","Desmond Bane","ORL","SG,SF"
"05qt4","Aaron Nesmith","IND","SF,PF"
"05qt5","R.J. Hampton","(N/A)","PG"
"05qt6","Jordan Nwora","(N/A)","SF"
"05qt7","Rayshaun Hammonds","(N/A)","SF,PF"
"05qt8","Cassius Stanley","(N/A)","SG"
"05qt9","Killian Hayes","(N/A)","PG,SG"
"05qta","Elijah Hughes","(N/A)","SG"
"05qtb","Sam Merrill","CLE","SG,SF"
"05qtc","Kira Lewis","(N/A)","PG"
"05qtd","Nick Richards","MIA","C"
"05qte","Sean McDermott","(N/A)","SF"
"05qtf","Xavier Tillman","(N/A)","C"
"05qtg","Trevelin Queen","(N/A)","SG"
"05qth","Tyrell Terry","(N/A)","PG"
"05qti","Josh Green","UTA","SG,SF"
"05qtj","Deni Avdija","POR","SG,SF,PF"
"05qtk","Vit Krejci","POR","PG,SG,SF"
"05qtl","Cole Anthony","(N/A)","PG"
"05qtm","Precious Achiuwa","SAC","PF,C"
"05qtn","Vernon Carey","(N/A)","C"
"05qto","LaMelo Ball","MIN","PG"
"05qtp","Grant Riller","(N/A)","PG"
"05qtq","Tre Jones","CHI","PG"
"05qtr","Devin Vassell","SA","SG,SF"
"05qts","Nathan Knight","(N/A)","PF"
"05qtt","Onyeka Okongwu","ATL","PF,C"
"05qtu","Skylar Mays","(N/A)","SG"
"05qtv","Tyrese Haliburton","IND","PG,SG"
"05qtw","Robert Woodard","(N/A)","SG,SF"
"05qtx","Jahmi'us Ramsey","(N/A)","SG"
"05qty","Jalen Smith","CHI","PF,C"
"05qtz","Zavier Simpson","(N/A)","PG"
"05qu0","Jaden McDaniels","MIN","SF,PF"
"05qu1","James Wiseman","(N/A)","C"
"05qu2","Justinian Jessup","(N/A)","SG"
"05qu3","Nico Mannion","(N/A)","PG"
"05qu4","Saben Lee","(N/A)","PG"
"05qu5","Udoka Azubuike","(N/A)","C"
"05qu6","Romaro Gill","(N/A)","C"
"05qu7","Trent Forrest","(N/A)","PG"
"05qu8","Omer Yurtseven","(N/A)","C"
"05qu9","Immanuel Quickley","TOR","PG,SG"
"05qua","Cassius Winston","(N/A)","PG"
"05qub","Isaiah Stewart","MEM","PF,C"
"05quc","CJ Elleby","(N/A)","SF"
"05qud","Aleksej Pokusevski","(N/A)","PF"
"05que","Daniel Oturu","(N/A)","C"
"05quf","Ashton Hagans","(N/A)","PG"
"05qug","Anthony Edwards","MIN","SG,SF"
"05quh","Zeke Nnaji","DEN","PF,C"
"05qui","Markus Howard","(N/A)","SG"
"05qv8","Facundo Campazzo","(N/A)","PG"
"05qv9","Anthony Gill","WAS","PF"
"05qve","Jae'Sean Tate","HOU","SF"
"05qvg","Anthony Lamb","(N/A)","SF"
"05qvh","Dwayne Sutton","(N/A)","SF,PF"
"05qvt","Xavier Sneed","(N/A)","SF"
"05qvv","Mamadi Diakite","(N/A)","PF"
"05qvw","Ty-Shon Alexander","(N/A)","SG"
"05qvy","Greg Whittington","(N/A)","SF,PF"
"05qwu","Killian Tillie","(N/A)","C"
"05qxt","Breein Tyree","(N/A)","PG,SG"
"05qxu","Paul Eboua","(N/A)","SF,PF"
"05qy1","Mason Jones","(N/A)","SG"
"05qy9","Karim Mane","(N/A)","PG"
"05qye","Jahlil Tripp","(N/A)","SF,PF"
"05qym","Kenyon Martin","(N/A)","SF"
"05qyo","Charles Matthews","(N/A)","PG,SG"
"05qyr","Nate Darling","(N/A)","SG"
"05qys","Javin DeLaurier","(N/A)","PF,C"
"05qyt","Kahlil Whitney","(N/A)","SF"
"05qyv","Brodric Thomas","(N/A)","SG"
"05qyw","Nate Hinton","(N/A)","SG"
"05qyy","Nate Sestina","(N/A)","SF"
"05qyz","Jordan Bowden","(N/A)","SG"
"05qz0","Jake Toolson","(N/A)","SG"
"05qz2","Will Magnay","(N/A)","SF,PF,C"
"05qz3","LiAngelo Ball","(N/A)","SG"
"05qz5","Ade Murkey","(N/A)","PG,SG"
"05qz6","Lamine Diane","(N/A)","SF,PF"
"05qz8","EJ Montgomery","(N/A)","SF,PF"
"05qzb","Devonte Patterson","(N/A)","SF"
"05qzc","Freddie Gillespie","(N/A)","SF,PF"
"05qzd","Kevon Harris","(N/A)","SG"
"05qze","Tres Tinkle","(N/A)","SF"
"05qzf","Jordan Ford","(N/A)","PG"
"05qzg","Malik Fitts","(N/A)","PF"
"05qzh","Naji Marshall","DAL","SG,SF,PF"
"05qzi","Yoeli Childs","(N/A)","SF"
"05qzj","Marlon Taylor","(N/A)","SG"
"05qzk","Caleb Homesley","(N/A)","SG"
"05qzl","Keandre Cook","(N/A)","SG"
"05qzm","Josh Hall","(N/A)","SF"
"05qzn","Kaleb Wesson","(N/A)","PF,C"
"05qzo","Jon Teske","(N/A)","C"
"05qzv","Ahmad Caver","(N/A)","PG"
"05r05","Tyler Hall","(N/A)","PG,SG"
"05r0c","Tre Scott","(N/A)","PF"
"05r0e","Christian Vital","(N/A)","SG"
"05r0f","Shaq Buchanan","(N/A)","PG"
"05r1s","Trey Mourning","(N/A)","PF"
"05rk9","Gabriel Deck","(N/A)","SF,PF"
"05rzi","Luca Vildoza","(N/A)","PG"
"05s01","Elijah Bryant","(N/A)","SG,SF"
"05uib","Cade Cunningham","DET","PG,SG"
"05uic","Jalen Green","PHO","PG,SG"
"05uid","Evan Mobley","CLE","PF,C"
"05uie","Scottie Barnes","TOR","SF,PF,C"
"05uif","Jalen Suggs","ORL","PG"
"05uig","Josh Giddey","CHI","PG,SG"
"05uih","Jonathan Kuminga","MIN","PF,C"
"05uii","Franz Wagner","ORL","SF,PF"
"05uij","Davion Mitchell","MIA","PG"
"05uik","Ziaire Williams","LAL","SG,SF"
"05uil","James Bouknight","(N/A)","SG"
"05uim","Joshua Primo","(N/A)","SG,SF"
"05uin","Chris Duarte","(N/A)","SG"
"05uio","Moses Moody","GS","SG,SF"
"05uip","Corey Kispert","ATL","SG,SF,PF"
"05uiq","Alperen Sengun","HOU","PF,C"
"05uir","Trey Murphy","NO","SG,SF,PF"
"05uis","Tre Mann","WAS","PG"
"05uit","Kai Jones","(N/A)","C"
"05uiu","Jalen Johnson","ATL","SF,PF"
"05uiv","Keon Johnson","(N/A)","PG,SG"
"05uiw","Isaiah Jackson","LAC","C"
"05uix","Usman Garuba","(N/A)","PF"
"05uiy","Josh Christopher","(N/A)","SG"
"05uiz","Quentin Grimes","LAL","SG,SF"
"05uj0","Bones Hyland","MIN","PG"
"05uj1","Cameron Thomas","(N/A)","SG,SF"
"05uj2","Jaden Springer","(N/A)","PG"
"05uj3","Day'Ron Sharpe","BKN","C"
"05uj4","Santi Aldama","DAL","PF,C"
"05uj5","Isaiah Todd","(N/A)","PF"
"05uj6","Jeremiah Robinson-Earl","(N/A)","PF,C"
"05uj7","Jason Preston","(N/A)","PG"
"05uj8","Rokas Jokubaitis","(N/A)","PG,SG"
"05uj9","Herbert Jones","NO","SG,SF,PF"
"05uja","Miles McBride","NY","PG,SG"
"05ujb","JT Thor","(N/A)","PF"
"05ujc","Ayo Dosunmu","MIN","PG,SG,SF"
"05ujd","Neemias Queta","BOS","C"
"05uje","Jared Butler","(N/A)","PG,SG"
"05ujf","Joe Wieskamp","(N/A)","SF"
"05ujg","Isaiah Livers","PHO","PF"
"05ujh","Greg Brown","(N/A)","PF"
"05uji","Kessler Edwards","(N/A)","SF,PF"
"05ujj","Juhann Begarin","(N/A)","PG,SG"
"05ujk","Dalano Banton","(N/A)","PG,SG"
"05ujl","David Johnson","(N/A)","PG,SG"
"05ujm","Sharife Cooper","(N/A)","PG"
"05ujn","Marcus Zegarowski","(N/A)","PG,SG"
"05ujo","Filip Petrusev","(N/A)","PF,C"
"05ujp","Brandon Boston","(N/A)","SG,SF"
"05ujq","Luka Garza","BOS","C"
"05ujr","Charles Bassey","GS","C"
"05ujs","Sandro Mamukelashvili","LAL","PF,C"
"05ujt","Aaron Wiggins","ATL","SG,SF"
"05uju","Scottie Lewis","(N/A)","PG,SG"
"05ujv","Balsa Koprivica","(N/A)","C"
"05ujw","Jericho Sims","MIL","C"
"05ujx","RaiQuan Gray","(N/A)","PF"
"05ujy","Georgios Kalaitzakis","(N/A)","SF"
"05uud","Justin Champagnie","WAS","SF,PF"
"05uue","Ishmail Wainright","(N/A)","SF"
"05uuf","Aaron Henry","(N/A)","SF"
"05uug","Sam Hauser","BOS","SF,PF"
"05uuh","Duane Washington","(N/A)","SG"
"05uuj","Terry Taylor","(N/A)","PF"
"05uuk","Chris Smith","(N/A)","PG,SG,PF"
"05uul","Jose Alvarado","NY","PG"
"05uum","Yves Pons","(N/A)","SF"
"05uun","Matthew Hurt","(N/A)","PF"
"05uuo","Eugene Omoruyi","(N/A)","SF"
"05uup","Jay Huff","IND","C"
"05uuq","Jock Landale","ATL","C"
"05uur","Joel Ayayi","(N/A)","SG"
"05uus","Austin Reaves","LAL","PG,SG,SF"
"05uut","Chaundee Brown","(N/A)","SG"
"05uuu","Mac McClung","(N/A)","SG"
"05uuv","Trendon Watford","NO","PG,SG,PF"
"05uuw","McKinley Wright","(N/A)","PG"
"05uux","MaCio Teague","(N/A)","SG"
"05uw9","Aamir Simms","(N/A)","PF"
"05uwa","A.J. Lawson","(N/A)","SG"
"05uwr","M.J. Walker","(N/A)","SG"
"05ux2","EJ Onu","(N/A)","PF"
"05ux3","Jordan Goodwin","PHO","PG,SG"
"05ux5","Carlik Jones","(N/A)","PG"
"05ux6","Feron Hunt","(N/A)","SF"
"05uxx","DeJon Jarreau","(N/A)","SG"
"05uxy","Jaime Echenique","(N/A)","C"
"05vyx","Daishen Nix","(N/A)","PG"
"05wah","Marcus Garrett","(N/A)","SG"
"05wc6","JaQuori McLaughlin","(N/A)","PG"
"05wkc","Ethan Thompson","(N/A)","SG"
"05wkd","Jeff Dowtin","(N/A)","PG"
"05wmn","Malcolm Hill","(N/A)","SF"
"05wn0","Kevin Pangos","(N/A)","SG"
"05wqi","Moses Wright","(N/A)","PF"
"05wqk","RJ Nembhard","(N/A)","SG"
"05wql","Mitch Ballock","(N/A)","SG"
"05wqo","Dru Smith","MIA","PG,SG"
"05wqp","Micah Potter","POR","PF,C"
"05wqq","Javonte Smart","(N/A)","PG"
"05wvu","David Duke","(N/A)","SG"
"05wvv","Jamorko Pickett","(N/A)","SF"
"05wvw","Derrick Alston","(N/A)","SG,SF"
"05wvx","D.J. Carton","(N/A)","SG"
"05wvy","D.J. Stewart","(N/A)","PG,SG"
"05wy4","Isaiah Miller","(N/A)","SG"
"05wy5","Matt Lewis","(N/A)","SG"
"05x7f","Anthony Tarke","(N/A)","SG"
"05x7g","Jordan Schakel","(N/A)","SF"
"05xac","Matt Coleman","(N/A)","PG"
"05xcl","Rob Edwards","(N/A)","SG"
"05xcn","DJ Steward","(N/A)","SG"
"05xco","Matt Ryan","(N/A)","SF"
"05xkz","Nate Renfro","(N/A)","SF"
"05xn9","Denzel Mahoney","(N/A)","SG"
"05xnb","Jeremiah Tilmon","(N/A)","C"
"05xnf","Romeo Weems","(N/A)","SF"
"05xni","Jalen Crutcher","(N/A)","PG"
"05xnj","Cameron McGriff","(N/A)","SF"
"05xo0","James Banks","(N/A)","C"
"05xo5","Giorgi Bezhanishvili","(N/A)","PF"
"05xo8","Brandon Rachal","(N/A)","SG"
"05xoa","Ibi Watson","(N/A)","SG"
"05xob","Marcus Foster","(N/A)","SG"
"05xoc","Damien Jefferson","(N/A)","SF,PF"
"05xog","John Petty","(N/A)","SG"
"05xoj","L.J. Figueroa","(N/A)","PG,SG,SF,PF"
"05xok","Jordan Burns","(N/A)","PG"
"05xp2","Troy Baxter","(N/A)","SF"
"05xp3","Derek Culver","(N/A)","C"
"05xp4","Devontae Shuler","(N/A)","PG"
"05y7a","Aleem Ford","(N/A)","SF"
"05y9y","Brandon Williams","GS","PG"
"05y9z","Malik Ellison","(N/A)","PG,SG,SF,PF"
"05ya0","Jarron Cumberland","(N/A)","SG"
"05ya2","Xavier Moon","(N/A)","SG"
"05ya8","Craig Sword","(N/A)","SG"
"05ya9","Justin Tillman","(N/A)","SF"
"05yaa","Trayvon Palmer","(N/A)","SG"
"05yab","Olivier Sarr","CLE","C"
"05ybb","Paris Bass","(N/A)","SF"
"05ybc","Jaysean Paige","(N/A)","PG"
"05ycx","Braxton Key","(N/A)","SF"
"05yoh","Lindy Waters","(N/A)","SG,SF"
"060me","Iffe Lundberg","(N/A)","SG"
"06210","Paolo Banchero","ORL","PF"
"06211","Chet Holmgren","OKC","PF,C"
"06212","Jabari Smith","HOU","SF,PF,C"
"06213","Keegan Murray","SAC","SF,PF"
"06214","Jaden Ivey","(N/A)","SG"
"06215","Bennedict Mathurin","NO","SG,SF"
"06216","Shaedon Sharpe","POR","SG,SF"
"06217","Dyson Daniels","ATL","PG,SG,SF"
"06218","Jeremy Sochan","POR","PF,C"
"06219","Johnny Davis","(N/A)","SG"
"0621a","Ousmane Dieng","MIL","PF,C"
"0621b","Jalen Williams","OKC","SG,SF,PF"
"0621c","Jalen Duren","DET","C"
"0621d","Ochai Agbaji","(N/A)","SG,SF"
"0621e","Mark Williams","PHO","C"
"0621f","AJ Griffin","(N/A)","SF"
"0621g","Tari Eason","HOU","SF,PF"
"0621h","Dalen Terry","GS","SG,SF"
"0621i","Jake LaRavia","LAL","PF"
"0621j","Malaki Branham","ORL","PG,SG"
"0621k","Christian Braun","DEN","SG,SF"
"0621l","Walker Kessler","LAL","C"
"0621m","David Roddy","DEN","PF"
"0621n","MarJon Beauchamp","PHI","SG,SF"
"0621o","Blake Wesley","(N/A)","PG,SG"
"0621p","Wendell Moore","DET","SG,SF"
"0621q","Nikola Jovic","MIA","PF,C"
"0621r","Patrick Baldwin","SAC","SF"
"0621s","TyTy Washington","LAC","PG"
"0621t","Peyton Watson","CLE","SG,SF,PF"
"0621u","Andrew Nembhard","IND","PG,SG"
"0621v","Caleb Houstan","NO","SF"
"0621w","Christian Koloko","NO","C"
"0621x","Jaylin Williams","OKC","PF,C"
"0621y","Max Christie","DAL","SG,SF"
"0621z","Gabriele Procida","(N/A)","SG"
"06220","Jaden Hardy","LAL","PG,SG"
"06221","Kennedy Chandler","(N/A)","PG"
"06222","Khalifa Diop","CLE","C"
"06223","Bryce McGowens","NO","SG"
"06224","E.J. Liddell","(N/A)","PF"
"06225","Trevor Keels","MIA","SG"
"06226","Moussa Diabate","CHA","C"
"06227","Ryan Rollins","MIL","PG,SG"
"06228","Josh Minott","BKN","SF,PF,C"
"06229","Ismael Kamagate","(N/A)","C"
"0622a","Vince Williams","(N/A)","PG,SG,SF"
"0622b","Kendall Brown","(N/A)","SG"
"0622c","Isaiah Mobley","(N/A)","PF"
"0622d","Matteo Spagnolo","(N/A)","SG"
"0622e","Tyrese Martin","PHI","SG"
"0622f","Karlo Matkovic","NO","PF,C"
"0622g","JD Davison","ORL","PG"
"0622h","Yannick Nzosa","(N/A)","C"
"0622i","Gui Santos","GS","SF,PF"
"0622j","Luke Travers","(N/A)","SG"
"0622k","Jabari Walker","PHI","SF,PF,C"
"0622l","Hugo Besson","(N/A)","PG"
"0622z","Orlando Robinson","(N/A)","C"
"06233","Ron Harper","BOS","SF"
"06234","AJ Green","MIL","PG,SG,SF"
"06235","Kenneth Lofton","(N/A)","PF"
"06236","Trevor Hudgins","(N/A)","PG"
"06237","Bryce Hamilton","(N/A)","SG"
"06238","Jalen Adaway","(N/A)","SG"
"06239","Shareef O'Neal","(N/A)","PF"
"0623a","Scotty Pippen","MEM","PG"
"0623b","Michael Devoe","(N/A)","SG"
"0623c","Lester Quinones","(N/A)","SG"
"0623d","Johnny Juzang","(N/A)","SG,SF"
"0623e","Collin Gillespie","PHO","PG"
"0623f","Justin Lewis","(N/A)","PF"
"0623g","Michael Foster","(N/A)","SF,PF"
"0623h","Alondes Williams","WAS","SG"
"0623i","Iverson Molinar","(N/A)","PG"
"0623j","Theo John","(N/A)","PF"
"0623k","Dereon Seabron","(N/A)","SG"
"0623l","Jamaree Bouyea","PHO","PG"
"0623m","Keon Ellis","BKN","PG,SG"
"0623n","Cole Swider","(N/A)","SF"
"0626t","Dominick Barlow","PHI","SF,PF,C"
"062d2","Buddy Boeheim","(N/A)","SF"
"062dn","Julian Champagnie","SA","SF,PF"
"062do","Tyson Etienne","BKN","PG"
"062k1","Javon Freeman-Liberty","(N/A)","PG"
"062pk","Simone Fontecchio","MIA","SF,PF"
"062sp","Darius Days","(N/A)","PF"
"062sq","Kellan Grady","(N/A)","PG,SG"
"062sr","Jack White","(N/A)","SF"
"062xs","Chima Moneke","(N/A)","SF,PF"
"06303","Jordan Hall","(N/A)","PG,SG,SF,PF"
"06304","Javante McCoy","(N/A)","PG,SG"
"06305","Fabian White","(N/A)","SF,PF"
"0633h","Pat Spencer","PHO","PG"
"06375","Drake Jeffries","(N/A)","PG,SG"
"06376","Sacha Killeya-Jones","(N/A)","SF,PF"
"063cz","Gabe Brown","(N/A)","SF,PF"
"063d0","Jared Rhoden","(N/A)","SG"
"063e4","Awudu Abass","(N/A)","PF"
"063rs","Makur Maker","(N/A)","C"
"063u8","Mouhamadou Gueye","(N/A)","PF"
"06452","Tommy Kuhse","(N/A)","PG,SG"
"064q6","Daeqwon Plowden","SAC","SG,SF"
"064s5","Chandler Vaudrin","(N/A)","PG,SG"
"064s6","Jaylen Sims","(N/A)","PG,SG"
"064s7","Isaiah Whaley","(N/A)","SF,PF"
"064s8","Anthony Duruji","(N/A)","SF,PF"
"064s9","Izaiah Brockington","(N/A)","PG"
"064to","Davion Mintz","(N/A)","PG,SG"
"064tp","Quenton Jackson","IND","PG"
"065b6","Ibou Badji","(N/A)","C"
"065b7","Kyler Edwards","(N/A)","PG,SG"
"065b8","Keaton Wallace","ATL","PG"
"065b9","Lucas Williamson","(N/A)","PG,SG"
"065h6","Marcus Bingham","(N/A)","SF,PF"
"065px","Trevion Williams","(N/A)","SF,PF,C"
"065us","Garrison Brooks","(N/A)","SF,PF,C"
"065ut","Jacob Gilyard","(N/A)","PG"
"065uu","Justin Bean","(N/A)","SF,PF"
"065vb","Adonis Arms","(N/A)","SF,PF"
"065vc","John Butler","MIL","C"
"065vd","Jules Bernard","(N/A)","SG"
"065ve","Stanley Umude","(N/A)","SG"
"065vf","Grant Golden","(N/A)","SF,PF"
"0661b","Jamal Cain","ORL","SG,SF"
"0663t","Jaden Shackelford","(N/A)","PG,SG"
"0663u","Noah Kirkwood","(N/A)","PG,SG"
"0663x","Darryl Morsell","(N/A)","PG,SG"
"0664x","A.J. Reeves","(N/A)","PG,SG"
"0664y","Nate Williams","GS","SG"
"0665a","Reggie Kissoonlal","(N/A)","SF,PF"
"0665b","Pierria Henry","(N/A)","PG,SG"
"0665c","Nate Pierre-Louis","(N/A)","SF,PF"
"06666","Eric Demers","(N/A)","PG,SG"
"06667","Aminu Mohammed","(N/A)","PG,SG"
"06668","Donovan Williams","(N/A)","SG"
"06669","Alex O'Connell","(N/A)","PG,SG"
"0666a","Jeriah Horne","(N/A)","SF,PF"
"0666c","Jermaine Samuels","(N/A)","SF"
"0666e","Tevin Brown","(N/A)","PG,SG"
"0666f","Eli Brooks","(N/A)","PG,SG"
"0666j","Bryson Williams","(N/A)","SF,PF"
"067x0","Jalen Johnson","(N/A)","SG"
"06ajv","Xavier Cooks","(N/A)","PF"
"06avs","Justin Minaya","(N/A)","SF"
"06aw1","Chance Comanche","(N/A)","C"
"06ca2","Kobe Brown","IND","PF"
"06ca3","Julian Strawther","DEN","SG,SF"
"06ca4","Kobe Bufkin","NO","SG"
"06ca5","Kris Murray","MEM","SF"
"06ca7","Cam Whitmore","(N/A)","SF,PF"
"06ca8","Amen Thompson","HOU","PG,SG,SF,PF"
"06ca9","Jordan Hawkins","MEM","SG"
"06caa","Ben Sheppard","IND","SG,SF"
"06cab","Jarace Walker","IND","SF,PF"
"06cac","Cason Wallace","OKC","PG,SG,SF"
"06cbj","James Nnaji","(N/A)","C"
"06cbx","Jaime Jaquez","MIL","SG,SF,PF"
"06cby","Keyonte George","UTA","PG"
"06cbz","Brice Sensabaugh","UTA","SF,PF"
"06cc0","Taylor Hendricks","MEM","SF,PF,C"
"06cc1","Bilal Coulibaly","WAS","SG,SF,PF"
"06cc2","Gradey Dick","LAC","SG,SF"
"06cc5","Anthony Black","ORL","PG,SG"
"06cc6","Jett Howard","DAL","SF"
"06cc7","Brandin Podziemski","GS","SG,SF"
"06cc8","Dereck Lively","DAL","C"
"06cc9","Olivier-Maxence Prosper","MEM","PF"
"06cca","Brandon Miller","CHA","SG,SF,PF"
"06ccb","Nick Smith","(N/A)","SG"
"06ccc","Dariq Whitehead","(N/A)","SF"
"06ccd","Noah Clowney","BKN","PF,C"
"06cce","Jalen Hood-Schifino","(N/A)","SG"
"06ccf","Ausar Thompson","DET","SG,SF,PF"
"06ccg","Marcus Sasser","DAL","PG"
"06cch","Victor Wembanyama","SA","C"
"06ccu","Tristan Vukcevic","WAS","C"
"06ccv","Trayce Jackson-Davis","TOR","C"
"06ccw","Jordan Miller","LAC","SF"
"06ccx","Hunter Tyson","(N/A)","PF"
"06ccy","Jalen Pickett","LAC","PG,SG"
"06ccz","Mouhamed Gueye","ATL","PF"
"06cd0","Seth Lundy","(N/A)","SF"
"06cd1","Jordan Walsh","BOS","PF"
"06cd2","Rayan Rupert","PHI","SG"
"06cd3","Emoni Bates","(N/A)","SF"
"06cd4","Toumani Camara","POR","PF,C"
"06cd5","Isaiah Wong","(N/A)","SG"
"06cd7","Keyontae Johnson","(N/A)","SF"
"06cd9","Jaylen Clark","MIN","SG,SF"
"06cdb","Amari Bailey","(N/A)","PG"
"06cdc","Jalen Wilson","ATL","SF,PF"
"06cdd","Andre Jackson","TOR","SG"
"06cde","Chris Livingston","(N/A)","SF"
"06cdf","Julian Phillips","HOU","SF,PF"
"06cdg","Maxwell Lewis","(N/A)","SF"
"06cdh","GG Jackson","MEM","SF,PF"
"06cdi","Tarik Biberovic","DAL","SF"
"06cdj","Colby Jones","(N/A)","SG"
"06cdk","Jalen Slawson","IND","SF"
"06cdn","Scoot Henderson","POR","PG"
"06cef","Oscar Tshiebwe","HOU","C"
"06ceg","Ricky Council","(N/A)","SF,PF"
"06ceh","Mike Miles","(N/A)","PG"
"06cei","Leonard Miller","CHI","SF"
"06cej","Omari Moore","(N/A)","SG,SF"
"06cek","Adama Sanogo","(N/A)","C"
"06cel","Sidy Cissoko","POR","SF"
"06cem","Sir'Jabari Rice","(N/A)","SG"
"06cen","Caleb Daniels","(N/A)","SG"
"06ceo","Jaylen Martin","(N/A)","SF"
"06cep","Jacob Toppin","(N/A)","SF"
"06ceq","Joey Hauser","(N/A)","SF"
"06cer","Markquis Nowell","(N/A)","PG,SG"
"06ces","Mojave King","(N/A)","SG"
"06cet","Terquavion Smith","(N/A)","PG"
"06ceu","Azuolas Tubelis","(N/A)","PF"
"06cf3","Drew Timme","(N/A)","PF,C"
"06cnb","Malcolm Cazalon","(N/A)","SG"
"06cp1","D'Moi Hodge","(N/A)","SG"
"06cp2","Colin Castleton","ORL","C"
"06cp3","Miles Norris","(N/A)","PF"
"06cp4","Craig Porter","CLE","PG"
"06dob","Leaky Black","(N/A)","SF"
"06dq7","Onuralp Bitim","(N/A)","SG"
"06eo4","Dexter Dennis","(N/A)","SG"
"06eoe","Obadiah Noel","(N/A)","SG"
"06exl","Souley Boum","(N/A)","PG"
"06fk6","Jordan Walker","(N/A)","PG,SG"
"06fpq","Darius McGhee","(N/A)","PG"
"06fwl","Alex Fudge","(N/A)","SF"
"06fzs","Javonte Cooke","(N/A)","SG"
"06gix","Duop Reath","(N/A)","C"
"06giy","George Conditt","(N/A)","PF"
"06gnm","Henri Drell","(N/A)","SF"
"06gno","Pete Nance","MIL","PF"
"06gnp","Justin Powell","(N/A)","SG"
"06gsd","Alex Morales","ORL","PG"
"06h8i","Scottie Lindsey","(N/A)","SG"
"06hdv","Andrew Funk","(N/A)","SG"
"06hdw","Armaan Franklin","(N/A)","PG"
"06hdx","Kendric Davis","(N/A)","PG"
"06hdy","Drew Peterson","(N/A)","PF"
"06hdz","Nathan Mensah","(N/A)","SF,PF,C"
"06he0","Matthew Mayer","(N/A)","PF"
"06he2","Charles Bediako","(N/A)","C"
"06hf9","Antoine Davis","(N/A)","PG"
"06hfa","Max Heidegger","(N/A)","PG"
"06hfb","Damion Baugh","(N/A)","SG"
"06hfc","Tosan Evbuomwan","(N/A)","SF"
"06hhm","Landers Nolley","(N/A)","SG"
"06hht","Javan Johnson","(N/A)","SF,PF"
"06hi8","Vincent Valerio-Bodon","(N/A)","SF,PF"
"06hi9","Jazian Gortman","(N/A)","PG"
"06hie","Nick Ongenda","(N/A)","C"
"06hif","Taevion Kinsey","(N/A)","PG,SG"
"06hik","Tevian Jones","(N/A)","PG,SG"
"06hil","Liam Robbins","(N/A)","SF,PF,C"
"06him","Trey Jemison","TOR","C"
"06hin","Chase Audige","(N/A)","PG,SG"
"06hki","Keshawn Justice","(N/A)","SF,PF"
"06hn1","Au'Diese Toney","(N/A)","PG,SG"
"06ho3","Timmy Allen","(N/A)","SF"
"06ho4","Taze Moore","(N/A)","SG"
"06ho6","Yuri Collins","(N/A)","PG"
"06hpm","Kyle Mangas","(N/A)","PG"
"06hpn","Reid Travis","(N/A)","PF"
"06hqq","Hunter Maldonado","(N/A)","SG"
"06hqr","KJ Williams","(N/A)","PF"
"06hre","Bryce Wills","(N/A)","SG"
"06hrf","Patrick Gardner","(N/A)","C"
"06hrm","Caleb McConnell","(N/A)","SG"
"06hrn","Adam Flagler","SAC","SG"
"06hrt","Gabe Kalscheur","(N/A)","PG,SG"
"06hru","Ryan Turell","(N/A)","SF,PF"
"06hrv","Nate Roberts","(N/A)","C"
"06hsk","Jarkel Joiner","(N/A)","PG"
"06hsl","Malachi Smith","TOR","SG"
"06hsm","Kihei Clark","(N/A)","PG"
"06hsn","Dane Goodwin","(N/A)","SG"
"06hso","Jake Stephens","(N/A)","C"
"06iei","Dmytro Skapintsev","(N/A)","C"
"06kv0","Jaylin Galloway","(N/A)","SF"
"06kxd","Maozinha Pereira","(N/A)","SF"
"06l10","Malik Williams","(N/A)","C"
"06mjt","Zaccharie Risacher","DAL","SF"
"06mju","Alex Sarr","WAS","PF,C"
"06mjv","Reed Sheppard","HOU","PG,SG"
"06mjw","Stephon Castle","SA","PG,SG"
"06mjx","Ron Holland","DET","SF,PF"
"06mjy","Tidjane Salaun","CHA","PF"
"06mjz","Donovan Clingan","POR","C"
"06mk0","Rob Dillingham","CHI","PG"
"06mk1","Zach Edey","MEM","C"
"06mk2","Cody Williams","MIN","SG"
"06mk3","Matas Buzelis","CHI","SF,PF"
"06mk4","Nikola Topic","OKC","PG"
"06mk5","Devin Carter","BOS","PG"
"06mk6","Carlton Carrington","WAS","PG"
"06mk7","Kel'el Ware","MIL","PF,C"
"06mk8","Jared McCain","OKC","SG"
"06mk9","Dalton Knecht","LAL","SG,SF"
"06mka","Tristan da Silva","ORL","SF,PF"
"06mkb","Ja'Kobe Walter","TOR","PG,SG"
"06mkc","Jaylon Tyson","CLE","SG,SF"
"06mkd","Yves Missi","NO","PF,C"
"06mke","DaRon Holmes","DEN","PF,C"
"06mkf","AJ Johnson","NO","PG,SG"
"06mkg","Kyshawn George","WAS","SG,SF,PF"
"06mkh","Pacome Dadiet","NY","SG"
"06mki","Dillon Jones","PHI","SF"
"06mkj","Terrence Shannon","MIN","SG,SF,PF"
"06mkk","Ryan Dunn","PHO","SF,PF"
"06mkl","Isaiah Collier","UTA","PG,SG"
"06mkm","Baylor Scheierman","BOS","SG,SF"
"06mld","Jonathan Mogbo","SAC","PF,C"
"06mle","Kyle Filipowski","UTA","PF,C"
"06mlf","Tyler Smith","(N/A)","PF"
"06mlg","Tyler Kolek","NY","PG"
"06mlh","Johnny Furphy","IND","SG,SF"
"06mli","Juan Nunez","(N/A)","PG,SG"
"06mlj","Bobi Klintman","(N/A)","SF,PF"
"06mlk","Ajay Mitchell","OKC","PG,SG,SF"
"06mll","Jaylen Wells","MEM","SG,SF"
"06mlm","Oso Ighodaro","PHO","PF,C"
"06mln","Adem Bona","PHI","C"
"06mlo","KJ Simpson","DEN","PG"
"06mlp","Nikola Djurisic","(N/A)","SF,PF"
"06mlq","Pelle Larsson","MIA","SG,SF"
"06mlr","Jamal Shead","TOR","PG"
"06mls","Cam Christie","LAC","SG"
"06mlt","Antonio Reeves","(N/A)","SG,SF"
"06mlu","Harrison Ingram","UTA","SF"
"06mlv","Tristen Newton","(N/A)","SG"
"06mlw","Enrique Freeman","MIN","PF"
"06mlx","Melvin Ajinca","(N/A)","SF,PF"
"06mly","Quinten Post","MEM","C"
"06mlz","Cam Spencer","MEM","PG,SG"
"06mm0","Anton Watson","(N/A)","SF"
"06mm1","Bronny James","LAL","PG,SG"
"06mm2","Kevin McCullar","NY","SF"
"06mm3","Ulrich Chomche","(N/A)","PF"
"06mm4","Ariel Hukporti","PHI","C"
"06mm5","PJ Hall","CHA","C"
"06mm6","N'Faly Dante","(N/A)","C"
"06mm8","Keshad Johnson","MIA","SF"
"06mm9","DJ Burns","(N/A)","SF,PF"
"06mma","Jalen Bridges","(N/A)","SF"
"06mmb","Reece Beekman","(N/A)","PG"
"06mmc","Justin Edwards","PHI","SG,SF,PF"
"06mmd","Blake Hinson","UTA","SF"
"06mme","Armel Traore","(N/A)","SF,PF"
"06mmf","Daniss Jenkins","DET","PG"
"06mmg","Isaiah Crawford","HOU","SF"
"06mmh","Isaac Jones","DET","PF"
"06mmi","Branden Carlson","POR","C"
"06mmj","Alex Ducas","(N/A)","SG,SF"
"06mmr","Zyon Pullin","MIN","SG"
"06mnq","Drew Pember","(N/A)","SF,PF"
"06mnr","Malik Hall","(N/A)","SF,PF"
"06mns","Matt Morgan","(N/A)","PG,SG"
"06mnt","Charles Pride","(N/A)","PG,SG"
"06mnu","Pedro Bradshaw","(N/A)","SF,PF"
"06mnv","Brandon Slater","(N/A)","SF,PF"
"06mnw","RaeQuan Battle","(N/A)","PG,SG"
"06mnx","Kevin Cross","(N/A)","SF,PF"
"06mnz","Allen Flanigan","(N/A)","PG,SG"
"06mo3","Santiago Vescovi","(N/A)","PG"
"06mo4","Christian Terrell","(N/A)","PG"
"06mo5","Jimmy Whitt","(N/A)","PG"
"06mo6","Sean East","(N/A)","PG"
"06mo7","Mohamed Diarra","(N/A)","PF"
"06mo8","Jackson Rowe","(N/A)","PF"
"06mo9","Mantas Rubstavicius","(N/A)","PG"
"06moa","Roman Sorkin","(N/A)","PF"
"06mob","Quincy Olivari","(N/A)","PG"
"06moc","Grayson Murphy","(N/A)","PG,SG"
"06mod","Luke Avdalovic","(N/A)","PG"
"06moe","Yauhen Massalski","(N/A)","PF"
"06mof","DJ Horne","(N/A)","PG"
"06mog","Riley Minix","CLE","SF"
"06moh","Jameer Nelson","(N/A)","PG,SG"
"06moi","Darin Green","(N/A)","SG"
"06moj","Tyrece Radford","(N/A)","PG"
"06mok","Tyson Ward","(N/A)","SF"
"06mol","Seth Millner","(N/A)","SF"
"06mom","Jamuni McNeace","(N/A)","C"
"06mon","Lance Jones","(N/A)","PG,SG"
"06moo","Josiah-Jordan James","(N/A)","PG,SG"
"06mop","Samson Froling","(N/A)","C"
"06moq","Trey Woodbury","(N/A)","PG,SG"
"06mor","David Jones Garcia","SA","SF"
"06mos","Keve Aluma","(N/A)","SF,PF"
"06mot","Max Fiedler","(N/A)","SF,PF"
"06mou","Judah Mintz","(N/A)","PG,SG"
"06mov","Jordan Tucker","(N/A)","SF,PF"
"06moy","Joirdon Nicholas","(N/A)","SF,PF"
"06moz","Neal Sako","(N/A)","C"
"06mp0","Isaiah Stevens","(N/A)","PG"
"06mp1","JC Butler","(N/A)","SF,PF"
"06mp4","Trey Alexander","UTA","SG"
"06mpg","Keisei Tominaga","(N/A)","PG"
"06mq1","Jesse Edwards","(N/A)","C"
"06muu","Jack McVeigh","(N/A)","PF"
"06nv9","Spencer Jones","DEN","SF,PF"
"06nz5","Jamarion Sharp","LAC","C"
"06pfe","Trentyn Flowers","(N/A)","SF"
"06ppp","Yongxi Cui","(N/A)","SG"
"06prj","Galen Robinson","(N/A)","PG"
"06prk","Tristan Enaruna","CLE","SF"
"06prl","Nae'Qwan Tomlin","CLE","PF"
"06prm","Gabe Osabuohien","(N/A)","SF,PF"
"06prn","Gabe McGlothan","(N/A)","SF,PF"
"06ps5","Jahmir Young","MIA","PG"
"06ps6","Jaylin Williams","(N/A)","SF,PF"
"06psp","Jaedon LeDee","(N/A)","SF"
"06pst","Kylor Kelley","(N/A)","C"
"06psv","Tyler Polley","(N/A)","SF"
"06ptn","Moses Wood","(N/A)","SF,PF"
"06ptq","Max Abmas","(N/A)","PG"
"06ptx","Marcus Domask","(N/A)","SF"
"06pty","Keion Brooks","IND","SF"
"06pu0","Emanuel Miller","(N/A)","PF"
"06pvs","Malevy Leons","GS","SF"
"06pvt","Cormac Ryan","MIL","SG"
"06pvu","Alex Reese","(N/A)","PF"
"06pvx","Armando Bacot","(N/A)","SF,PF,C"
"06pvy","Yuki Kawamura","(N/A)","PG"
"06pw1","RayJ Dennis","ATL","PG"
"06pw4","James Akinjo","(N/A)","PG,SG"
"06pw5","Boogie Ellis","(N/A)","PG"
"06pwq","Tolu Smith","DET","PF"
"06q2e","Jamison Battle","TOR","SF,PF"
"06q8b","Aaron Estrada","(N/A)","PG"
"06q9l","Miller Kopp","(N/A)","SF,PF"
"06qdx","Erik Stevenson","(N/A)","PG,SG"
"06qdz","Elijah Harkless","DET","SG"
"06qf5","Warren Washington","(N/A)","SF,PF"
"06qf7","Trhae Mitchell","(N/A)","PG,SG"
"06qf9","Taylor Funk","(N/A)","SF,PF"
"06qfk","Josh Oduro","NO","PF"
"06qq7","Boo Buie","(N/A)","PG,SG"
"06rph","Taran Armstrong","(N/A)","PG"
"06rui","Marcus Bagley","(N/A)","SF"
"06rur","Phillip Wheeler","(N/A)","SF,PF"
"06v55","Kasparas Jakucionis","MIL","SG"
"06v56","Walter Clayton","MEM","PG"
"06v57","Ace Bailey","UTA","PG,SG,SF"
"06v58","Tre Johnson","WAS","PG,SG"
"06v59","Will Riley","WAS","SF"
"06v5a","Collin Murray-Boyles","TOR","PF,C"
"06v5b","Yanic Konan Niederhauser","LAC","SF,PF,C"
"06v5c","Asa Newell","ATL","PF"
"06v5d","Hugo Gonzalez","BOS","SG,SF,PF"
"06v5e","Yang Hansen","POR","C"
"06v5f","Khaman Maluach","PHO","C"
"06v5g","Jeremiah Fears","NO","PG"
"06v5h","Derik Queen","NO","PF,C"
"06v5i","Thomas Sorber","OKC","PF,C"
"06v5j","Jase Richardson","ORL","SG"
"06v5k","VJ Edgecombe","PHI","SG"
"06v5l","Cooper Flagg","DAL","PG,SG,SF"
"06v5m","Joan Beringer","MIN","PF,C"
"06v5n","Kon Knueppel","CHA","PG,SG,SF"
"06v5o","Liam McNeeley","CHA","SF"
"06v5p","Nolan Traore","BKN","PG"
"06v5q","Danny Wolf","BKN","PF,C"
"06v5r","Egor Demin","BKN","PG"
"06v5s","Drake Powell","BKN","SG,SF,PF"
"06v5t","Ben Saraf","BKN","SG"
"06v5u","Noa Essengue","CHI","PF"
"06v5v","Cedric Coward","MEM","SG,SF"
"06v5w","Nique Clifford","SAC","SG,SF"
"06v5x","Carter Bryant","SA","SF,PF"
"06v5y","Dylan Harper","SA","PG,SG,SF"
"06v72","Rasheer Fleming","PHO","PF"
"06v7y","Noah Penda","ORL","SF"
"06v7z","Sion James","CHA","SG,SF"
"06v80","Ryan Kalkbrenner","CHA","C"
"06v81","Johni Broome","LAC","PF,C"
"06v82","Adou Thiero","LAL","SF,PF"
"06v83","Chaz Lanier","DET","SG"
"06v84","Kam Jones","MIL","PG,SG"
"06v85","Alijah Martin","TOR","SG"
"06v86","Micah Peavy","MEM","SG,SF,PF"
"06v87","Koby Brea","PHO","SG"
"06v88","Maxime Raynaud","SAC","PF,C"
"06v89","Jamir Watkins","WAS","SG,SF"
"06v8a","Brooks Barnhizer","OKC","SG"
"06v8b","Rocco Zikarsky","MIN","C"
"06v8c","Amari Williams","BOS","PF,C"
"06v8d","Bogoljub Markovic","MIL","PF"
"06v8e","Javon Small","MEM","PG"
"06v8f","Tyrese Proctor","CLE","PG"
"06v8g","Kobe Sanders","LAC","SG,SF"
"06v8h","Mohamed Diawara","NY","SF"
"06v8i","Alex Toohey","GS","PF"
"06v8j","John Tonje","POR","SG"
"06v8p","Will Richard","GS","SG"
"06va1","Max Shulga","(N/A)","SG"
"06va2","Saliou Niang","(N/A)","SF,PF"
"06vxp","Taelon Peter","SA","SG"
"06vxq","Jahmai Mashack","MEM","SG,SF"
"06vxs","Hunter Sallis","(N/A)","SG"
"06vxt","Mark Sears","(N/A)","PG"
"06vxw","Hunter Dickinson","(N/A)","C"
"06vxx","Miles Kelly","(N/A)","PG"
"06vxy","Vladislav Goldin","MIA","C"
"06vxz","RJ Luis","(N/A)","SG,SF"
"06vy0","Eli John Ndiaye","(N/A)","PF"
"06vy1","Eric Dixon","(N/A)","PF"
"06vy2","Chucky Hepburn","TOR","PG"
"06vy3","Caleb Love","PHI","PG,SG"
"06vyb","Lachlan Olbrich","CHI","PF,C"
"06y0j","Tamar Bates","UTA","SG"
"06y2o","Dylan Cardwell","SAC","PF,C"
"06y3q","Ryan Nembhard","ATL","PG"
"06y4e","CJ Huntley","PHO","SF"
"06yb4","Cameron Matthews","(N/A)","SF,PF"
"06yzq","Curtis Jones","DEN","SG"
"06z4q","Chris Manon","LAL","SG"
"06z61","Myron Gardner","MIA","SF"
"06z7s","Augustas Marciulionis","(N/A)","PG,SG"
"06z7t","Arthur Kaluma","LAL","SF,PF"
"06z7u","RJ Davis","(N/A)","PG,SG"
"070te","Fanbo Zeng","(N/A)","SF,PF"
"071oo","Tyrese Samuel","(N/A)","SF,PF"
"07215","Moussa Cisse","DAL","C"
"0722e","Matthew Cleveland","(N/A)","PG,SG"
"0722p","Norchad Omier","(N/A)","SF,PF"
"0722s","Chaney Johnson","BKN","SF,PF"
"07231","Tyler Burton","(N/A)","SF,PF"
"07232","Lawson Lovering","(N/A)","C"
"07234","Keshon Gilbert","ATL","SG"
"07235","Jonathan Pierre","(N/A)","SF,PF"
"0723c","John Poulakidas","DAL","PG,SG"
"0723e","Steven Crowl","(N/A)","SF,PF"
"0723f","Chris Youngblood","POR","PG,SG"
"0723g","Zack Austin","(N/A)","SG,SF,PF"
"0723h","Igor Milicic","NY","SF,PF"
"0723i","DJ Rodman","(N/A)","PG,SG,SF,PF"
"0723j","Matthew Murrell","(N/A)","PG,SG"
"0723k","Christian Shumate","(N/A)","SF,PF"
"07240","Jahmyl Telfort","(N/A)","SF,PF"
"07241","Dawson Garcia","(N/A)","SF,PF,C"
"07242","Brice Williams","(N/A)","SG,SF,PF"
"07243","L.J. Cryer","GS","PG,SG"
"07244","Dain Dainja","(N/A)","SF,PF"
"07245","Saint Thomas","(N/A)","SF,PF"
"0724o","Johnell Davis","(N/A)","PG,SG"
"0725c","Mitch Mascari","(N/A)","PG,SG"
"0725e","Daniel Batcho","(N/A)","SF,PF"
"0728o","Gabe Madsen","(N/A)","PG,SG"
"0728q","Alex Antetokounmpo","MIL","SF"
"0728s","Lamont Butler","(N/A)","PG,SG"
"0728u","Kadary Richmond","(N/A)","PG,SG"
"0729d","Steve Settle","(N/A)","SF,PF"
"0729e","Darius Brown","(N/A)","PG,SG"
"0729i","Isaih Moore","(N/A)","SF,PF"
"072ae","Sean Pedulla","HOU","PG"
"072af","Julian Reese","(N/A)","SF"
"072ag","Chase Hunter","(N/A)","SG"
"072ah","Jaden Akins","(N/A)","SG"
"073o8","Grant Nelson","BKN","SF,PF"
"073pt","Payton Sandfort","(N/A)","SF"
"073rx","Jayson Kent","POR","SF"
"073y0","Andersson Garcia","(N/A)","PF"
"07401","Bez Mbeng","CHA","SG"
"074bu","Adama Bal","(N/A)","SG"
"074gu","Toby Okani","(N/A)","SF"
"074lu","Tyreke Key","(N/A)","SG"
"074sv","Hayden Gray","UTA","SG"
"076su","Aday Mara","OKC","C"
"076sv","Bennett Stirtz","OKC","PG"
"076sw","Labaron Philon","PHI","PG"
"076sx","Yaxel Lendeborg","GS","SF"
"076sy","Morez Johnson","DAL","PF"
"076sz","Sergio De Larrea","DAL","PG"
"076t0","Caleb Wilson","CHI","PF"
"076t1","Dailyn Swain","CHI","SG"
"076t2","Cameron Carr","LAL","SG"
"076t3","Karim Lopez","MEM","SF"
"076t4","Ebuka Okorie","DET","PG"
"076t5","Alex Karaban","SAC","SF"
"076t6","Darius Acuff","SAC","PG"
"076t7","Tarris Reed","SA","C"
"076t8","Jayden Quaintance","SA","PF"
"076t9","Darryn Peterson","UTA","SG"
"076ta","AJ Dybantsa","WAS","SF"
"076tb","Allen Graves","TOR","PF"
"076tc","Keaton Wagler","LAC","SG"
"076td","Zuby Ejiofor","ATL","PF"
"076te","Kingston Flemings","ATL","PG"
"076tf","Chris Cenac","BOS","PF"
"076tg","Koa Peat","PHO","PF"
"076th","Christian Anderson","CHA","PG"
"076ti","Hannes Steinbach","CHA","PF"
"076tj","Joshua Jefferson","BKN","PF"
"076tk","Mikel Brown","BKN","PG"
"076tl","Brayden Burries","MIL","SG"
"076tm","Nate Ament","MIL","SF"
"076tp","Tre Donaldson","MIA","PG,SG"
"076tq","Ryan Conwell","MIA","SG"
"076tr","Jack Kayil","NY","PG"
"076ts","Tyler Nickel","NY","SF,PF"
"076tt","Ugonna Onyenso","DET","C"
"076tu","Felix Okpara","WAS","C"
"076tv","Jaden Bradley","TOR","PG"
"076tw","Nick Martinelli","LAC","SF,PF"
"076tx","Narcisse Ngoy","LAC","C"
"076ty","Baba Miller","LAC","SF"
"076tz","Trevon Brazile","DEN","PF"
"076u0","Bryce Hopkins","DEN","SF"
"076u1","Henri Veesaar","ATL","C"
"076u2","Dillon Mitchell","BOS","SF"
"076u3","Bruce Thornton","HOU","PG"
"076u4","Meleek Thomas","CLE","SG"
"076u5","Jaron Pierre","NO","SG"
"076u6","Braden Smith","IND","PG"
"076u7","Otega Oweh","OKC","SG"
"076u8","Josh Dix","OKC","SG"
"076u9","Izaiyah Nelson","ORL","PF"
"076ua","Lajae Jones","GS","PG,SG"
"076ub","Tobi Lawal","DAL","PF"
"076uc","Vsevolod Ishchenko","DAL","SG"
"076ud","Isaiah Evans","MIN","SG"
"076ue","Trey Kaufman-Renn","MIN","PF"
"076uf","Tyler Bilodeau","BKN","PF"
"076ug","Malique Lewis","MIL","PF"
"076uh","AK Okereke","LAL","SF,PF"
"076ui","Richie Saunders","MEM","SG"
"076uj","Emanuel Sharp","SAC","SG"
"076uk","Ja'Kobi Gillespie","SA","PG"
"076ul","Maliq Brown","SA","PF"
"076um","Quadir Copeland","HOU","PG"
"076un","Peter Suder","(N/A)","SG"
"076uo","Tobe Awaka","CHI","PF"
"076uq","Rafael Castro","HOU","C"
"076ur","Jaylin Sellers","CHI","PG"
"076ut","Carson Cooper","MEM","C"
"076v0","Ernest Udeh","CLE","C"
"076vc","Cameron Boozer","MEM","PF"
"076we","Michael Ajayi","CHA","SF"
"076wf","Kylan Boswell","CHA","PG"
"0779m","Alpha Diallo","DEN","SF"
"078ev","Terrell Brown","UTA","PG,SG"
"078g2","Kobe Stewart","(N/A)","SG"
"078v3","Malik Dia","NO","PF"
"078z1","Nate Bittle","TOR","C"
"07946","Trey Townsend","(N/A)","SF,PF"
"079yq","Cameron Hildreth","IND","PG,SG"
"079yr","Wade Taylor","IND","PG,SG"
"079ys","M.J. Iraldi","IND","SF,PF"
"079za","Caleb Grill","BOS","PG,SG"
