Year,Player ID,Player,Player Key,Team,Amount,Source
2021,03al0,Aaron Gordon,aaron gordon,Vancouver,19000000,Fantrax alumni salary snapshot
2021,04qs0,Aaron Holiday,aaron holiday,Manchester,1620564,Fantrax alumni salary snapshot
2021,05qt4,Aaron Nesmith,aaron nesmith,Birmingham,3000000,Fantrax alumni salary snapshot
2021,042oh,Abdel Nader,abdel nader,Anaheim,1517981,Fantrax alumni salary snapshot
2021,051pm,Admiral Schofield,admiral schofield,Birmingham,1445697,Fantrax alumni salary snapshot
2021,000zv,Al Horford,al horford,Lansing,12000000,Fantrax alumni salary snapshot
2021,027ov,Alec Burks,alec burks,Tampa Bay,2520000,Fantrax alumni salary snapshot
2021,05qud,Aleksej Pokusevski,aleksej pokusevski,Little Rock,4333335,Fantrax alumni salary snapshot
2021,0496e,Alex Caruso,alex caruso,Little Rock,3100000,Fantrax alumni salary snapshot
2021,031ls,Alex Len,alex len,Birmingham,1620563,Fantrax alumni salary snapshot
2021,04qsq,Alize Johnson,alize johnson,San Diego,1517981,Fantrax alumni salary snapshot
2021,02nf9,Andre Drummond,andre drummond,Providence,28000000,Fantrax alumni salary snapshot
2021,0018m,Andre Iguodala,andre iguodala,El Paso,5550000,Fantrax alumni salary snapshot
2021,031md,Andre Roberson,andre roberson,El Paso,1620564,Fantrax alumni salary snapshot
2021,02ym0,Andrew Wiggins,andrew wiggins,Boise,13131313,Fantrax alumni salary snapshot
2021,04qs1,Anfernee Simons,anfernee simons,Tulsa,4078450,Fantrax alumni salary snapshot
2021,02nf1,Anthony Davis,anthony davis,Vancouver,32742000,Fantrax alumni salary snapshot
2021,05qug,Anthony Edwards,anthony edwards,Tulsa,27285000,Fantrax alumni salary snapshot
2021,02yf5,Aron Baynes,aron baynes,Austin,11000000,Fantrax alumni salary snapshot
2021,02nfa,Austin Rivers,austin rivers,El Paso,5500000,Fantrax alumni salary snapshot
2021,01uyd,Avery Bradley,avery bradley,Columbus,3800000,Fantrax alumni salary snapshot
2021,04ewf,Bam Adebayo,bam adebayo,Anchorage,27285000,Fantrax alumni salary snapshot
2021,031lu,Ben McLemore,ben mclemore,Boise,1620564,Fantrax alumni salary snapshot
2021,03lg1,Ben Simmons,ben simmons,Jacksonville,27285000,Fantrax alumni salary snapshot
2021,027oq,Bismack Biyombo,bismack biyombo,Albuquerque,1620564,Fantrax alumni salary snapshot
2021,01enn,Blake Griffin,blake griffin,Austin,18925000,Fantrax alumni salary snapshot
2021,03scs,Boban Marjanovic,boban marjanovic,St. Louis,3600000,Fantrax alumni salary snapshot
2021,03nwn,Bobby Portis,bobby portis,Tampa Bay,1620564,Fantrax alumni salary snapshot
2021,03e6u,Bogdan Bogdanovic,bogdan bogdanovic,Albuquerque,20000000,Fantrax alumni salary snapshot
2021,027pg,Bojan Bogdanovic,bojan bogdanovic,San Diego,16000000,Fantrax alumni salary snapshot
2021,051po,Bol Bol,bol bol,Des Moines,1740000,Fantrax alumni salary snapshot
2021,02gxr,Brad Wanamaker,brad wanamaker,St. Louis,3600000,Fantrax alumni salary snapshot
2021,02nf3,Bradley Beal,bradley beal,Honolulu,32742000,Fantrax alumni salary snapshot
2021,051p1,Brandon Clarke,brandon clarke,Manchester,18000000,Fantrax alumni salary snapshot
2021,04w4b,Brandon Goodwin,brandon goodwin,San Diego,1517981,Fantrax alumni salary snapshot
2021,042n1,Brandon Ingram,brandon ingram,Jacksonville,27285000,Fantrax alumni salary snapshot
2021,005ki,Brook Lopez,brook lopez,Kentucky,16500000,Fantrax alumni salary snapshot
2021,04qsj,Bruce Brown,bruce brown,Honolulu,1620564,Fantrax alumni salary snapshot
2021,04847,Bryn Forbes,bryn forbes,Jacksonville,3919000,Fantrax alumni salary snapshot
2021,042n3,Buddy Hield,buddy hield,Vancouver,22000000,Fantrax alumni salary snapshot
2021,05quc,CJ Elleby,cj elleby,Kentucky,898310,Fantrax alumni salary snapshot
2021,031lx,CJ McCollum,cj mccollum,St. Louis,32742000,Fantrax alumni salary snapshot
2021,055qo,Caleb Martin,caleb martin,St. Louis,1445697,Fantrax alumni salary snapshot
2021,051oq,Cam Reddish,cam reddish,Little Rock,6158000,Fantrax alumni salary snapshot
2021,051or,Cameron Johnson,cameron johnson,Baltimore,6000070,Fantrax alumni salary snapshot
2021,03r7e,Cameron Payne,cameron payne,Baltimore,1620564,Fantrax alumni salary snapshot
2021,042nf,Caris LeVert,caris levert,Cincinnati,16000000,Fantrax alumni salary snapshot
2021,00129,Carmelo Anthony,carmelo anthony,Albuquerque,4500000,Fantrax alumni salary snapshot
2021,051pd,Carsen Edwards,carsen edwards,Birmingham,1445697,Fantrax alumni salary snapshot
2021,05qt8,Cassius Stanley,cassius stanley,Boise,898311,Fantrax alumni salary snapshot
2021,05qua,Cassius Winston,cassius winston,Kentucky,898310,Fantrax alumni salary snapshot
2021,03r7m,Cedi Osman,cedi osman,Albuquerque,2000000,Fantrax alumni salary snapshot
2021,04qrz,Chandler Hutchison,chandler hutchison,Vegas,1620564,Fantrax alumni salary snapshot
2021,03llu,Cheick Diallo,cheick diallo,Kentucky,1620564,Fantrax alumni salary snapshot
2021,04qsp,Chimezie Metu,chimezie metu,Kentucky,1620564,Fantrax alumni salary snapshot
2021,04fj8,Chris Boucher,chris boucher,Little Rock,3100000,Fantrax alumni salary snapshot
2021,0017e,Chris Paul,chris paul,Vegas,38199000,Fantrax alumni salary snapshot
2021,03nwq,Christian Wood,christian wood,Nashville,21000500,Fantrax alumni salary snapshot
2021,051ow,Chuma Okeke,chuma okeke,Honolulu,5500001,Fantrax alumni salary snapshot
2021,03e6s,Clint Capela,clint capela,Seattle,13743210,Fantrax alumni salary snapshot
2021,051on,Coby White,coby white,Boise,14515000,Fantrax alumni salary snapshot
2021,051pg,Cody Martin,cody martin,Lincoln,1517981,Fantrax alumni salary snapshot
2021,031lr,Cody Zeller,cody zeller,Tampa Bay,3200000,Fantrax alumni salary snapshot
2021,05qtl,Cole Anthony,cole anthony,Honolulu,5500001,Fantrax alumni salary snapshot
2021,04qrm,Collin Sexton,collin sexton,San Jose,12500000,Fantrax alumni salary snapshot
2021,027pf,Cory Joseph,cory joseph,Pittsburgh,2600000,Fantrax alumni salary snapshot
2021,03ad4,D'Angelo Russell,dangelo russell,Manchester,27285000,Fantrax alumni salary snapshot
2021,005kh,D.J. Augustin,dj augustin,Pittsburgh,4258000,Fantrax alumni salary snapshot
2021,04ewi,D.J. Wilson,dj wilson,Manchester,1620563,Fantrax alumni salary snapshot
2021,02nf6,Damian Lillard,damian lillard,Baltimore,32742000,Fantrax alumni salary snapshot
2021,0484l,Damion Lee,damion lee,Jacksonville,1678854,Fantrax alumni salary snapshot
2021,051pi,Daniel Gafford,daniel gafford,Honolulu,1600000,Fantrax alumni salary snapshot
2021,04hoo,Daniel Theis,daniel theis,Columbus,11333335,Fantrax alumni salary snapshot
2021,005ke,Danilo Gallinari,danilo gallinari,Vegas,20000000,Fantrax alumni salary snapshot
2021,01ena,Danny Green,danny green,Anaheim,12000000,Fantrax alumni salary snapshot
2021,04849,Danuel House,danuel house,Manchester,6200104,Fantrax alumni salary snapshot
2021,03acy,Dario Saric,dario saric,Seattle,4491550,Fantrax alumni salary snapshot
2021,051p3,Darius Bazley,darius bazley,Des Moines,5150000,Fantrax alumni salary snapshot
2021,051ol,Darius Garland,darius garland,Austin,3950000,Fantrax alumni salary snapshot
2021,02nga,Darius Miller,darius miller,Vegas,1517981,Fantrax alumni salary snapshot
2021,04aqo,David Nwaba,david nwaba,Nashville,1620564,Fantrax alumni salary snapshot
2021,027pt,Davis Bertans,davis bertans,Columbus,16500000,Fantrax alumni salary snapshot
2021,049kb,De'Aaron Fox,deaaron fox,St. Louis,27285000,Fantrax alumni salary snapshot
2021,051ok,De'Andre Hunter,deandre hunter,Pittsburgh,2962760,Fantrax alumni salary snapshot
2021,04qsm,De'Anthony Melton,deanthony melton,Lincoln,5855000,Fantrax alumni salary snapshot
2021,005l3,DeAndre Jordan,deandre jordan,Buffalo,3850000,Fantrax alumni salary snapshot
2021,042ng,DeAndre' Bembry,deandre bembry,Lincoln,2000000,Fantrax alumni salary snapshot
2021,01eon,DeMar DeRozan,demar derozan,Pittsburgh,38199000,Fantrax alumni salary snapshot
2021,01uz3,DeMarcus Cousins,demarcus cousins,Little Rock,3500000,Fantrax alumni salary snapshot
2021,0529c,Dean Wade,dean wade,Lincoln,1517981,Fantrax alumni salary snapshot
2021,049kd,Deandre Ayton,deandre ayton,Honolulu,27285000,Fantrax alumni salary snapshot
2021,042nq,Dejounte Murray,dejounte murray,Albuquerque,20000000,Fantrax alumni salary snapshot
2021,03r7h,Delon Wright,delon wright,Des Moines,3250000,Fantrax alumni salary snapshot
2021,05qtj,Deni Avdija,deni avdija,St. Louis,8200000,Fantrax alumni salary snapshot
2021,031m4,Dennis Schroder,dennis schroder,Birmingham,16000000,Fantrax alumni salary snapshot
2021,049s5,Dennis Smith,dennis smith,Albuquerque,1620564,Fantrax alumni salary snapshot
2021,042na,Denzel Valentine,denzel valentine,Vancouver,1620564,Fantrax alumni salary snapshot
2021,01uyt,Derrick Favors,derrick favors,Baltimore,3623000,Fantrax alumni salary snapshot
2021,048zt,Derrick Jones,derrick jones,Anaheim,6976878,Fantrax alumni salary snapshot
2021,005ka,Derrick Rose,derrick rose,Kentucky,12000000,Fantrax alumni salary snapshot
2021,04ewt,Derrick White,derrick white,Baltimore,12200000,Fantrax alumni salary snapshot
2021,05qt3,Desmond Bane,desmond bane,Tulsa,8000000,Fantrax alumni salary snapshot
2021,03nwm,Devin Booker,devin booker,Cincinnati,27285000,Fantrax alumni salary snapshot
2021,05qtr,Devin Vassell,devin vassell,Tampa Bay,3623000,Fantrax alumni salary snapshot
2021,04qsb,Devonte' Graham,devonte graham,Birmingham,18000000,Fantrax alumni salary snapshot
2021,04ex8,Dillon Brooks,dillon brooks,Lansing,7158000,Fantrax alumni salary snapshot
2021,042n7,Domantas Sabonis,domantas sabonis,Columbus,21000000,Fantrax alumni salary snapshot
2021,04ewe,Donovan Mitchell,donovan mitchell,San Jose,27285000,Fantrax alumni salary snapshot
2021,04qru,Donte DiVincenzo,donte divincenzo,Anaheim,8976878,Fantrax alumni salary snapshot
2021,043ib,Dorian Finney-Smith,dorian finney-smith,Boise,5753000,Fantrax alumni salary snapshot
2021,03avi,Doug McDermott,doug mcdermott,Buffalo,4450000,Fantrax alumni salary snapshot
2021,02nfz,Draymond Green,draymond green,Nashville,20000000,Fantrax alumni salary snapshot
2021,04xdu,Drew Eubanks,drew eubanks,Lansing,1620564,Fantrax alumni salary snapshot
2021,04s00,Duncan Robinson,duncan robinson,Boise,15000000,Fantrax alumni salary snapshot
2021,04ex3,Dwayne Bacon,dwayne bacon,Nashville,3000000,Fantrax alumni salary snapshot
2021,0018a,Dwight Howard,dwight howard,San Jose,1620564,Fantrax alumni salary snapshot
2021,03e79,Dwight Powell,dwight powell,Columbus,2867000,Fantrax alumni salary snapshot
2021,051p6,Dylan Windler,dylan windler,Vancouver,1445697,Fantrax alumni salary snapshot
2021,027q4,E'Twaun Moore,etwaun moore,Nashville,2331593,Fantrax alumni salary snapshot
2021,04exf,Edmond Sumner,edmond sumner,Des Moines,1517981,Fantrax alumni salary snapshot
2021,03e6m,Elfrid Payton,elfrid payton,Albuquerque,5000000,Fantrax alumni salary snapshot
2021,05qta,Elijah Hughes,elijah hughes,Manchester,898310,Fantrax alumni salary snapshot
2021,027p2,Enes Kanter,enes kanter,Boise,2331594,Fantrax alumni salary snapshot
2021,01uyx,Eric Bledsoe,eric bledsoe,Lansing,20000000,Fantrax alumni salary snapshot
2021,005kf,Eric Gordon,eric gordon,Nashville,9000000,Fantrax alumni salary snapshot
2021,051pl,Eric Paschall,eric paschall,Austin,2270000,Fantrax alumni salary snapshot
2021,01g61,Ersan Ilyasova,ersan ilyasova,Anchorage,1517981,Fantrax alumni salary snapshot
2021,02nfk,Evan Fournier,evan fournier,Buffalo,9510000,Fantrax alumni salary snapshot
2021,05qv8,Facundo Campazzo,facundo campazzo,St. Louis,1000000,Fantrax alumni salary snapshot
2021,04ewv,Frank Jackson,frank jackson,Manchester,1620564,Fantrax alumni salary snapshot
2021,04848,Fred VanVleet,fred vanvleet,Pittsburgh,27285000,Fantrax alumni salary snapshot
2021,042nl,Furkan Korkmaz,furkan korkmaz,Seattle,1620564,Fantrax alumni salary snapshot
2021,05g3q,Gabe Vincent,gabe vincent,Providence,1517981,Fantrax alumni salary snapshot
2021,01ng2,Garrett Temple,garrett temple,Cincinnati,1620564,Fantrax alumni salary snapshot
2021,052fs,Garrison Mathews,garrison mathews,St. Louis,1445697,Fantrax alumni salary snapshot
2021,04ug6,Gary Clark,gary clark,Nashville,1620564,Fantrax alumni salary snapshot
2021,03apx,Gary Harris,gary harris,Baltimore,7200000,Fantrax alumni salary snapshot
2021,04qse,Gary Trent,gary trent,Manchester,5500000,Fantrax alumni salary snapshot
2021,005ll,George Hill,george hill,San Diego,7000000,Fantrax alumni salary snapshot
2021,042o9,Georges Niang,georges niang,Vegas,1620564,Fantrax alumni salary snapshot
2021,031m2,Giannis Antetokounmpo,giannis antetokounmpo,Boise,32742000,Fantrax alumni salary snapshot
2021,03aqc,Glenn Robinson,glenn robinson,Nashville,3000001,Fantrax alumni salary snapshot
2021,051oy,Goga Bitadze,goga bitadze,Lincoln,2500000,Fantrax alumni salary snapshot
2021,005lm,Goran Dragic,goran dragic,Lincoln,18000000,Fantrax alumni salary snapshot
2021,01uz7,Gordon Hayward,gordon hayward,El Paso,38199000,Fantrax alumni salary snapshot
2021,031m8,Gorgui Dieng,gorgui dieng,Little Rock,1620564,Fantrax alumni salary snapshot
2021,05qtp,Grant Riller,grant riller,St. Louis,898310,Fantrax alumni salary snapshot
2021,051p2,Grant Williams,grant williams,Honolulu,2694931,Fantrax alumni salary snapshot
2021,04qry,Grayson Allen,grayson allen,Jacksonville,1790000,Fantrax alumni salary snapshot
2021,049sa,Hamidou Diallo,hamidou diallo,Tulsa,1620564,Fantrax alumni salary snapshot
2021,02nf7,Harrison Barnes,harrison barnes,Cincinnati,7158000,Fantrax alumni salary snapshot
2021,03xmw,Harry Giles,harry giles,Birmingham,3500000,Fantrax alumni salary snapshot
2021,01uz4,Hassan Whiteside,hassan whiteside,Cincinnati,11500000,Fantrax alumni salary snapshot
2021,051pr,Ignas Brazdeikis,ignas brazdeikis,San Diego,1445697,Fantrax alumni salary snapshot
2021,05qu9,Immanuel Quickley,immanuel quickley,Anchorage,2100000,Fantrax alumni salary snapshot
2021,05qsk,Isaac Okoro,isaac okoro,Little Rock,2450000,Fantrax alumni salary snapshot
2021,04ex6,Isaiah Hartenstein,isaiah hartenstein,Cincinnati,1517981,Fantrax alumni salary snapshot
2021,05qsp,Isaiah Joe,isaiah joe,Manchester,898310,Fantrax alumni salary snapshot
2021,051pp,Isaiah Roby,isaiah roby,Seattle,1517981,Fantrax alumni salary snapshot
2021,05qub,Isaiah Stewart,isaiah stewart,Seattle,2650000,Fantrax alumni salary snapshot
2021,027q9,Isaiah Thomas,isaiah thomas,San Jose,2350000,Fantrax alumni salary snapshot
2021,0201u,Ish Smith,ish smith,Little Rock,1620564,Fantrax alumni salary snapshot
2021,042nt,Ivica Zubac,ivica zubac,Boise,11648314,Fantrax alumni salary snapshot
2021,0018d,JJ Redick,jj redick,Vegas,7152830,Fantrax alumni salary snapshot
2021,051oi,Ja Morant,ja morant,Little Rock,27285000,Fantrax alumni salary snapshot
2021,03927,JaMychal Green,jamychal green,San Jose,2350000,Fantrax alumni salary snapshot
2021,005lx,JaVale McGee,javale mcgee,Albuquerque,1620564,Fantrax alumni salary snapshot
2021,02v2t,Jabari Parker,jabari parker,Anchorage,4350000,Fantrax alumni salary snapshot
2021,05qu0,Jaden McDaniels,jaden mcdaniels,Albuquerque,898310,Fantrax alumni salary snapshot
2021,02nfy,Jae Crowder,jae crowder,Vegas,9258000,Fantrax alumni salary snapshot
2021,05qve,Jae'Sean Tate,jaesean tate,Anaheim,898310,Fantrax alumni salary snapshot
2021,03ad1,Jahlil Okafor,jahlil okafor,Anchorage,1620564,Fantrax alumni salary snapshot
2021,05qtx,Jahmi'us Ramsey,jahmius ramsey,Lincoln,898310,Fantrax alumni salary snapshot
2021,042o6,Jake Layman,jake layman,Jacksonville,1620564,Fantrax alumni salary snapshot
2021,042n6,Jakob Poeltl,jakob poeltl,Little Rock,3100000,Fantrax alumni salary snapshot
2021,04qsa,Jalen Brunson,jalen brunson,Albuquerque,1620564,Fantrax alumni salary snapshot
2021,0524h,Jalen Lecque,jalen lecque,Kentucky,1445697,Fantrax alumni salary snapshot
2021,051pw,Jalen McDaniels,jalen mcdaniels,Tulsa,2000000,Fantrax alumni salary snapshot
2021,05qty,Jalen Smith,jalen smith,Baltimore,3358000,Fantrax alumni salary snapshot
2021,042n4,Jamal Murray,jamal murray,Seattle,27285000,Fantrax alumni salary snapshot
2021,031n0,James Ennis,james ennis,Buffalo,1620564,Fantrax alumni salary snapshot
2021,01eo6,James Harden,james harden,Lansing,38199000,Fantrax alumni salary snapshot
2021,01en7,James Johnson,james johnson,Buffalo,1620564,Fantrax alumni salary snapshot
2021,05qu1,James Wiseman,james wiseman,San Diego,22500000,Fantrax alumni salary snapshot
2021,04qrj,Jaren Jackson,jaren jackson,Honolulu,27285000,Fantrax alumni salary snapshot
2021,04qsi,Jarred Vanderbilt,jarred vanderbilt,Manchester,1517981,Fantrax alumni salary snapshot
2021,04ewm,Jarrett Allen,jarrett allen,Anaheim,9333333,Fantrax alumni salary snapshot
2021,051om,Jarrett Culver,jarrett culver,Vancouver,9000000,Fantrax alumni salary snapshot
2021,051oo,Jaxson Hayes,jaxson hayes,Lansing,5000000,Fantrax alumni salary snapshot
2021,03lls,Jaylen Brown,jaylen brown,Albuquerque,27285000,Fantrax alumni salary snapshot
2021,0522u,Jaylen Hoard,jaylen hoard,Boise,1517981,Fantrax alumni salary snapshot
2021,051pn,Jaylen Nowell,jaylen nowell,Providence,1517981,Fantrax alumni salary snapshot
2021,03xmv,Jayson Tatum,jayson tatum,Des Moines,27285000,Fantrax alumni salary snapshot
2021,001ax,Jeff Green,jeff green,Baltimore,3623000,Fantrax alumni salary snapshot
2021,01en2,Jeff Teague,jeff teague,Des Moines,2564753,Fantrax alumni salary snapshot
2021,03aq2,Jerami Grant,jerami grant,Tampa Bay,6510000,Fantrax alumni salary snapshot
2021,02nfc,Jeremy Lamb,jeremy lamb,Tampa Bay,3675000,Fantrax alumni salary snapshot
2021,04qrq,Jerome Robinson,jerome robinson,Columbus,1620564,Fantrax alumni salary snapshot
2021,04qs9,Jevon Carter,jevon carter,Vegas,1620564,Fantrax alumni salary snapshot
2021,027pe,Jimmy Butler,jimmy butler,Nashville,32742000,Fantrax alumni salary snapshot
2021,03e6z,Joe Harris,joe harris,Tampa Bay,14100000,Fantrax alumni salary snapshot
2021,03kqi,Joe Ingles,joe ingles,Pittsburgh,15000000,Fantrax alumni salary snapshot
2021,03al2,Joel Embiid,joel embiid,Seattle,27285000,Fantrax alumni salary snapshot
2021,04ewk,John Collins,john collins,Tulsa,27285000,Fantrax alumni salary snapshot
2021,05293,John Konchar,john konchar,Austin,1445697,Fantrax alumni salary snapshot
2021,01sc8,John Wall,john wall,Birmingham,38199000,Fantrax alumni salary snapshot
2021,027oo,Jonas Valanciunas,jonas valanciunas,Lansing,20000000,Fantrax alumni salary snapshot
2021,04ewb,Jonathan Isaac,jonathan isaac,Lincoln,11000000,Fantrax alumni salary snapshot
2021,05gwp,Jontay Porter,jontay porter,Anchorage,1517981,Fantrax alumni salary snapshot
2021,03byk,Jordan Clarkson,jordan clarkson,Tampa Bay,4200000,Fantrax alumni salary snapshot
2021,04xhz,Jordan McLaughlin,jordan mclaughlin,Columbus,1445697,Fantrax alumni salary snapshot
2021,05qt6,Jordan Nwora,jordan nwora,Jacksonville,1300000,Fantrax alumni salary snapshot
2021,051p8,Jordan Poole,jordan poole,Lansing,1600000,Fantrax alumni salary snapshot
2021,05qti,Josh Green,josh green,San Diego,898310,Fantrax alumni salary snapshot
2021,04ewu,Josh Hart,josh hart,Boise,3950000,Fantrax alumni salary snapshot
2021,03llx,Josh Jackson,josh jackson,Tulsa,3000000,Fantrax alumni salary snapshot
2021,04qrx,Josh Okogie,josh okogie,Columbus,2500000,Fantrax alumni salary snapshot
2021,03r7u,Josh Richardson,josh richardson,Austin,14300000,Fantrax alumni salary snapshot
2021,01eo9,Jrue Holiday,jrue holiday,Des Moines,38199000,Fantrax alumni salary snapshot
2021,059q7,Juan Toscano-Anderson,juan toscano-anderson,Des Moines,1517981,Fantrax alumni salary snapshot
2021,042nb,Juancho Hernangomez,juancho hernangomez,Jacksonville,3200000,Fantrax alumni salary snapshot
2021,03ajv,Julius Randle,julius randle,Tampa Bay,7158000,Fantrax alumni salary snapshot
2021,02x1k,Justin Holiday,justin holiday,Anaheim,2500000,Fantrax alumni salary snapshot
2021,03nwi,Justise Winslow,justise winslow,Manchester,3623000,Fantrax alumni salary snapshot
2021,03e6n,Jusuf Nurkic,jusuf nurkic,Vegas,17500000,Fantrax alumni salary snapshot
2021,058a2,Juwan Morgan,juwan morgan,El Paso,1445697,Fantrax alumni salary snapshot
2021,051pc,KZ Okpala,kz okpala,Birmingham,1445697,Fantrax alumni salary snapshot
2021,03ad3,Karl-Anthony Towns,karl-anthony towns,Anchorage,27285000,Fantrax alumni salary snapshot
2021,027oz,Kawhi Leonard,kawhi leonard,Seattle,32742000,Fantrax alumni salary snapshot
2021,051p9,Keldon Johnson,keldon johnson,Jacksonville,3623000,Fantrax alumni salary snapshot
2021,031m0,Kelly Olynyk,kelly olynyk,Lansing,3000000,Fantrax alumni salary snapshot
2021,03nwk,Kelly Oubre Jr.,kelly oubre,Buffalo,9258000,Fantrax alumni salary snapshot
2021,027os,Kemba Walker,kemba walker,San Diego,30000000,Fantrax alumni salary snapshot
2021,04xgj,Kendrick Nunn,kendrick nunn,Cincinnati,3000000,Fantrax alumni salary snapshot
2021,04t8w,Kenrich Williams,kenrich williams,Tampa Bay,1517981,Fantrax alumni salary snapshot
2021,02qe4,Kent Bazemore,kent bazemore,Seattle,2106470,Fantrax alumni salary snapshot
2021,031lv,Kentavious Caldwell-Pope,kentavious caldwell-pope,Kentucky,9258000,Fantrax alumni salary snapshot
2021,05qym,Kenyon Martin,kenyon martin,Pittsburgh,898310,Fantrax alumni salary snapshot
2021,001aw,Kevin Durant,kevin durant,Tampa Bay,38199000,Fantrax alumni salary snapshot
2021,04qrw,Kevin Huerter,kevin huerter,Seattle,1620564,Fantrax alumni salary snapshot
2021,049kh,Kevin Knox,kevin knox,Manchester,1620564,Fantrax alumni salary snapshot
2021,005kd,Kevin Love,kevin love,Lincoln,14250000,Fantrax alumni salary snapshot
2021,051pa,Kevin Porter,kevin porter,Honolulu,4200001,Fantrax alumni salary snapshot
2021,03ad7,Kevon Looney,kevon looney,Birmingham,1620564,Fantrax alumni salary snapshot
2021,03kdj,Khem Birch,khem birch,San Jose,1517981,Fantrax alumni salary snapshot
2021,02ng3,Khris Middleton,khris middleton,Albuquerque,32742000,Fantrax alumni salary snapshot
2021,05qt9,Killian Hayes,killian hayes,Vancouver,8000000,Fantrax alumni salary snapshot
2021,05qwu,Killian Tillie,killian tillie,Kentucky,898310,Fantrax alumni salary snapshot
2021,05qtc,Kira Lewis,kira lewis,Jacksonville,6410000,Fantrax alumni salary snapshot
2021,027ou,Klay Thompson,klay thompson,Providence,16500000,Fantrax alumni salary snapshot
2021,042n2,Kris Dunn,kris dunn,Nashville,1737145,Fantrax alumni salary snapshot
2021,03el5,Kristaps Porzingis,kristaps porzingis,St. Louis,27285000,Fantrax alumni salary snapshot
2021,03aq3,Kyle Anderson,kyle anderson,Vegas,2028594,Fantrax alumni salary snapshot
2021,04ewr,Kyle Kuzma,kyle kuzma,San Jose,9258000,Fantrax alumni salary snapshot
2021,0015b,Kyle Lowry,kyle lowry,Columbus,31500000,Fantrax alumni salary snapshot
2021,027oj,Kyrie Irving,kyrie irving,Buffalo,32742000,Fantrax alumni salary snapshot
2021,0019g,LaMarcus Aldridge,lamarcus aldridge,Pittsburgh,20000000,Fantrax alumni salary snapshot
2021,05qto,LaMelo Ball,lamelo ball,Lincoln,27285000,Fantrax alumni salary snapshot
2021,04qs3,Landry Shamet,landry shamet,Vancouver,6500000,Fantrax alumni salary snapshot
2021,03k50,Langston Galloway,langston galloway,Nashville,3000000,Fantrax alumni salary snapshot
2021,03r7l,Larry Nance,larry nance,Cincinnati,3623000,Fantrax alumni salary snapshot
2021,04azw,Lauri Markkanen,lauri markkanen,Little Rock,11100000,Fantrax alumni salary snapshot
2021,0011e,LeBron James,lebron james,Buffalo,38199000,Fantrax alumni salary snapshot
2021,05qsw,Leandro Bolmaro,leandro bolmaro,Honolulu,900000,Fantrax alumni salary snapshot
2021,04qrv,Lonnie Walker,lonnie walker,Columbus,1758000,Fantrax alumni salary snapshot
2021,049ka,Lonzo Ball,lonzo ball,Baltimore,17500000,Fantrax alumni salary snapshot
2021,0018n,Lou Williams,lou williams,Kentucky,11000000,Fantrax alumni salary snapshot
2021,0527l,Luguentz Dort,luguentz dort,Little Rock,2812456,Fantrax alumni salary snapshot
2021,04kj6,Luka Doncic,luka doncic,Providence,27285000,Fantrax alumni salary snapshot
2021,051oz,Luka Samanic,luka samanic,Lansing,1500000,Fantrax alumni salary snapshot
2021,04ewd,Luke Kennard,luke kennard,Providence,9600000,Fantrax alumni salary snapshot
2021,04jwb,Luke Kornet,luke kornet,El Paso,1620564,Fantrax alumni salary snapshot
2021,05qsn,Malachi Flynn,malachi flynn,Little Rock,3050000,Fantrax alumni salary snapshot
2021,042nw,Malcolm Brogdon,malcolm brogdon,Kentucky,26666667,Fantrax alumni salary snapshot
2021,042ne,Malik Beasley,malik beasley,Jacksonville,5535000,Fantrax alumni salary snapshot
2021,049kc,Malik Monk,malik monk,Honolulu,2000000,Fantrax alumni salary snapshot
2021,004zd,Marc Gasol,marc gasol,El Paso,10000000,Fantrax alumni salary snapshot
2021,027oy,Marcus Morris,marcus morris,San Jose,5500000,Fantrax alumni salary snapshot
2021,03al1,Marcus Smart,marcus smart,Nashville,26000001,Fantrax alumni salary snapshot
2021,049s6,Markelle Fultz,markelle fultz,Austin,5680000,Fantrax alumni salary snapshot
2021,027ox,Markieff Morris,markieff morris,San Jose,2331593,Fantrax alumni salary snapshot
2021,042n5,Marquese Chriss,marquese chriss,Anchorage,2300000,Fantrax alumni salary snapshot
2021,049ki,Marvin Bagley,marvin bagley,Manchester,11000210,Fantrax alumni salary snapshot
2021,031m9,Mason Plumlee,mason plumlee,Anaheim,2898311,Fantrax alumni salary snapshot
2021,051p0,Matisse Thybulle,matisse thybulle,Birmingham,7750000,Fantrax alumni salary snapshot
2021,052q1,Matt Thomas,matt thomas,Lincoln,1445697,Fantrax alumni salary snapshot
2021,038og,Matthew Dellavedova,matthew dellavedova,El Paso,1620564,Fantrax alumni salary snapshot
2021,02nff,Maurice Harkless,maurice harkless,Des Moines,1620564,Fantrax alumni salary snapshot
2021,0558t,Max Strus,max strus,San Diego,1517981,Fantrax alumni salary snapshot
2021,04jw4,Maxi Kleber,maxi kleber,Anaheim,9333335,Fantrax alumni salary snapshot
2021,031ly,Michael Carter-Williams,michael carter-williams,Lansing,3700000,Fantrax alumni salary snapshot
2021,04qrr,Michael Porter,michael porter,Jacksonville,14601000,Fantrax alumni salary snapshot
2021,04qrn,Mikal Bridges,mikal bridges,Tulsa,24000000,Fantrax alumni salary snapshot
2021,0015e,Mike Conley,mike conley,Tampa Bay,7500000,Fantrax alumni salary snapshot
2021,031mu,Mike Muscala,mike muscala,San Diego,1517981,Fantrax alumni salary snapshot
2021,02ng7,Mike Scott,mike scott,Little Rock,1517981,Fantrax alumni salary snapshot
2021,04qrp,Miles Bridges,miles bridges,Seattle,3623000,Fantrax alumni salary snapshot
2021,04qsd,Mitchell Robinson,mitchell robinson,Cincinnati,19250000,Fantrax alumni salary snapshot
2021,051q2,Miye Oni,miye oni,Anaheim,1445697,Fantrax alumni salary snapshot
2021,049kf,Mo Bamba,mo bamba,Tulsa,3550000,Fantrax alumni salary snapshot
2021,04exe,Monte Morris,monte morris,Vancouver,3623000,Fantrax alumni salary snapshot
2021,03byg,Montrezl Harrell,montrezl harrell,Tulsa,27285000,Fantrax alumni salary snapshot
2021,04qs2,Moritz Wagner,moritz wagner,Albuquerque,1620564,Fantrax alumni salary snapshot
2021,0598b,Moses Brown,moses brown,Buffalo,1517981,Fantrax alumni salary snapshot
2021,059ft,Mychal Mulder,mychal mulder,Vegas,1517981,Fantrax alumni salary snapshot
2021,05qsv,Myles Powell,myles powell,Manchester,1517981,Fantrax alumni salary snapshot
2021,03ad2,Myles Turner,myles turner,Jacksonville,14700000,Fantrax alumni salary snapshot
2021,051p5,Nassir Little,nassir little,Birmingham,1445697,Fantrax alumni salary snapshot
2021,0527h,Naz Reid,naz reid,Vancouver,1445697,Fantrax alumni salary snapshot
2021,01uz9,Nemanja Bjelica,nemanja bjelica,Buffalo,2500000,Fantrax alumni salary snapshot
2021,031lt,Nerlens Noel,nerlens noel,Anaheim,2898311,Fantrax alumni salary snapshot
2021,051ox,Nickeil Alexander-Walker,nickeil alexander-walker,Buffalo,2850000,Fantrax alumni salary snapshot
2021,05qu3,Nico Mannion,nico mannion,Tulsa,898310,Fantrax alumni salary snapshot
2021,005l0,Nicolas Batum,nicolas batum,Buffalo,1620564,Fantrax alumni salary snapshot
2021,051pb,Nicolas Claxton,nicolas claxton,Honolulu,1500000,Fantrax alumni salary snapshot
2021,03e75,Nikola Jokic,nikola jokic,Tampa Bay,27285000,Fantrax alumni salary snapshot
2021,027p0,Nikola Vucevic,nikola vucevic,Kentucky,32742000,Fantrax alumni salary snapshot
2021,03r7z,Norman Powell,norman powell,Seattle,4550000,Fantrax alumni salary snapshot
2021,04ewn,OG Anunoby,og anunoby,Anaheim,19001000,Fantrax alumni salary snapshot
2021,05qsx,Obi Toppin,obi toppin,Austin,11750000,Fantrax alumni salary snapshot
2021,05qtt,Onyeka Okongwu,onyeka okongwu,Kentucky,3623000,Fantrax alumni salary snapshot
2021,031lq,Otto Porter,otto porter,Birmingham,12100000,Fantrax alumni salary snapshot
2021,02q81,P.J. Tucker,pj tucker,Anchorage,12600000,Fantrax alumni salary snapshot
2021,051os,P.J. Washington,pj washington,Austin,6350000,Fantrax alumni salary snapshot
2021,04ik2,PJ Dozier,pj dozier,Baltimore,1620564,Fantrax alumni salary snapshot
2021,042nm,Pascal Siakam,pascal siakam,Cincinnati,27285000,Fantrax alumni salary snapshot
2021,03r7v,Pat Connaughton,pat connaughton,Des Moines,1620564,Fantrax alumni salary snapshot
2021,01ens,Patrick Beverley,patrick beverley,Manchester,7850000,Fantrax alumni salary snapshot
2021,042ny,Patrick McCaw,patrick mccaw,Providence,1620564,Fantrax alumni salary snapshot
2021,01scu,Patrick Patterson,patrick patterson,Anchorage,1517981,Fantrax alumni salary snapshot
2021,05qsl,Patrick Williams,patrick williams,Lincoln,8500000,Fantrax alumni salary snapshot
2021,01eog,Patty Mills,patty mills,Vancouver,1620564,Fantrax alumni salary snapshot
2021,01uyj,Paul George,paul george,Des Moines,38199000,Fantrax alumni salary snapshot
2021,001bo,Paul Millsap,paul millsap,Anchorage,10000000,Fantrax alumni salary snapshot
2021,05qst,Paul Reed,paul reed,Pittsburgh,898310,Fantrax alumni salary snapshot
2021,04xlm,Paul Watson,paul watson,St. Louis,1445697,Fantrax alumni salary snapshot
2021,05qt1,Payton Pritchard,payton pritchard,Boise,925000,Fantrax alumni salary snapshot
2021,05qtm,Precious Achiuwa,precious achiuwa,San Jose,3000000,Fantrax alumni salary snapshot
2021,03xh1,Quinn Cook,quinn cook,El Paso,1620564,Fantrax alumni salary snapshot
2021,05qt5,R.J. Hampton,rj hampton,San Diego,3500000,Fantrax alumni salary snapshot
2021,051oj,RJ Barrett,rj barrett,Honolulu,5000000,Fantrax alumni salary snapshot
2021,00107,Rajon Rondo,rajon rondo,Cincinnati,1620564,Fantrax alumni salary snapshot
2021,031mc,Reggie Bullock,reggie bullock,Nashville,1620564,Fantrax alumni salary snapshot
2021,027p9,Reggie Jackson,reggie jackson,Lansing,1620564,Fantrax alumni salary snapshot
2021,05qsz,Reggie Perry,reggie perry,Providence,898310,Fantrax alumni salary snapshot
2021,03r7r,Richaun Holmes,richaun holmes,Des Moines,1620564,Fantrax alumni salary snapshot
2021,01enw,Ricky Rubio,ricky rubio,Boise,10000000,Fantrax alumni salary snapshot
2021,038xi,Robert Covington,robert covington,Anaheim,16000000,Fantrax alumni salary snapshot
2021,04qs4,Robert Williams,robert williams,Anchorage,1620564,Fantrax alumni salary snapshot
2021,05qtw,Robert Woodard,robert woodard,Providence,898310,Fantrax alumni salary snapshot
2021,005le,Robin Lopez,robin lopez,Vegas,1517981,Fantrax alumni salary snapshot
2021,03apy,Rodney Hood,rodney hood,El Paso,1620564,Fantrax alumni salary snapshot
2021,051ou,Romeo Langford,romeo langford,San Diego,1800000,Fantrax alumni salary snapshot
2021,03r7i,Rondae Hollis-Jefferson,rondae hollis-jefferson,Honolulu,2750000,Fantrax alumni salary snapshot
2021,04jwd,Royce O'Neale,royce oneale,Baltimore,5900000,Fantrax alumni salary snapshot
2021,0015a,Rudy Gay,rudy gay,Pittsburgh,5000000,Fantrax alumni salary snapshot
2021,02xg9,Rudy Gobert,rudy gobert,Anaheim,32742000,Fantrax alumni salary snapshot
2021,051op,Rui Hachimura,rui hachimura,Boise,5125000,Fantrax alumni salary snapshot
2021,005kc,Russell Westbrook,russell westbrook,El Paso,38199000,Fantrax alumni salary snapshot
2021,043un,Ryan Arcidiacono,ryan arcidiacono,Columbus,1517981,Fantrax alumni salary snapshot
2021,05qu4,Saben Lee,saben lee,Honolulu,1517981,Fantrax alumni salary snapshot
2021,05qt0,Saddiq Bey,saddiq bey,Vancouver,2100000,Fantrax alumni salary snapshot
2021,05qtb,Sam Merrill,sam merrill,Providence,898310,Fantrax alumni salary snapshot
2021,051ov,Sekou Doumbouya,sekou doumbouya,Austin,1700000,Fantrax alumni salary snapshot
2021,04ex0,Semi Ojeleye,semi ojeleye,Lansing,1517981,Fantrax alumni salary snapshot
2021,005lo,Serge Ibaka,serge ibaka,El Paso,10000000,Fantrax alumni salary snapshot
2021,038ia,Seth Curry,seth curry,Vancouver,12000000,Fantrax alumni salary snapshot
2021,04qro,Shai Gilgeous-Alexander,shai gilgeous-alexander,Cincinnati,27285000,Fantrax alumni salary snapshot
2021,04qsu,Shake Milton,shake milton,Seattle,3000000,Fantrax alumni salary snapshot
2021,031ma,Solomon Hill,solomon hill,Birmingham,1517981,Fantrax alumni salary snapshot
2021,03e74,Spencer Dinwiddie,spencer dinwiddie,San Diego,20000000,Fantrax alumni salary snapshot
2021,03nwj,Stanley Johnson,stanley johnson,Boise,1517981,Fantrax alumni salary snapshot
2021,01enh,Stephen Curry,stephen curry,Little Rock,38199000,Fantrax alumni salary snapshot
2021,04ex9,Sterling Brown,sterling brown,Des Moines,1620564,Fantrax alumni salary snapshot
2021,031lz,Steven Adams,steven adams,Tampa Bay,12500000,Fantrax alumni salary snapshot
2021,04qsn,Svi Mykhailiuk,svi mykhailiuk,Lansing,2760000,Fantrax alumni salary snapshot
2021,03wr4,T.J. McConnell,tj mcconnell,Anaheim,3150000,Fantrax alumni salary snapshot
2021,03bxn,T.J. Warren,tj warren,Manchester,20000000,Fantrax alumni salary snapshot
2021,0558u,Tacko Fall,tacko fall,Providence,1517981,Fantrax alumni salary snapshot
2021,01en8,Taj Gibson,taj gibson,Buffalo,1517981,Fantrax alumni salary snapshot
2021,051pq,Talen Horton-Tucker,talen horton-tucker,St. Louis,1620564,Fantrax alumni salary snapshot
2021,042n8,Taurean Prince,taurean prince,Pittsburgh,3623000,Fantrax alumni salary snapshot
2021,051ps,Terance Mann,terance mann,Lincoln,1900000,Fantrax alumni salary snapshot
2021,056aq,Terence Davis,terence davis,St. Louis,7750000,Fantrax alumni salary snapshot
2021,02nf8,Terrence Ross,terrence ross,Jacksonville,4115000,Fantrax alumni salary snapshot
2021,03nwl,Terry Rozier,terry rozier,Austin,5450000,Fantrax alumni salary snapshot
2021,0018r,Thaddeus Young,thaddeus young,El Paso,3758000,Fantrax alumni salary snapshot
2021,03e7e,Thanasis Antetokounmpo,thanasis antetokounmpo,Columbus,1517981,Fantrax alumni salary snapshot
2021,05qsr,Theo Maledon,theo maledon,Vegas,898310,Fantrax alumni salary snapshot
2021,04ex5,Thomas Bryant,thomas bryant,Anchorage,8200000,Fantrax alumni salary snapshot
2021,031mb,Tim Hardaway,tim hardaway,Providence,10500000,Fantrax alumni salary snapshot
2021,042nj,Timothe Luwawu-Cabarrot,timothe luwawu-cabarrot,San Jose,1737145,Fantrax alumni salary snapshot
2021,027p4,Tobias Harris,tobias harris,Vegas,20000000,Fantrax alumni salary snapshot
2021,02nfw,Tomas Satoransky,tomas satoransky,Providence,6758000,Fantrax alumni salary snapshot
2021,04ews,Tony Bradley,tony bradley,El Paso,1620564,Fantrax alumni salary snapshot
2021,031m7,Tony Snell,tony snell,Jacksonville,1517981,Fantrax alumni salary snapshot
2021,04jw5,Torrey Craig,torrey craig,Austin,1620564,Fantrax alumni salary snapshot
2021,04qrk,Trae Young,trae young,San Jose,27285000,Fantrax alumni salary snapshot
2021,05qtq,Tre Jones,tre jones,Pittsburgh,898310,Fantrax alumni salary snapshot
2021,0014u,Trevor Ariza,trevor ariza,Columbus,1620564,Fantrax alumni salary snapshot
2021,031lw,Trey Burke,trey burke,Pittsburgh,3800000,Fantrax alumni salary snapshot
2021,03ad5,Trey Lyles,trey lyles,Vancouver,1620564,Fantrax alumni salary snapshot
2021,027om,Tristan Thompson,tristan thompson,San Jose,7000000,Fantrax alumni salary snapshot
2021,04qrs,Troy Brown,troy brown,Columbus,2000000,Fantrax alumni salary snapshot
2021,051p4,Ty Jerome,ty jerome,Buffalo,1517981,Fantrax alumni salary snapshot
2021,05qss,Tyler Bey,tyler bey,Kentucky,898310,Fantrax alumni salary snapshot
2021,051ot,Tyler Herro,tyler herro,Austin,24500000,Fantrax alumni salary snapshot
2021,03hz1,Tyler Johnson,tyler johnson,Cincinnati,1517981,Fantrax alumni salary snapshot
2021,05qth,Tyrell Terry,tyrell terry,Lincoln,4880000,Fantrax alumni salary snapshot
2021,05qtv,Tyrese Haliburton,tyrese haliburton,Anchorage,10000000,Fantrax alumni salary snapshot
2021,05qsq,Tyrese Maxey,tyrese maxey,Lincoln,6000000,Fantrax alumni salary snapshot
2021,03ad0,Tyus Jones,tyus jones,Seattle,1958000,Fantrax alumni salary snapshot
2021,05qu5,Udoka Azubuike,udoka azubuike,Vegas,1517981,Fantrax alumni salary snapshot
2021,05qtn,Vernon Carey,vernon carey,Vancouver,898310,Fantrax alumni salary snapshot
2021,031lp,Victor Oladipo,victor oladipo,Buffalo,22500000,Fantrax alumni salary snapshot
2021,01eny,Wayne Ellington,wayne ellington,Des Moines,1517981,Fantrax alumni salary snapshot
2021,04qrl,Wendell Carter,wendell carter,Austin,9258000,Fantrax alumni salary snapshot
2021,01ngg,Wesley Matthews,wesley matthews,San Diego,1620564,Fantrax alumni salary snapshot
2021,02ng4,Will Barton,will barton,Des Moines,4750000,Fantrax alumni salary snapshot
2021,03r7p,Willy Hernangomez,willy hernangomez,Cincinnati,1517981,Fantrax alumni salary snapshot
2021,05qtf,Xavier Tillman,xavier tillman,Lincoln,2000000,Fantrax alumni salary snapshot
2021,04xhy,Yuta Watanabe,yuta watanabe,Baltimore,1517981,Fantrax alumni salary snapshot
2021,04ewc,Zach Collins,zach collins,Kentucky,2841473,Fantrax alumni salary snapshot
2021,03ams,Zach LaVine,zach lavine,San Jose,25000000,Fantrax alumni salary snapshot
2021,05quh,Zeke Nnaji,zeke nnaji,Baltimore,898310,Fantrax alumni salary snapshot
2021,051oh,Zion Williamson,zion williamson,Baltimore,27285000,Fantrax alumni salary snapshot
2022,03al0,Aaron Gordon,aaron gordon,Tulsa,19950000,Fantrax alumni salary snapshot
2022,04qs0,Aaron Holiday,aaron holiday,Vancouver,1762796,Fantrax alumni salary snapshot
2022,05qt4,Aaron Nesmith,aaron nesmith,Honolulu,3150000,Fantrax alumni salary snapshot
2022,05ujt,Aaron Wiggins,aaron wiggins,Honolulu,0,Fantrax alumni salary snapshot
2022,051pm,Admiral Schofield,admiral schofield,Birmingham,1701593,Fantrax alumni salary snapshot
2022,000zv,Al Horford,al horford,El Paso,12600000,Fantrax alumni salary snapshot
2022,027ov,Alec Burks,alec burks,Anaheim,2646000,Fantrax alumni salary snapshot
2022,05qud,Aleksej Pokusevski,aleksej pokusevski,Little Rock,4550002,Fantrax alumni salary snapshot
2022,0496e,Alex Caruso,alex caruso,Little Rock,5890000,Fantrax alumni salary snapshot
2022,031ls,Alex Len,alex len,Vegas,1189529,Fantrax alumni salary snapshot
2022,04qsq,Alize Johnson,alize johnson,St. Louis,1611620,Fantrax alumni salary snapshot
2022,05uiq,Alperen Sengun,alperen sengun,Lansing,4603320,Fantrax alumni salary snapshot
2022,059g0,Amir Coffey,amir coffey,Cincinnati,925310,Fantrax alumni salary snapshot
2022,02nf9,Andre Drummond,andre drummond,Cincinnati,5890000,Fantrax alumni salary snapshot
2022,0018m,Andre Iguodala,andre iguodala,Lincoln,5827500,Fantrax alumni salary snapshot
2022,02ym0,Andrew Wiggins,andrew wiggins,Boise,13787879,Fantrax alumni salary snapshot
2022,04qs1,Anfernee Simons,anfernee simons,Manchester,4282373,Fantrax alumni salary snapshot
2022,02nf1,Anthony Davis,anthony davis,Vancouver,33724200,Fantrax alumni salary snapshot
2022,05qug,Anthony Edwards,anthony edwards,Des Moines,28649250,Fantrax alumni salary snapshot
2022,058n6,Armoni Brooks,armoni brooks,San Diego,1489065,Fantrax alumni salary snapshot
2022,02yf5,Aron Baynes,aron baynes,Austin,11550000,Fantrax alumni salary snapshot
2022,05uus,Austin Reaves,austin reaves,Manchester,925310,Fantrax alumni salary snapshot
2022,02nfa,Austin Rivers,austin rivers,Albuquerque,2401537,Fantrax alumni salary snapshot
2022,01uyd,Avery Bradley,avery bradley,Albuquerque,1669178,Fantrax alumni salary snapshot
2022,04ewf,Bam Adebayo,bam adebayo,Anchorage,28103500,Fantrax alumni salary snapshot
2022,031lu,Ben McLemore,ben mclemore,Providence,1640399,Fantrax alumni salary snapshot
2022,03lg1,Ben Simmons,ben simmons,Jacksonville,28649250,Fantrax alumni salary snapshot
2022,027oq,Bismack Biyombo,bismack biyombo,Tulsa,1669178,Fantrax alumni salary snapshot
2022,01enn,Blake Griffin,blake griffin,Austin,19871250,Fantrax alumni salary snapshot
2022,03scs,Boban Marjanovic,boban marjanovic,Baltimore,1669178,Fantrax alumni salary snapshot
2022,03nwn,Bobby Portis,bobby portis,Columbus,11000000,Fantrax alumni salary snapshot
2022,03e6u,Bogdan Bogdanovic,bogdan bogdanovic,Albuquerque,21000000,Fantrax alumni salary snapshot
2022,027pg,Bojan Bogdanovic,bojan bogdanovic,Lansing,16800000,Fantrax alumni salary snapshot
2022,051po,Bol Bol,bol bol,Des Moines,1827000,Fantrax alumni salary snapshot
2022,05uj0,Bones Hyland,bones hyland,San Jose,2168760,Fantrax alumni salary snapshot
2022,02gxr,Brad Wanamaker,brad wanamaker,St. Louis,3780000,Fantrax alumni salary snapshot
2022,02nf3,Bradley Beal,bradley beal,Des Moines,34379100,Fantrax alumni salary snapshot
2022,05ujp,Brandon Boston,brandon boston,Austin,925310,Fantrax alumni salary snapshot
2022,051p1,Brandon Clarke,brandon clarke,Birmingham,18900000,Fantrax alumni salary snapshot
2022,04w4b,Brandon Goodwin,brandon goodwin,El Paso,0,Fantrax alumni salary snapshot
2022,042n1,Brandon Ingram,brandon ingram,Jacksonville,28649250,Fantrax alumni salary snapshot
2022,05y9y,Brandon Williams,brandon williams,El Paso,0,Fantrax alumni salary snapshot
2022,005ki,Brook Lopez,brook lopez,Austin,17325000,Fantrax alumni salary snapshot
2022,04qsj,Bruce Brown,bruce brown,Anaheim,9800002,Fantrax alumni salary snapshot
2022,04847,Bryn Forbes,bryn forbes,Tulsa,4114950,Fantrax alumni salary snapshot
2022,042n3,Buddy Hield,buddy hield,Manchester,23100000,Fantrax alumni salary snapshot
2022,05quc,CJ Elleby,cj elleby,San Diego,1517981,Fantrax alumni salary snapshot
2022,031lx,CJ McCollum,cj mccollum,Tampa Bay,34379100,Fantrax alumni salary snapshot
2022,05uib,Cade Cunningham,cade cunningham,Anchorage,10050120,Fantrax alumni salary snapshot
2022,055qo,Caleb Martin,caleb martin,St. Louis,1701593,Fantrax alumni salary snapshot
2022,051oq,Cam Reddish,cam reddish,Little Rock,6465900,Fantrax alumni salary snapshot
2022,051or,Cameron Johnson,cameron johnson,Baltimore,6300074,Fantrax alumni salary snapshot
2022,03r7e,Cameron Payne,cameron payne,Birmingham,6000000,Fantrax alumni salary snapshot
2022,05uj1,Cameron Thomas,cameron thomas,Lincoln,2036280,Fantrax alumni salary snapshot
2022,042nf,Caris LeVert,caris levert,Cincinnati,16800000,Fantrax alumni salary snapshot
2022,00129,Carmelo Anthony,carmelo anthony,San Jose,5890000,Fantrax alumni salary snapshot
2022,051pd,Carsen Edwards,carsen edwards,Birmingham,1701593,Fantrax alumni salary snapshot
2022,05qua,Cassius Winston,cassius winston,Manchester,1517981,Fantrax alumni salary snapshot
2022,03r7m,Cedi Osman,cedi osman,Albuquerque,2100000,Fantrax alumni salary snapshot
2022,04qsp,Chimezie Metu,chimezie metu,Buffalo,1419761,Fantrax alumni salary snapshot
2022,04fj8,Chris Boucher,chris boucher,Little Rock,3255000,Fantrax alumni salary snapshot
2022,05uin,Chris Duarte,chris duarte,Seattle,3383640,Fantrax alumni salary snapshot
2022,0017e,Chris Paul,chris paul,Vegas,40108950,Fantrax alumni salary snapshot
2022,03nwq,Christian Wood,christian wood,Nashville,22050525,Fantrax alumni salary snapshot
2022,051ow,Chuma Okeke,chuma okeke,Honolulu,5775001,Fantrax alumni salary snapshot
2022,03e6s,Clint Capela,clint capela,Lansing,14430371,Fantrax alumni salary snapshot
2022,051on,Coby White,coby white,Boise,15240750,Fantrax alumni salary snapshot
2022,051pg,Cody Martin,cody martin,Lincoln,4000000,Fantrax alumni salary snapshot
2022,031lr,Cody Zeller,cody zeller,Vancouver,25000000,Fantrax alumni salary snapshot
2022,05qtl,Cole Anthony,cole anthony,Cincinnati,5775001,Fantrax alumni salary snapshot
2022,04qrm,Collin Sexton,collin sexton,San Diego,13125000,Fantrax alumni salary snapshot
2022,05uip,Corey Kispert,corey kispert,Cincinnati,3053760,Fantrax alumni salary snapshot
2022,027pf,Cory Joseph,cory joseph,Pittsburgh,2730000,Fantrax alumni salary snapshot
2022,03ad4,D'Angelo Russell,dangelo russell,Vancouver,28649250,Fantrax alumni salary snapshot
2022,005kh,D.J. Augustin,dj augustin,Pittsburgh,4470900,Fantrax alumni salary snapshot
2022,05vyx,Daishen Nix,daishen nix,Honolulu,1669178,Fantrax alumni salary snapshot
2022,042nr,Damian Jones,damian jones,Manchester,0,Fantrax alumni salary snapshot
2022,02nf6,Damian Lillard,damian lillard,Baltimore,34379100,Fantrax alumni salary snapshot
2022,0484l,Damion Lee,damion lee,Jacksonville,1824003,Fantrax alumni salary snapshot
2022,051pi,Daniel Gafford,daniel gafford,Tampa Bay,1680000,Fantrax alumni salary snapshot
2022,04hoo,Daniel Theis,daniel theis,Jacksonville,5890000,Fantrax alumni salary snapshot
2022,005ke,Danilo Gallinari,danilo gallinari,Vegas,17500000,Fantrax alumni salary snapshot
2022,01ena,Danny Green,danny green,Anaheim,13000000,Fantrax alumni salary snapshot
2022,04849,Danuel House,danuel house,Tulsa,6510109,Fantrax alumni salary snapshot
2022,03acy,Dario Saric,dario saric,Seattle,4716128,Fantrax alumni salary snapshot
2022,051p3,Darius Bazley,darius bazley,Seattle,5407500,Fantrax alumni salary snapshot
2022,051ol,Darius Garland,darius garland,El Paso,4147500,Fantrax alumni salary snapshot
2022,05uij,Davion Mitchell,davion mitchell,Lincoln,3749520,Fantrax alumni salary snapshot
2022,027pt,Davis Bertans,davis bertans,San Diego,17325000,Fantrax alumni salary snapshot
2022,04eww,Davon Reed,davon reed,Baltimore,925310,Fantrax alumni salary snapshot
2022,05uj3,Day'Ron Sharpe,dayron sharpe,Nashville,925310,Fantrax alumni salary snapshot
2022,049kb,De'Aaron Fox,deaaron fox,St. Louis,28103500,Fantrax alumni salary snapshot
2022,051ok,De'Andre Hunter,deandre hunter,Pittsburgh,3110898,Fantrax alumni salary snapshot
2022,04qsm,De'Anthony Melton,deanthony melton,Lincoln,6147750,Fantrax alumni salary snapshot
2022,005l3,DeAndre Jordan,deandre jordan,Buffalo,4042500,Fantrax alumni salary snapshot
2022,042ng,DeAndre' Bembry,deandre bembry,Des Moines,1939350,Fantrax alumni salary snapshot
2022,01eon,DeMar DeRozan,demar derozan,Cincinnati,23333333,Fantrax alumni salary snapshot
2022,01uz3,DeMarcus Cousins,demarcus cousins,El Paso,925310,Fantrax alumni salary snapshot
2022,0529c,Dean Wade,dean wade,Lincoln,1151157,Fantrax alumni salary snapshot
2022,049kd,Deandre Ayton,deandre ayton,Honolulu,28649250,Fantrax alumni salary snapshot
2022,042nq,Dejounte Murray,dejounte murray,Albuquerque,21000000,Fantrax alumni salary snapshot
2022,03r7h,Delon Wright,delon wright,Anaheim,3412500,Fantrax alumni salary snapshot
2022,05qtj,Deni Avdija,deni avdija,Vancouver,8610000,Fantrax alumni salary snapshot
2022,031m4,Dennis Schroder,dennis schroder,Pittsburgh,9536000,Fantrax alumni salary snapshot
2022,049s5,Dennis Smith,dennis smith,Anchorage,1669178,Fantrax alumni salary snapshot
2022,01uyt,Derrick Favors,derrick favors,Baltimore,3804150,Fantrax alumni salary snapshot
2022,048zt,Derrick Jones,derrick jones,Manchester,7325722,Fantrax alumni salary snapshot
2022,005ka,Derrick Rose,derrick rose,Lansing,6000000,Fantrax alumni salary snapshot
2022,04ewt,Derrick White,derrick white,Baltimore,9536000,Fantrax alumni salary snapshot
2022,05qt3,Desmond Bane,desmond bane,Baltimore,8400000,Fantrax alumni salary snapshot
2022,03nwm,Devin Booker,devin booker,Cincinnati,28649250,Fantrax alumni salary snapshot
2022,05qtr,Devin Vassell,devin vassell,Tampa Bay,3804150,Fantrax alumni salary snapshot
2022,04qsb,Devonte' Graham,devonte graham,Buffalo,9536000,Fantrax alumni salary snapshot
2022,038xl,Dewayne Dedmon,dewayne dedmon,Lansing,1669178,Fantrax alumni salary snapshot
2022,04ex8,Dillon Brooks,dillon brooks,Des Moines,7515900,Fantrax alumni salary snapshot
2022,042n7,Domantas Sabonis,domantas sabonis,Columbus,22050000,Fantrax alumni salary snapshot
2022,04ewe,Donovan Mitchell,donovan mitchell,San Jose,33724260,Fantrax alumni salary snapshot
2022,04qru,Donte DiVincenzo,donte divincenzo,Cincinnati,9425722,Fantrax alumni salary snapshot
2022,043ib,Dorian Finney-Smith,dorian finney-smith,Boise,6040650,Fantrax alumni salary snapshot
2022,03avi,Doug McDermott,doug mcdermott,Buffalo,10550000,Fantrax alumni salary snapshot
2022,02nfz,Draymond Green,draymond green,Nashville,21000000,Fantrax alumni salary snapshot
2022,04xdu,Drew Eubanks,drew eubanks,Seattle,1762796,Fantrax alumni salary snapshot
2022,05uuh,Duane Washington,duane washington,St. Louis,462629,Fantrax alumni salary snapshot
2022,04s00,Duncan Robinson,duncan robinson,Boise,13500000,Fantrax alumni salary snapshot
2022,04ex3,Dwayne Bacon,dwayne bacon,Pittsburgh,3150000,Fantrax alumni salary snapshot
2022,0018a,Dwight Howard,dwight howard,Austin,4768000,Fantrax alumni salary snapshot
2022,03e79,Dwight Powell,dwight powell,Columbus,3010350,Fantrax alumni salary snapshot
2022,027q4,E'Twaun Moore,etwaun moore,Nashville,2692991,Fantrax alumni salary snapshot
2022,01uz6,Ed Davis,ed davis,Anaheim,0,Fantrax alumni salary snapshot
2022,04exf,Edmond Sumner,edmond sumner,Des Moines,1762796,Fantrax alumni salary snapshot
2022,03e6m,Elfrid Payton,elfrid payton,Kentucky,3000000,Fantrax alumni salary snapshot
2022,05qta,Elijah Hughes,elijah hughes,Birmingham,1517981,Fantrax alumni salary snapshot
2022,027p2,Enes Kanter,enes kanter,Austin,12760000,Fantrax alumni salary snapshot
2022,01uyx,Eric Bledsoe,eric bledsoe,Providence,21000000,Fantrax alumni salary snapshot
2022,005kf,Eric Gordon,eric gordon,Nashville,9450000,Fantrax alumni salary snapshot
2022,051pl,Eric Paschall,eric paschall,Austin,2383500,Fantrax alumni salary snapshot
2022,02nfk,Evan Fournier,evan fournier,Pittsburgh,15000000,Fantrax alumni salary snapshot
2022,05uid,Evan Mobley,evan mobley,Kentucky,7280520,Fantrax alumni salary snapshot
2022,05qv8,Facundo Campazzo,facundo campazzo,Columbus,4500000,Fantrax alumni salary snapshot
2022,04ewv,Frank Jackson,frank jackson,Manchester,1762796,Fantrax alumni salary snapshot
2022,03nwo,Frank Kaminsky,frank kaminsky,San Jose,1419761,Fantrax alumni salary snapshot
2022,04416,Frank Ntilikina,frank ntilikina,Kentucky,1371796,Fantrax alumni salary snapshot
2022,05uii,Franz Wagner,franz wagner,Birmingham,5007840,Fantrax alumni salary snapshot
2022,04848,Fred VanVleet,fred vanvleet,Cincinnati,15000000,Fantrax alumni salary snapshot
2022,042nl,Furkan Korkmaz,furkan korkmaz,Vancouver,3528000,Fantrax alumni salary snapshot
2022,05g3q,Gabe Vincent,gabe vincent,Providence,1517981,Fantrax alumni salary snapshot
2022,01ng2,Garrett Temple,garrett temple,Vegas,527614,Fantrax alumni salary snapshot
2022,052fs,Garrison Mathews,garrison mathews,Anchorage,1669178,Fantrax alumni salary snapshot
2022,04ug6,Gary Clark,gary clark,Nashville,1762796,Fantrax alumni salary snapshot
2022,03apx,Gary Harris,gary harris,Nashville,7560000,Fantrax alumni salary snapshot
2022,043cj,Gary Payton II,gary payton,El Paso,1486911,Fantrax alumni salary snapshot
2022,04qse,Gary Trent,gary trent,Manchester,11850000,Fantrax alumni salary snapshot
2022,005ll,George Hill,george hill,Birmingham,7350000,Fantrax alumni salary snapshot
2022,042o9,Georges Niang,georges niang,Pittsburgh,6000000,Fantrax alumni salary snapshot
2022,031m2,Giannis Antetokounmpo,giannis antetokounmpo,Boise,39344900,Fantrax alumni salary snapshot
2022,03aqc,Glenn Robinson,glenn robinson,Providence,2239544,Fantrax alumni salary snapshot
2022,051oy,Goga Bitadze,goga bitadze,Cincinnati,2625000,Fantrax alumni salary snapshot
2022,005lm,Goran Dragic,goran dragic,Lincoln,18900000,Fantrax alumni salary snapshot
2022,01uz7,Gordon Hayward,gordon hayward,Seattle,13748480,Fantrax alumni salary snapshot
2022,031m8,Gorgui Dieng,gorgui dieng,Birmingham,1669178,Fantrax alumni salary snapshot
2022,051p2,Grant Williams,grant williams,Honolulu,2829678,Fantrax alumni salary snapshot
2022,04qry,Grayson Allen,grayson allen,Jacksonville,1879500,Fantrax alumni salary snapshot
2022,049sa,Hamidou Diallo,hamidou diallo,St. Louis,1669178,Fantrax alumni salary snapshot
2022,02nf7,Harrison Barnes,harrison barnes,Anaheim,7515900,Fantrax alumni salary snapshot
2022,03xmw,Harry Giles,harry giles,Manchester,3675000,Fantrax alumni salary snapshot
2022,01uz4,Hassan Whiteside,hassan whiteside,Kentucky,3000000,Fantrax alumni salary snapshot
2022,051pr,Ignas Brazdeikis,ignas brazdeikis,St. Louis,1701593,Fantrax alumni salary snapshot
2022,05qu9,Immanuel Quickley,immanuel quickley,Anchorage,2205000,Fantrax alumni salary snapshot
2022,05qsk,Isaac Okoro,isaac okoro,Little Rock,2572500,Fantrax alumni salary snapshot
2022,04ex6,Isaiah Hartenstein,isaiah hartenstein,Anaheim,1611620,Fantrax alumni salary snapshot
2022,05uiw,Isaiah Jackson,isaiah jackson,Vancouver,2096880,Fantrax alumni salary snapshot
2022,05qsp,Isaiah Joe,isaiah joe,Tulsa,1517981,Fantrax alumni salary snapshot
2022,05ujg,Isaiah Livers,isaiah livers,Albuquerque,925310,Fantrax alumni salary snapshot
2022,051pp,Isaiah Roby,isaiah roby,Columbus,6200000,Fantrax alumni salary snapshot
2022,05qub,Isaiah Stewart,isaiah stewart,Seattle,2782500,Fantrax alumni salary snapshot
2022,027q9,Isaiah Thomas,isaiah thomas,San Jose,2467500,Fantrax alumni salary snapshot
2022,05uj5,Isaiah Todd,isaiah todd,Albuquerque,925310,Fantrax alumni salary snapshot
2022,0201u,Ish Smith,ish smith,St. Louis,1611620,Fantrax alumni salary snapshot
2022,042nt,Ivica Zubac,ivica zubac,Boise,12230730,Fantrax alumni salary snapshot
2022,051oi,Ja Morant,ja morant,Little Rock,28649250,Fantrax alumni salary snapshot
2022,03927,JaMychal Green,jamychal green,Birmingham,4964742,Fantrax alumni salary snapshot
2022,005lx,JaVale McGee,javale mcgee,Albuquerque,3800000,Fantrax alumni salary snapshot
2022,02v2t,Jabari Parker,jabari parker,Providence,2239544,Fantrax alumni salary snapshot
2022,05qu0,Jaden McDaniels,jaden mcdaniels,Albuquerque,1517981,Fantrax alumni salary snapshot
2022,05uj2,Jaden Springer,jaden springer,St. Louis,3562080,Fantrax alumni salary snapshot
2022,02nfy,Jae Crowder,jae crowder,Vegas,9720900,Fantrax alumni salary snapshot
2022,05qve,Jae'Sean Tate,jaesean tate,Buffalo,1517981,Fantrax alumni salary snapshot
2022,03ad1,Jahlil Okafor,jahlil okafor,Birmingham,9450000,Fantrax alumni salary snapshot
2022,05qtx,Jahmi'us Ramsey,jahmius ramsey,Lincoln,1517981,Fantrax alumni salary snapshot
2022,042n6,Jakob Poeltl,jakob poeltl,Little Rock,3255000,Fantrax alumni salary snapshot
2022,04qsa,Jalen Brunson,jalen brunson,Anaheim,1762796,Fantrax alumni salary snapshot
2022,05uic,Jalen Green,jalen green,Kentucky,5992200,Fantrax alumni salary snapshot
2022,051pw,Jalen McDaniels,jalen mcdaniels,El Paso,2100000,Fantrax alumni salary snapshot
2022,05qty,Jalen Smith,jalen smith,Baltimore,3525900,Fantrax alumni salary snapshot
2022,05uif,Jalen Suggs,jalen suggs,San Diego,8075160,Fantrax alumni salary snapshot
2022,042n4,Jamal Murray,jamal murray,Seattle,28649250,Fantrax alumni salary snapshot
2022,05uil,James Bouknight,james bouknight,Nashville,4154400,Fantrax alumni salary snapshot
2022,01eo6,James Harden,james harden,Kentucky,40108950,Fantrax alumni salary snapshot
2022,01en7,James Johnson,james johnson,Birmingham,1486911,Fantrax alumni salary snapshot
2022,05qu1,James Wiseman,james wiseman,Birmingham,23625000,Fantrax alumni salary snapshot
2022,04qrj,Jaren Jackson,jaren jackson,Cincinnati,28649250,Fantrax alumni salary snapshot
2022,04qsi,Jarred Vanderbilt,jarred vanderbilt,Manchester,5000000,Fantrax alumni salary snapshot
2022,04ewm,Jarrett Allen,jarrett allen,Anaheim,10000000,Fantrax alumni salary snapshot
2022,051om,Jarrett Culver,jarrett culver,Birmingham,9450000,Fantrax alumni salary snapshot
2022,0558v,Javonte Green,javonte green,Lansing,1554062,Fantrax alumni salary snapshot
2022,051oo,Jaxson Hayes,jaxson hayes,Manchester,5250000,Fantrax alumni salary snapshot
2022,03lls,Jaylen Brown,jaylen brown,Albuquerque,28649250,Fantrax alumni salary snapshot
2022,051pn,Jaylen Nowell,jaylen nowell,Anchorage,1669178,Fantrax alumni salary snapshot
2022,03xmv,Jayson Tatum,jayson tatum,Tulsa,28103500,Fantrax alumni salary snapshot
2022,001ax,Jeff Green,jeff green,Baltimore,3804150,Fantrax alumni salary snapshot
2022,01en2,Jeff Teague,jeff teague,Providence,2692991,Fantrax alumni salary snapshot
2022,03aq2,Jerami Grant,jerami grant,Tampa Bay,6835500,Fantrax alumni salary snapshot
2022,02nfc,Jeremy Lamb,jeremy lamb,St. Louis,3858750,Fantrax alumni salary snapshot
2022,04qs9,Jevon Carter,jevon carter,Vegas,1669178,Fantrax alumni salary snapshot
2022,027pe,Jimmy Butler,jimmy butler,Nashville,34379100,Fantrax alumni salary snapshot
2022,03e6z,Joe Harris,joe harris,Vancouver,14805000,Fantrax alumni salary snapshot
2022,03kqi,Joe Ingles,joe ingles,Pittsburgh,15750000,Fantrax alumni salary snapshot
2022,03al2,Joel Embiid,joel embiid,Seattle,28649250,Fantrax alumni salary snapshot
2022,04ewk,John Collins,john collins,Tampa Bay,28103500,Fantrax alumni salary snapshot
2022,05293,John Konchar,john konchar,Lincoln,1669178,Fantrax alumni salary snapshot
2022,01sc8,John Wall,john wall,San Diego,40108950,Fantrax alumni salary snapshot
2022,027oo,Jonas Valanciunas,jonas valanciunas,Nashville,21000000,Fantrax alumni salary snapshot
2022,04ewb,Jonathan Isaac,jonathan isaac,Lincoln,9536000,Fantrax alumni salary snapshot
2022,05uih,Jonathan Kuminga,jonathan kuminga,Providence,6593040,Fantrax alumni salary snapshot
2022,03byk,Jordan Clarkson,jordan clarkson,Tampa Bay,4410000,Fantrax alumni salary snapshot
2022,04xhz,Jordan McLaughlin,jordan mclaughlin,Columbus,1701593,Fantrax alumni salary snapshot
2022,05qt6,Jordan Nwora,jordan nwora,Jacksonville,1517981,Fantrax alumni salary snapshot
2022,051p8,Jordan Poole,jordan poole,Austin,3732000,Fantrax alumni salary snapshot
2022,05uul,Jose Alvarado,jose alvarado,Anaheim,925310,Fantrax alumni salary snapshot
2022,05uiy,Josh Christopher,josh christopher,Pittsburgh,2009040,Fantrax alumni salary snapshot
2022,05uig,Josh Giddey,josh giddey,Austin,5988000,Fantrax alumni salary snapshot
2022,05qti,Josh Green,josh green,San Diego,1445697,Fantrax alumni salary snapshot
2022,04ewu,Josh Hart,josh hart,Boise,6000000,Fantrax alumni salary snapshot
2022,03llx,Josh Jackson,josh jackson,Austin,3150000,Fantrax alumni salary snapshot
2022,04qrx,Josh Okogie,josh okogie,Columbus,2625000,Fantrax alumni salary snapshot
2022,03r7u,Josh Richardson,josh richardson,Austin,15015000,Fantrax alumni salary snapshot
2022,05uim,Joshua Primo,joshua primo,Vegas,2259240,Fantrax alumni salary snapshot
2022,01eo9,Jrue Holiday,jrue holiday,Honolulu,40108950,Fantrax alumni salary snapshot
2022,059q7,Juan Toscano-Anderson,juan toscano-anderson,San Jose,1669178,Fantrax alumni salary snapshot
2022,042nb,Juancho Hernangomez,juancho hernangomez,Jacksonville,3360000,Fantrax alumni salary snapshot
2022,03ajv,Julius Randle,julius randle,Tampa Bay,7515900,Fantrax alumni salary snapshot
2022,02x1k,Justin Holiday,justin holiday,Anaheim,2625000,Fantrax alumni salary snapshot
2022,03nwi,Justise Winslow,justise winslow,Little Rock,0,Fantrax alumni salary snapshot
2022,03e6n,Jusuf Nurkic,jusuf nurkic,Vegas,18375000,Fantrax alumni salary snapshot
2022,051pc,KZ Okpala,kz okpala,Manchester,1701593,Fantrax alumni salary snapshot
2022,03ad3,Karl-Anthony Towns,karl-anthony towns,Anchorage,28649250,Fantrax alumni salary snapshot
2022,027oz,Kawhi Leonard,kawhi leonard,Seattle,34379100,Fantrax alumni salary snapshot
2022,04qso,Keita Bates-Diop,keita bates-diop,San Jose,997670,Fantrax alumni salary snapshot
2022,051p9,Keldon Johnson,keldon johnson,Jacksonville,3804150,Fantrax alumni salary snapshot
2022,031m0,Kelly Olynyk,kelly olynyk,Lansing,17500000,Fantrax alumni salary snapshot
2022,03nwk,Kelly Oubre Jr.,kelly oubre,Buffalo,10375000,Fantrax alumni salary snapshot
2022,027os,Kemba Walker,kemba walker,San Diego,31500000,Fantrax alumni salary snapshot
2022,04xgj,Kendrick Nunn,kendrick nunn,Pittsburgh,4000000,Fantrax alumni salary snapshot
2022,04t8w,Kenrich Williams,kenrich williams,Anchorage,2250000,Fantrax alumni salary snapshot
2022,02qe4,Kent Bazemore,kent bazemore,Seattle,2222803,Fantrax alumni salary snapshot
2022,031lv,Kentavious Caldwell-Pope,kentavious caldwell-pope,Tampa Bay,5890000,Fantrax alumni salary snapshot
2022,05qym,Kenyon Martin,kenyon martin,Pittsburgh,1517981,Fantrax alumni salary snapshot
2022,05uiv,Keon Johnson,keon johnson,Tulsa,2659560,Fantrax alumni salary snapshot
2022,001aw,Kevin Durant,kevin durant,Tampa Bay,40108950,Fantrax alumni salary snapshot
2022,04qrw,Kevin Huerter,kevin huerter,Buffalo,1762796,Fantrax alumni salary snapshot
2022,005kd,Kevin Love,kevin love,Columbus,14962500,Fantrax alumni salary snapshot
2022,051pa,Kevin Porter,kevin porter,Honolulu,4410001,Fantrax alumni salary snapshot
2022,03ad7,Kevon Looney,kevon looney,Boise,1669178,Fantrax alumni salary snapshot
2022,03kdj,Khem Birch,khem birch,Little Rock,7000000,Fantrax alumni salary snapshot
2022,02ng3,Khris Middleton,khris middleton,Buffalo,34379100,Fantrax alumni salary snapshot
2022,05qt9,Killian Hayes,killian hayes,Manchester,8400000,Fantrax alumni salary snapshot
2022,05qtc,Kira Lewis,kira lewis,Jacksonville,6730500,Fantrax alumni salary snapshot
2022,027ou,Klay Thompson,klay thompson,Providence,17325000,Fantrax alumni salary snapshot
2022,042n2,Kris Dunn,kris dunn,Nashville,1977011,Fantrax alumni salary snapshot
2022,03el5,Kristaps Porzingis,kristaps porzingis,St. Louis,28649250,Fantrax alumni salary snapshot
2022,03aq3,Kyle Anderson,kyle anderson,Vegas,2283034,Fantrax alumni salary snapshot
2022,04ewr,Kyle Kuzma,kyle kuzma,San Jose,10000000,Fantrax alumni salary snapshot
2022,0015b,Kyle Lowry,kyle lowry,Columbus,10000000,Fantrax alumni salary snapshot
2022,027oj,Kyrie Irving,kyrie irving,Kentucky,34379100,Fantrax alumni salary snapshot
2022,0019g,LaMarcus Aldridge,lamarcus aldridge,Kentucky,1669178,Fantrax alumni salary snapshot
2022,05qto,LaMelo Ball,lamelo ball,Lincoln,28649250,Fantrax alumni salary snapshot
2022,01uza,Lance Stephenson,lance stephenson,Lansing,925310,Fantrax alumni salary snapshot
2022,04qs3,Landry Shamet,landry shamet,Tulsa,6825000,Fantrax alumni salary snapshot
2022,03k50,Langston Galloway,langston galloway,San Diego,3150000,Fantrax alumni salary snapshot
2022,03r7l,Larry Nance,larry nance,St. Louis,3804150,Fantrax alumni salary snapshot
2022,04azw,Lauri Markkanen,lauri markkanen,Little Rock,9536000,Fantrax alumni salary snapshot
2022,0011e,LeBron James,lebron james,Albuquerque,40108950,Fantrax alumni salary snapshot
2022,05qsw,Leandro Bolmaro,leandro bolmaro,Des Moines,1517981,Fantrax alumni salary snapshot
2022,05yoh,Lindy Waters,lindy waters,Vegas,0,Fantrax alumni salary snapshot
2022,04qrv,Lonnie Walker,lonnie walker,Columbus,1845900,Fantrax alumni salary snapshot
2022,049ka,Lonzo Ball,lonzo ball,Baltimore,20000000,Fantrax alumni salary snapshot
2022,0018n,Lou Williams,lou williams,Tulsa,3300000,Fantrax alumni salary snapshot
2022,0527l,Luguentz Dort,luguentz dort,Little Rock,2953079,Fantrax alumni salary snapshot
2022,04kj6,Luka Doncic,luka doncic,Providence,28649250,Fantrax alumni salary snapshot
2022,05ujq,Luka Garza,luka garza,Cincinnati,925310,Fantrax alumni salary snapshot
2022,051oz,Luka Samanic,luka samanic,Des Moines,1701593,Fantrax alumni salary snapshot
2022,04ewd,Luke Kennard,luke kennard,Lansing,7000000,Fantrax alumni salary snapshot
2022,04jwb,Luke Kornet,luke kornet,Providence,1669178,Fantrax alumni salary snapshot
2022,05qsn,Malachi Flynn,malachi flynn,Manchester,3202500,Fantrax alumni salary snapshot
2022,042nw,Malcolm Brogdon,malcolm brogdon,Birmingham,28000000,Fantrax alumni salary snapshot
2022,042ne,Malik Beasley,malik beasley,Jacksonville,5811750,Fantrax alumni salary snapshot
2022,049kc,Malik Monk,malik monk,Honolulu,4000000,Fantrax alumni salary snapshot
2022,027oy,Marcus Morris,marcus morris,San Jose,5775000,Fantrax alumni salary snapshot
2022,03al1,Marcus Smart,marcus smart,El Paso,28080001,Fantrax alumni salary snapshot
2022,049s6,Markelle Fultz,markelle fultz,Austin,5150000,Fantrax alumni salary snapshot
2022,027ox,Markieff Morris,markieff morris,San Jose,2692991,Fantrax alumni salary snapshot
2022,042n5,Marquese Chriss,marquese chriss,Des Moines,925310,Fantrax alumni salary snapshot
2022,049ki,Marvin Bagley,marvin bagley,Kentucky,11550221,Fantrax alumni salary snapshot
2022,031m9,Mason Plumlee,mason plumlee,Tampa Bay,3043227,Fantrax alumni salary snapshot
2022,051p0,Matisse Thybulle,matisse thybulle,Vegas,5890000,Fantrax alumni salary snapshot
2022,02nff,Maurice Harkless,maurice harkless,St. Louis,1611620,Fantrax alumni salary snapshot
2022,0558t,Max Strus,max strus,Tampa Bay,1575000,Fantrax alumni salary snapshot
2022,04jw4,Maxi Kleber,maxi kleber,Honolulu,9800002,Fantrax alumni salary snapshot
2022,031ly,Michael Carter-Williams,michael carter-williams,Nashville,3885000,Fantrax alumni salary snapshot
2022,04qrr,Michael Porter,michael porter,Jacksonville,15331050,Fantrax alumni salary snapshot
2022,04qrn,Mikal Bridges,mikal bridges,Anchorage,25200000,Fantrax alumni salary snapshot
2022,0015e,Mike Conley,mike conley,St. Louis,39344900,Fantrax alumni salary snapshot
2022,031mu,Mike Muscala,mike muscala,Tampa Bay,709880,Fantrax alumni salary snapshot
2022,04qrp,Miles Bridges,miles bridges,Seattle,3804150,Fantrax alumni salary snapshot
2022,04qsd,Mitchell Robinson,mitchell robinson,Anaheim,20212500,Fantrax alumni salary snapshot
2022,051q2,Miye Oni,miye oni,Providence,1701593,Fantrax alumni salary snapshot
2022,049kf,Mo Bamba,mo bamba,Tulsa,3732000,Fantrax alumni salary snapshot
2022,04exe,Monte Morris,monte morris,Columbus,3000000,Fantrax alumni salary snapshot
2022,03byg,Montrezl Harrell,montrezl harrell,Buffalo,3646000,Fantrax alumni salary snapshot
2022,04qs2,Moritz Wagner,moritz wagner,Albuquerque,1762796,Fantrax alumni salary snapshot
2022,0598b,Moses Brown,moses brown,Buffalo,1701593,Fantrax alumni salary snapshot
2022,05uio,Moses Moody,moses moody,San Diego,4373160,Fantrax alumni salary snapshot
2022,03ad2,Myles Turner,myles turner,Jacksonville,15435000,Fantrax alumni salary snapshot
2022,05qzh,Naji Marshall,naji marshall,Little Rock,0,Fantrax alumni salary snapshot
2022,051p5,Nassir Little,nassir little,Manchester,3000000,Fantrax alumni salary snapshot
2022,0527h,Naz Reid,naz reid,Vancouver,1701593,Fantrax alumni salary snapshot
2022,01uz9,Nemanja Bjelica,nemanja bjelica,Kentucky,2410000,Fantrax alumni salary snapshot
2022,031lt,Nerlens Noel,nerlens noel,Anaheim,3043227,Fantrax alumni salary snapshot
2022,05qtd,Nick Richards,nick richards,San Diego,1489065,Fantrax alumni salary snapshot
2022,051ox,Nickeil Alexander-Walker,nickeil alexander-walker,Seattle,2992500,Fantrax alumni salary snapshot
2022,005l0,Nicolas Batum,nicolas batum,Anaheim,9610000,Fantrax alumni salary snapshot
2022,051pb,Nicolas Claxton,nicolas claxton,Honolulu,1701593,Fantrax alumni salary snapshot
2022,03e75,Nikola Jokic,nikola jokic,Tampa Bay,28649250,Fantrax alumni salary snapshot
2022,027p0,Nikola Vucevic,nikola vucevic,Buffalo,34379100,Fantrax alumni salary snapshot
2022,03r7z,Norman Powell,norman powell,Buffalo,4777500,Fantrax alumni salary snapshot
2022,04ewn,OG Anunoby,og anunoby,Cincinnati,9536000,Fantrax alumni salary snapshot
2022,05qsx,Obi Toppin,obi toppin,Austin,12337500,Fantrax alumni salary snapshot
2022,05qu8,Omer Yurtseven,omer yurtseven,San Diego,313737,Fantrax alumni salary snapshot
2022,05qtt,Onyeka Okongwu,onyeka okongwu,Lansing,3804150,Fantrax alumni salary snapshot
2022,059ca,Oshae Brissett,oshae brissett,Tampa Bay,1151157,Fantrax alumni salary snapshot
2022,031lq,Otto Porter,otto porter,Jacksonville,4850000,Fantrax alumni salary snapshot
2022,02q81,P.J. Tucker,pj tucker,Tampa Bay,1669178,Fantrax alumni salary snapshot
2022,051os,P.J. Washington,pj washington,El Paso,6667500,Fantrax alumni salary snapshot
2022,04ik2,PJ Dozier,pj dozier,Baltimore,1944677,Fantrax alumni salary snapshot
2022,042nm,Pascal Siakam,pascal siakam,Lansing,28649250,Fantrax alumni salary snapshot
2022,03r7v,Pat Connaughton,pat connaughton,Vegas,2089448,Fantrax alumni salary snapshot
2022,01ens,Patrick Beverley,patrick beverley,Little Rock,8242500,Fantrax alumni salary snapshot
2022,05qsl,Patrick Williams,patrick williams,Lincoln,8925000,Fantrax alumni salary snapshot
2022,01eog,Patty Mills,patty mills,Boise,6536000,Fantrax alumni salary snapshot
2022,01uyj,Paul George,paul george,Des Moines,40108950,Fantrax alumni salary snapshot
2022,001bo,Paul Millsap,paul millsap,Tulsa,3800000,Fantrax alumni salary snapshot
2022,05qst,Paul Reed,paul reed,San Diego,1517981,Fantrax alumni salary snapshot
2022,05qt1,Payton Pritchard,payton pritchard,Boise,1517981,Fantrax alumni salary snapshot
2022,05qtm,Precious Achiuwa,precious achiuwa,San Jose,3150000,Fantrax alumni salary snapshot
2022,05qt5,R.J. Hampton,rj hampton,San Diego,3675000,Fantrax alumni salary snapshot
2022,051oj,RJ Barrett,rj barrett,Honolulu,5250000,Fantrax alumni salary snapshot
2022,00107,Rajon Rondo,rajon rondo,Honolulu,1669178,Fantrax alumni salary snapshot
2022,031mx,Raul Neto,raul neto,Kentucky,1669178,Fantrax alumni salary snapshot
2022,031mc,Reggie Bullock,reggie bullock,Buffalo,3732000,Fantrax alumni salary snapshot
2022,027p9,Reggie Jackson,reggie jackson,Boise,7000000,Fantrax alumni salary snapshot
2022,05qsz,Reggie Perry,reggie perry,Providence,1517981,Fantrax alumni salary snapshot
2022,03r7r,Richaun Holmes,richaun holmes,Columbus,21000000,Fantrax alumni salary snapshot
2022,01enw,Ricky Rubio,ricky rubio,Boise,10500000,Fantrax alumni salary snapshot
2022,038xi,Robert Covington,robert covington,Pittsburgh,16800000,Fantrax alumni salary snapshot
2022,04qs4,Robert Williams,robert williams,Anchorage,1762796,Fantrax alumni salary snapshot
2022,05qtw,Robert Woodard,robert woodard,Providence,1517981,Fantrax alumni salary snapshot
2022,005le,Robin Lopez,robin lopez,Manchester,3732000,Fantrax alumni salary snapshot
2022,03apy,Rodney Hood,rodney hood,Vegas,1669178,Fantrax alumni salary snapshot
2022,0392f,Rodney McGruder,rodney mcgruder,El Paso,925310,Fantrax alumni salary snapshot
2022,051ou,Romeo Langford,romeo langford,San Jose,1890000,Fantrax alumni salary snapshot
2022,04jwd,Royce O'Neale,royce oneale,Baltimore,6195000,Fantrax alumni salary snapshot
2022,0015a,Rudy Gay,rudy gay,Seattle,3536000,Fantrax alumni salary snapshot
2022,02xg9,Rudy Gobert,rudy gobert,Anaheim,39344900,Fantrax alumni salary snapshot
2022,051op,Rui Hachimura,rui hachimura,Columbus,5381250,Fantrax alumni salary snapshot
2022,005kc,Russell Westbrook,russell westbrook,El Paso,40108950,Fantrax alumni salary snapshot
2022,05qu4,Saben Lee,saben lee,Anchorage,1489065,Fantrax alumni salary snapshot
2022,05qt0,Saddiq Bey,saddiq bey,Vancouver,2205000,Fantrax alumni salary snapshot
2022,05qtb,Sam Merrill,sam merrill,Providence,1517981,Fantrax alumni salary snapshot
2022,05uie,Scottie Barnes,scottie barnes,Tulsa,5466360,Fantrax alumni salary snapshot
2022,04ex0,Semi Ojeleye,semi ojeleye,Nashville,2100000,Fantrax alumni salary snapshot
2022,005lo,Serge Ibaka,serge ibaka,Providence,3750000,Fantrax alumni salary snapshot
2022,038ia,Seth Curry,seth curry,Anaheim,12600000,Fantrax alumni salary snapshot
2022,04qro,Shai Gilgeous-Alexander,shai gilgeous-alexander,Honolulu,28649250,Fantrax alumni salary snapshot
2022,04qsu,Shake Milton,shake milton,Seattle,3150000,Fantrax alumni salary snapshot
2022,03e74,Spencer Dinwiddie,spencer dinwiddie,San Jose,21000000,Fantrax alumni salary snapshot
2022,03nwj,Stanley Johnson,stanley johnson,Birmingham,925310,Fantrax alumni salary snapshot
2022,01enh,Stephen Curry,stephen curry,Little Rock,40108950,Fantrax alumni salary snapshot
2022,04ex9,Sterling Brown,sterling brown,Albuquerque,3000000,Fantrax alumni salary snapshot
2022,031lz,Steven Adams,steven adams,Tampa Bay,9550000,Fantrax alumni salary snapshot
2022,04qsn,Svi Mykhailiuk,svi mykhailiuk,Kentucky,1669178,Fantrax alumni salary snapshot
2022,03wr4,T.J. McConnell,tj mcconnell,Vancouver,10384500,Fantrax alumni salary snapshot
2022,03bxn,T.J. Warren,tj warren,Manchester,21000000,Fantrax alumni salary snapshot
2022,01en8,Taj Gibson,taj gibson,Birmingham,925310,Fantrax alumni salary snapshot
2022,051pq,Talen Horton-Tucker,talen horton-tucker,Boise,3000000,Fantrax alumni salary snapshot
2022,042n8,Taurean Prince,taurean prince,Pittsburgh,3804150,Fantrax alumni salary snapshot
2022,051ps,Terance Mann,terance mann,Lincoln,1995000,Fantrax alumni salary snapshot
2022,056aq,Terence Davis,terence davis,St. Louis,1669178,Fantrax alumni salary snapshot
2022,02nf8,Terrence Ross,terrence ross,Jacksonville,4320750,Fantrax alumni salary snapshot
2022,03nwl,Terry Rozier,terry rozier,El Paso,5722500,Fantrax alumni salary snapshot
2022,05uuj,Terry Taylor,terry taylor,Anchorage,0,Fantrax alumni salary snapshot
2022,0018r,Thaddeus Young,thaddeus young,El Paso,3945900,Fantrax alumni salary snapshot
2022,03e7e,Thanasis Antetokounmpo,thanasis antetokounmpo,Buffalo,1419761,Fantrax alumni salary snapshot
2022,05qsr,Theo Maledon,theo maledon,Vegas,1517981,Fantrax alumni salary snapshot
2022,04ex5,Thomas Bryant,thomas bryant,Lansing,8610000,Fantrax alumni salary snapshot
2022,031mb,Tim Hardaway,tim hardaway,Des Moines,9536000,Fantrax alumni salary snapshot
2022,042nj,Timothe Luwawu-Cabarrot,timothe luwawu-cabarrot,Albuquerque,1669178,Fantrax alumni salary snapshot
2022,027p4,Tobias Harris,tobias harris,Vegas,21000000,Fantrax alumni salary snapshot
2022,02nfw,Tomas Satoransky,tomas satoransky,Little Rock,0,Fantrax alumni salary snapshot
2022,04ews,Tony Bradley,tony bradley,Boise,3000000,Fantrax alumni salary snapshot
2022,031m7,Tony Snell,tony snell,Columbus,3500000,Fantrax alumni salary snapshot
2022,04jw5,Torrey Craig,torrey craig,Baltimore,1669178,Fantrax alumni salary snapshot
2022,04qrk,Trae Young,trae young,San Jose,28649250,Fantrax alumni salary snapshot
2022,05qtq,Tre Jones,tre jones,Pittsburgh,1517981,Fantrax alumni salary snapshot
2022,05uis,Tre Mann,tre mann,Austin,2770560,Fantrax alumni salary snapshot
2022,05uuv,Trendon Watford,trendon watford,Des Moines,925310,Fantrax alumni salary snapshot
2022,05qu7,Trent Forrest,trent forrest,Lansing,1489065,Fantrax alumni salary snapshot
2022,0014u,Trevor Ariza,trevor ariza,Kentucky,1669178,Fantrax alumni salary snapshot
2022,03ad5,Trey Lyles,trey lyles,Anchorage,1669178,Fantrax alumni salary snapshot
2022,05uir,Trey Murphy,trey murphy,Cincinnati,2901240,Fantrax alumni salary snapshot
2022,027om,Tristan Thompson,tristan thompson,San Diego,7350000,Fantrax alumni salary snapshot
2022,051p4,Ty Jerome,ty jerome,Lansing,925310,Fantrax alumni salary snapshot
2022,051ot,Tyler Herro,tyler herro,Tulsa,25725000,Fantrax alumni salary snapshot
2022,05qtv,Tyrese Haliburton,tyrese haliburton,Anchorage,10500000,Fantrax alumni salary snapshot
2022,05qsq,Tyrese Maxey,tyrese maxey,Tulsa,6300000,Fantrax alumni salary snapshot
2022,03ad0,Tyus Jones,tyus jones,Lansing,2055900,Fantrax alumni salary snapshot
2022,05qu5,Udoka Azubuike,udoka azubuike,Vegas,1517981,Fantrax alumni salary snapshot
2022,05uix,Usman Garuba,usman garuba,Little Rock,2451120,Fantrax alumni salary snapshot
2022,05qtn,Vernon Carey,vernon carey,Vancouver,1517981,Fantrax alumni salary snapshot
2022,031lp,Victor Oladipo,victor oladipo,Austin,9536000,Fantrax alumni salary snapshot
2022,05qtk,Vit Krejci,vit krejci,Vegas,0,Fantrax alumni salary snapshot
2022,01eny,Wayne Ellington,wayne ellington,Austin,4768000,Fantrax alumni salary snapshot
2022,04qrl,Wendell Carter,wendell carter,El Paso,9720900,Fantrax alumni salary snapshot
2022,01ngg,Wesley Matthews,wesley matthews,Baltimore,1045634,Fantrax alumni salary snapshot
2022,02ng4,Will Barton,will barton,Lansing,4987500,Fantrax alumni salary snapshot
2022,03r7p,Willy Hernangomez,willy hernangomez,El Paso,1227901,Fantrax alumni salary snapshot
2022,05qtf,Xavier Tillman,xavier tillman,Lincoln,2100000,Fantrax alumni salary snapshot
2022,04xhy,Yuta Watanabe,yuta watanabe,Lincoln,1729217,Fantrax alumni salary snapshot
2022,04ewc,Zach Collins,zach collins,Kentucky,2500000,Fantrax alumni salary snapshot
2022,03ams,Zach LaVine,zach lavine,San Jose,26250000,Fantrax alumni salary snapshot
2022,05quh,Zeke Nnaji,zeke nnaji,Baltimore,1517981,Fantrax alumni salary snapshot
2022,05uik,Ziaire Williams,ziaire williams,Pittsburgh,3946800,Fantrax alumni salary snapshot
2022,051oh,Zion Williamson,zion williamson,Baltimore,28649250,Fantrax alumni salary snapshot
