Year,Player,Roster Team(s)
2023,AJ Green,Tampa Bay Flamingos
2023,Admiral Schofield,Honolulu Diamonds
2023,Alec Burks,Birmingham Bandits
2023,Aleksej Pokusevski,Little Rock Big Foot
2023,Amir Coffey,St. Louis 66ers
2023,Andre Iguodala,Cincinnati Chili
2023,Anthony Gill,Lansing Lagoon
2023,Anthony Lamb,Manchester Trout
2023,Aron Baynes,Nashville Strings
2023,Austin Rivers,Albuquerque Armadillos
2023,Bismack Biyombo,Tulsa Tornado
2023,Blake Griffin,Baltimore Blue Crabs
2023,Boban Marjanovic,Austin Bats
2023,Bojan Bogdanovic,Columbus Arches
2023,Bones Hyland,San Jose Seagulls
2023,Brad Wanamaker,Columbus Arches
2023,Brandon Boston,San Diego Wave
2023,Brandon Clarke,Anaheim Mice
2023,Bruno Fernando,Vegas Blackjack
2023,Bryn Forbes,Austin Bats
2023,CJ Elleby,St. Louis 66ers
2023,Caleb Houstan,Pittsburgh Bridge
2023,Cam Reddish,Vancouver Forest
2023,Carmelo Anthony,Columbus Arches
2023,Carsen Edwards,Birmingham Bandits
2023,Chimezie Metu,Boise Spuds
2023,Chris Boucher,Little Rock Big Foot
2023,Chris Duarte,Seattle Brew
2023,Chris Paul,Vegas Blackjack
2023,Christian Wood,Providence Pilgrims
2023,Chuma Okeke,Honolulu Diamonds
2023,Cody Martin,Columbus Arches
2023,Cody Zeller,Manchester Trout
2023,Cory Joseph,Boise Spuds
2023,D.J. Augustin,Pittsburgh Bridge
2023,Damian Jones,Anchorage Killer Whales
2023,Damion Lee,Nashville Strings
2023,Daniel Theis,El Paso Vipers
2023,Danilo Gallinari,San Jose Seagulls
2023,Danny Green,Nashville Strings
2023,Danuel House,Vancouver Forest
2023,Dario Saric,Seattle Brew
2023,Darius Bazley,Seattle Brew
2023,David Duke,San Diego Wave
2023,David Johnson,Providence Pilgrims
2023,David Roddy,Lincoln Bully
2023,Davon Reed,Baltimore Blue Crabs
2023,DeAndre Bembry,Des Moines Racoons
2023,DeAndre Jordan,Buffalo Daredevils
2023,Dean Wade,Baltimore Blue Crabs
2023,Delon Wright,Birmingham Bandits
2023,Dennis Smith,San Jose Seagulls
2023,Derrick Favors,Baltimore Blue Crabs
2023,Derrick Rose,Vancouver Forest
2023,Dewayne Dedmon,Austin Bats
2023,Dominick Barlow,Des Moines Racoons
2023,Doug McDermott,Buffalo Daredevils
2023,Duane Washington,St. Louis 66ers
2023,Dwayne Bacon,Pittsburgh Bridge
2023,E.J. Liddell,Boise Spuds
2023,Ed Davis,Nashville Strings
2023,Edmond Sumner,Anaheim Mice
2023,Elfrid Payton,Cincinnati Chili
2023,Elijah Hughes,Birmingham Bandits
2023,Enes Kanter,Nashville Strings
2023,Eric Bledsoe,Nashville Strings
2023,Eugene Omoruyi,Lansing Lagoon
2023,Evan Fournier,Pittsburgh Bridge
2023,Facundo Campazzo,Austin Bats
2023,Frank Jackson,Manchester Trout
2023,Frank Kaminsky,Providence Pilgrims
2023,Frank Ntilikina,Honolulu Diamonds
2023,Furkan Korkmaz,Birmingham Bandits
2023,Garrison Mathews,El Paso Vipers
2023,Gary Harris,Buffalo Daredevils
2023,George Hill,Little Rock Big Foot
2023,Glenn Robinson,Providence Pilgrims
2023,Goran Dragic,Kentucky Thoroughbreds
2023,Gorgui Dieng,Little Rock Big Foot
2023,Greg Brown,Lincoln Bully
2023,Hamidou Diallo,Manchester Trout
2023,Hassan Whiteside,Columbus Arches
2023,Isaiah Livers,Albuquerque Armadillos
2023,Isaiah Roby,Columbus Arches
2023,Isaiah Todd,Albuquerque Armadillos
2023,Ish Smith,Austin Bats
2023,Ishmail Wainright,Austin Bats
2023,JaMychal Green,San Diego Wave
2023,JaVale McGee,Albuquerque Armadillos
2023,Jabari Parker,Providence Pilgrims
2023,Jaden Springer,Manchester Trout
2023,Jae Crowder,Vegas Blackjack
2023,JaeSean Tate,Buffalo Daredevils
2023,Jalen McDaniels,El Paso Vipers
2023,Jamal Cain,Albuquerque Armadillos
2023,James Bouknight,Nashville Strings
2023,Jarred Vanderbilt,Anchorage Killer Whales
2023,Jarrett Culver,Anchorage Killer Whales
2023,Javonte Green,Lansing Lagoon
2023,Jeff Dowtin,Little Rock Big Foot
2023,Jeff Green,Baltimore Blue Crabs
2023,Jeremiah Robinson-Earl,El Paso Vipers
2023,Jeremy Lamb,St. Louis 66ers
2023,John Konchar,Lincoln Bully
2023,John Wall,San Diego Wave
2023,Jonas Valanciunas,Kentucky Thoroughbreds
2023,Jordan Clarkson,Tampa Bay Flamingos
2023,Jordan Goodwin,Anaheim Mice
2023,Jordan McLaughlin,St. Louis 66ers
2023,Josh Christopher,Pittsburgh Bridge
2023,Josh Okogie,Vegas Blackjack
2023,Josh Richardson,Boise Spuds
2023,Joshua Primo,Vegas Blackjack
2023,Juan Toscano-Anderson,San Jose Seagulls
2023,Juancho Hernangomez,Jacksonville Manatees
2023,Justin Holiday,Pittsburgh Bridge
2023,Justise Winslow,Little Rock Big Foot
2023,Kai Jones,Buffalo Daredevils
2023,Kemba Walker,San Diego Wave
2023,Kendrick Nunn,Pittsburgh Bridge
2023,Kenneth Lofton,Anaheim Mice
2023,Keon Johnson,St. Louis 66ers
2023,Kessler Edwards,El Paso Vipers
2023,Kevin Knox,San Jose Seagulls
2023,Kevon Harris,Boise Spuds
2023,Khem Birch,Little Rock Big Foot
2023,Killian Hayes,St. Louis 66ers
2023,Kira Lewis,Jacksonville Manatees
2023,Kyle Lowry,Columbus Arches
2023,Lamar Stevens,Boise Spuds
2023,Landry Shamet,Kentucky Thoroughbreds
2023,Leandro Bolmaro,Des Moines Racoons
2023,Lindy Waters,Boise Spuds
2023,Lonnie Walker,Columbus Arches
2023,Lonzo Ball,Baltimore Blue Crabs
2023,Luka Garza,Baltimore Blue Crabs
2023,Malachi Flynn,Columbus Arches
2023,Malik Beasley,Jacksonville Manatees
2023,Marcus Morris,San Jose Seagulls
2023,Markieff Morris,Albuquerque Armadillos
2023,Matt Ryan,Lansing Lagoon
2023,Maurice Harkless,Vegas Blackjack
2023,Meyers Leonard,Honolulu Diamonds
2023,Michael Carter-Williams,Nashville Strings
2023,Mike Muscala,Lansing Lagoon
2023,Monte Morris,Anchorage Killer Whales
2023,Montrezl Harrell,Buffalo Daredevils
2023,Moses Brown,Austin Bats
2023,Nassir Little,Manchester Trout
2023,Nathan Knight,Tampa Bay Flamingos
2023,Nemanja Bjelica,Providence Pilgrims
2023,Nerlens Noel,Birmingham Bandits
2023,Noah Vonleh,San Jose Seagulls
2023,Omer Yurtseven,Kentucky Thoroughbreds
2023,Orlando Robinson,Kentucky Thoroughbreds
2023,Oshae Brissett,Tampa Bay Flamingos
2023,Otto Porter,Jacksonville Manatees
2023,P.J. Tucker,Des Moines Racoons
2023,PJ Dozier,Baltimore Blue Crabs
2023,Patrick Beverley,Nashville Strings
2023,Patty Mills,Boise Spuds
2023,R.J. Hampton,Tulsa Tornado
2023,Raul Neto,Lansing Lagoon
2023,Reggie Bullock,Buffalo Daredevils
2023,Ricky Rubio,Vegas Blackjack
2023,Robert Covington,Baltimore Blue Crabs
2023,Robert Woodard,Providence Pilgrims
2023,Robin Lopez,Manchester Trout
2023,Romeo Langford,San Jose Seagulls
2023,Rudy Gay,Seattle Brew
2023,Saben Lee,Kentucky Thoroughbreds
2023,Sam Merrill,Providence Pilgrims
2023,Scotty Pippen,Anaheim Mice
2023,Semi Ojeleye,Nashville Strings
2023,Serge Ibaka,Providence Pilgrims
2023,Shake Milton,Columbus Arches
2023,Stanley Johnson,Kentucky Thoroughbreds
2023,T.J. Warren,Lincoln Bully
2023,Taj Gibson,Austin Bats
2023,Terence Davis,Vancouver Forest
2023,Terrence Ross,Jacksonville Manatees
2023,Terry Rozier,El Paso Vipers
2023,Terry Taylor,Anchorage Killer Whales
2023,Thaddeus Young,El Paso Vipers
2023,Theo Maledon,Vegas Blackjack
2023,Thomas Bryant,Lansing Lagoon
2023,Timothe Luwawu-Cabarrot,Vegas Blackjack
2023,Trendon Watford,Des Moines Racoons
2023,Tristan Thompson,San Diego Wave
2023,Troy Brown,Little Rock Big Foot
2023,Tyrese Martin,Pittsburgh Bridge
2023,Udoka Azubuike,Little Rock Big Foot
2023,Usman Garuba,Little Rock Big Foot
2023,Vasilije Micic,San Diego Wave
2023,Victor Oladipo,Kentucky Thoroughbreds
2023,Vlatko Cancar,Tampa Bay Flamingos
2023,Wenyen Gabriel,St. Louis 66ers
2023,Wesley Matthews,Vegas Blackjack
2023,Will Barton,Lansing Lagoon
2023,Willy Hernangomez,Boise Spuds
2023,Xavier Tillman,Lincoln Bully
2023,Yuta Watanabe,Lincoln Bully
2023,Zeke Nnaji,St. Louis 66ers
2024,Alec Burks,Birmingham Bandits
2024,Aleksandar Vezenkov,Baltimore Blue Crabs
2024,Aleksej Pokusevski,Little Rock Big Foot
2024,Alex Len,Anaheim Mice
2024,Anthony Gill,Lansing Lagoon
2024,Anthony Lamb,Manchester Trout
2024,Bismack Biyombo,San Jose Seagulls
2024,Blake Griffin,Manchester Trout
2024,Blake Wesley,Columbus Arches
2024,Bojan Bogdanovic,El Paso Vipers
2024,Bones Hyland,San Jose Seagulls
2024,Brandon Boston,Tampa Bay Flamingos
2024,Brandon Clarke,Anaheim Mice
2024,Bruno Fernando,Anaheim Mice
2024,Bryn Forbes,Vancouver Forest
2024,Cam Reddish,Vancouver Forest
2024,Chimezie Metu,Honolulu Diamonds
2024,Chris Boucher,Little Rock Big Foot
2024,Chris Duarte,Seattle Brew
2024,Chris Paul,Anaheim Mice
2024,Christian Wood,Cincinnati Chili
2024,Chuma Okeke,Austin Bats
2024,Cody Martin,Columbus Arches
2024,Cody Zeller,Tampa Bay Flamingos
2024,Collin Gillespie,El Paso Vipers
2024,Cory Joseph,Columbus Arches
2024,Dalano Banton,Tampa Bay Flamingos
2024,Damian Jones,Kentucky Thoroughbreds
2024,Damion Lee,Tampa Bay Flamingos
2024,Daniel Theis,Albuquerque Armadillos
2024,Danilo Gallinari,San Jose Seagulls
2024,Danuel House,Vancouver Forest
2024,Dario Saric,Seattle Brew
2024,Darius Bazley,Pittsburgh Bridge
2024,David Duke,San Diego Wave
2024,David Roddy,Lincoln Bully
2024,DeAndre Jordan,Vegas Blackjack
2024,Delon Wright,Birmingham Bandits
2024,Dennis Smith,Boise Spuds
2024,Derrick Rose,Austin Bats
2024,Dewayne Dedmon,San Jose Seagulls
2024,Dominick Barlow,Buffalo Daredevils
2024,Doug McDermott,Manchester Trout
2024,Dru Smith,Buffalo Daredevils
2024,Duane Washington,Honolulu Diamonds
2024,E.J. Liddell,Boise Spuds
2024,Evan Fournier,Pittsburgh Bridge
2024,Frank Ntilikina,Buffalo Daredevils
2024,Furkan Korkmaz,Tulsa Tornado
2024,Garrison Mathews,Baltimore Blue Crabs
2024,Gary Harris,Tulsa Tornado
2024,Hamidou Diallo,Austin Bats
2024,Isaiah Livers,Albuquerque Armadillos
2024,Isaiah Roby,Little Rock Big Foot
2024,Isaiah Todd,Albuquerque Armadillos
2024,Ish Smith,Kentucky Thoroughbreds
2024,Ismael Kamagate,San Diego Wave
2024,JT Thor,San Diego Wave
2024,JaVale McGee,Vegas Blackjack
2024,Jacob Gilyard,Lincoln Bully
2024,Jaden Springer,Columbus Arches
2024,Jae Crowder,El Paso Vipers
2024,JaeSean Tate,Buffalo Daredevils
2024,Jalen McDaniels,St. Louis 66ers
2024,Jamal Cain,Buffalo Daredevils
2024,James Bouknight,Nashville Strings
2024,Jared Butler,Anaheim Mice
2024,Jarred Vanderbilt,Baltimore Blue Crabs
2024,Javon Freeman-Liberty,Pittsburgh Bridge
2024,Jeff Green,San Jose Seagulls
2024,Jeremiah Robinson-Earl,Birmingham Bandits
2024,John Konchar,Baltimore Blue Crabs
2024,John Wall,Albuquerque Armadillos
2024,Jonas Valanciunas,Tulsa Tornado
2024,Jontay Porter,Anaheim Mice
2024,Jordan Clarkson,Nashville Strings
2024,Jordan Goodwin,Anaheim Mice
2024,Jordan McLaughlin,St. Louis 66ers
2024,Josh Christopher,Pittsburgh Bridge
2024,Josh Okogie,Vegas Blackjack
2024,Josh Richardson,Vancouver Forest
2024,Joshua Primo,Vegas Blackjack
2024,Juan Toscano-Anderson,San Jose Seagulls
2024,Justin Holiday,Buffalo Daredevils
2024,Justin Lewis,Buffalo Daredevils
2024,Kai Jones,Kentucky Thoroughbreds
2024,Kendrick Nunn,Austin Bats
2024,Keon Johnson,St. Louis 66ers
2024,Kessler Edwards,Vancouver Forest
2024,Kevin Knox,Anchorage Killer Whales
2024,Khem Birch,Little Rock Big Foot
2024,Killian Hayes,St. Louis 66ers
2024,Kira Lewis,Columbus Arches
2024,Kyle Lowry,El Paso Vipers
2024,Lamar Stevens,Boise Spuds
2024,Landry Shamet,Manchester Trout
2024,Lester Quinones,Anaheim Mice
2024,Lonnie Walker,Boise Spuds
2024,Lonzo Ball,Buffalo Daredevils
2024,Malachi Flynn,Columbus Arches
2024,Malik Beasley,Jacksonville Manatees
2024,Marcus Morris,San Jose Seagulls
2024,Markieff Morris,San Diego Wave
2024,Mike Muscala,Seattle Brew
2024,Monte Morris,Tulsa Tornado
2024,Montrezl Harrell,Buffalo Daredevils
2024,Moses Brown,Providence Pilgrims
2024,Nassir Little,Buffalo Daredevils
2024,Nathan Mensah,Anaheim Mice
2024,Nick Smith,St. Louis 66ers
2024,Omer Yurtseven,Kentucky Thoroughbreds
2024,Orlando Robinson,Albuquerque Armadillos
2024,Oshae Brissett,Lincoln Bully
2024,Otto Porter,Jacksonville Manatees
2024,P.J. Tucker,San Diego Wave
2024,Patrick Beverley,Albuquerque Armadillos
2024,Patty Mills,Albuquerque Armadillos
2024,R.J. Hampton,Birmingham Bandits
2024,Reggie Bullock,Manchester Trout
2024,Ricky Rubio,Vancouver Forest
2024,Robert Covington,Buffalo Daredevils
2024,Robin Lopez,Manchester Trout
2024,Seth Lundy,Columbus Arches
2024,Shake Milton,Lansing Lagoon
2024,Skylar Mays,Anaheim Mice
2024,Stanley Johnson,Birmingham Bandits
2024,T.J. Warren,Vancouver Forest
2024,Terrence Ross,Providence Pilgrims
2024,Terry Rozier,El Paso Vipers
2024,Terry Taylor,Birmingham Bandits
2024,Thaddeus Young,Vegas Blackjack
2024,Thomas Bryant,Vancouver Forest
2024,Trendon Watford,Des Moines Racoons
2024,Trey Jemison,Anaheim Mice
2024,Tristan Thompson,Anaheim Mice
2024,Troy Brown,Little Rock Big Foot
2024,Usman Garuba,Little Rock Big Foot
2024,Vasilije Micic,Seattle Brew
2024,Victor Oladipo,Vegas Blackjack
2024,Vlatko Cancar,Austin Bats
2024,Wenyen Gabriel,Albuquerque Armadillos
2024,Wesley Matthews,Vegas Blackjack
2024,Xavier Tillman,Pittsburgh Bridge
2024,Yuta Watanabe,Lansing Lagoon
2024,Zeke Nnaji,Lansing Lagoon
2025,Alec Burks,Lansing Lagoon
2025,Aleksandar Vezenkov,Manchester Trout
2025,Alex Len,Anaheim Mice
2025,Anthony Lamb,Manchester Trout
2025,Bismack Biyombo,Tampa Bay Flamingos
2025,Blake Wesley,Columbus Arches
2025,Bojan Bogdanovic,Lansing Lagoon
2025,Bones Hyland,San Jose Seagulls
2025,Brandon Boston,Pittsburgh Bridge
2025,Brandon Clarke,Little Rock Big Foot
2025,Bruno Fernando,Lansing Lagoon
2025,Cam Reddish,Vancouver Forest
2025,Chris Duarte,Seattle Brew
2025,Chris Paul,Anaheim Mice
2025,Christian Wood,Columbus Arches
2025,Chuma Okeke,Honolulu Diamonds
2025,Cody Martin,Buffalo Daredevils
2025,Cory Joseph,Lansing Lagoon
2025,DaQuan Jeffries,St. Louis 66ers
2025,Dalano Banton,Pittsburgh Bridge
2025,Damion Lee,Birmingham Bandits
2025,Daniel Theis,Honolulu Diamonds
2025,Danilo Gallinari,Vegas Blackjack
2025,Dario Saric,Lincoln Bully
2025,David Roddy,Honolulu Diamonds
2025,DeAndre Jordan,Anaheim Mice
2025,Delon Wright,Birmingham Bandits
2025,Dennis Smith,Boise Spuds
2025,Derrick Rose,Austin Bats
2025,Dominick Barlow,Buffalo Daredevils
2025,Doug McDermott,Anaheim Mice
2025,Dru Smith,Anaheim Mice
2025,E.J. Liddell,Boise Spuds
2025,Elfrid Payton,Honolulu Diamonds
2025,Garrison Mathews,Anaheim Mice
2025,Gary Harris,Tampa Bay Flamingos
2025,Gui Santos,Cincinnati Chili
2025,Hamidou Diallo,Austin Bats
2025,JT Thor,San Diego Wave
2025,Jae Crowder,El Paso Vipers
2025,JaeSean Tate,Des Moines Racoons
2025,James Bouknight,Nashville Strings
2025,Jamison Battle,Pittsburgh Bridge
2025,Jared Butler,Tampa Bay Flamingos
2025,Jarred Vanderbilt,Baltimore Blue Crabs
2025,Jeff Green,San Jose Seagulls
2025,Jeremiah Robinson-Earl,Kentucky Thoroughbreds
2025,Jonas Valanciunas,Tulsa Tornado
2025,Jordan Clarkson,Nashville Strings
2025,Jordan Goodwin,Anaheim Mice
2025,Jordan McLaughlin,Lincoln Bully
2025,Jordan Miller,Anaheim Mice
2025,Josh Okogie,San Jose Seagulls
2025,Josh Richardson,Vancouver Forest
2025,Joshua Primo,Vegas Blackjack
2025,Kai Jones,Manchester Trout
2025,Keaton Wallace,St. Louis 66ers
2025,Kendrick Nunn,Austin Bats
2025,Keshad Johnson,Anaheim Mice
2025,Kevin Knox,Anchorage Killer Whales
2025,Kyle Lowry,El Paso Vipers
2025,Lester Quinones,Anaheim Mice
2025,Lindy Waters,Tampa Bay Flamingos
2025,Lonnie Walker,Boise Spuds
2025,Lonzo Ball,Buffalo Daredevils
2025,Malaki Branham,Columbus Arches
2025,Malik Beasley,San Jose Seagulls
2025,Micah Potter,Anaheim Mice
2025,Monte Morris,Vancouver Forest
2025,Moses Brown,Providence Pilgrims
2025,Nick Smith,Cincinnati Chili
2025,Orlando Robinson,Albuquerque Armadillos
2025,Oshae Brissett,Lincoln Bully
2025,P.J. Tucker,Vegas Blackjack
2025,Patty Mills,Albuquerque Armadillos
2025,Quenton Jackson,Anaheim Mice
2025,Reggie Bullock,Manchester Trout
2025,Shake Milton,Lansing Lagoon
2025,Terry Rozier,El Paso Vipers
2025,Tosan Evbuomwan,Honolulu Diamonds
2025,Trey Jemison,Anaheim Mice
2025,Tyrese Martin,Lincoln Bully
2025,Vasilije Micic,Seattle Brew
2025,Vlatko Cancar,Austin Bats
2025,Wendell Moore,Boise Spuds
2025,Xavier Tillman,Pittsburgh Bridge
2026,Alec Burks,Lansing Lagoon
2026,Blake Wesley,Columbus Arches
2026,Bogoljub Markovic,Columbus Arches
2026,Bojan Bogdanovic,Lansing Lagoon
2026,Brandon Clarke,Little Rock Big Foot
2026,Brandon Williams,Pittsburgh Bridge
2026,Cam Reddish,Tampa Bay Flamingos
2026,Chris Paul,Anaheim Mice
2026,Cody Martin,Buffalo Daredevils
2026,Dalano Banton,Pittsburgh Bridge
2026,Dario Saric,Lincoln Bully
2026,Delon Wright,Kentucky Thoroughbreds
2026,Jared Butler,Providence Pilgrims
2026,Kai Jones,Columbus Arches
2026,Keaton Wallace,Anaheim Mice
2026,Kyle Lowry,St. Louis 66ers
2026,Lonnie Walker,Boise Spuds
2026,Malaki Branham,Columbus Arches
2026,Malik Beasley,San Jose Seagulls
2026,Micah Potter,Boise Spuds
2026,Moses Brown,Providence Pilgrims
2026,Moussa Cisse,Pittsburgh Bridge
2026,NFaly Dante,Tulsa Tornado
2026,Nigel Hayes-Davis,Anaheim Mice
2026,Oshae Brissett,Lincoln Bully
2026,P.J. Tucker,Kentucky Thoroughbreds
2026,Pete Nance,Pittsburgh Bridge
2026,Tarik Biberovic,Lansing Lagoon
2026,Terry Rozier,Manchester Trout
2026,Vasilije Micic,Pittsburgh Bridge
