Season,Date,Period,Player ID,Player,Team,Source
2021,2020-12-22,1,000zv,Al Horford,Tampa Bay,Fantrax transaction
2021,2020-12-22,1,00107,Rajon Rondo,Vancouver,Original signing
2021,2020-12-22,1,0011e,LeBron James,Buffalo,Original signing
2021,2020-12-22,1,00129,Carmelo Anthony,Albuquerque,Original signing
2021,2020-12-22,1,0014u,Trevor Ariza,Lansing,Original signing
2021,2020-12-22,1,0015a,Rudy Gay,Pittsburgh,Original signing
2021,2020-12-22,1,0015b,Kyle Lowry,Des Moines,Original signing
2021,2020-12-22,1,0015e,Mike Conley,Anchorage,Original signing
2021,2020-12-22,1,0017e,Chris Paul,Vegas,Original signing
2021,2020-12-22,1,0018a,Dwight Howard,San Jose,Original signing
2021,2020-12-22,1,0018d,JJ Redick,Vegas,Original signing
2021,2020-12-22,1,0018m,Andre Iguodala,El Paso,Original signing
2021,2020-12-22,1,0018n,Lou Williams,Anchorage,Original signing
2021,2020-12-22,1,0018r,Thaddeus Young,El Paso,Original signing
2021,2020-12-22,1,0019g,LaMarcus Aldridge,Pittsburgh,Original signing
2021,2020-12-22,1,001aw,Kevin Durant,Lansing,Original signing
2021,2020-12-22,1,001ax,Jeff Green,Providence,Original signing
2021,2020-12-22,1,001bj,Kyle Korver,Providence,Original signing
2021,2020-12-22,1,001bo,Paul Millsap,Birmingham,Original signing
2021,2020-12-22,1,004zd,Marc Gasol,El Paso,Original signing
2021,2020-12-22,1,005ka,Derrick Rose,Anchorage,Original signing
2021,2020-12-22,1,005kc,Russell Westbrook,El Paso,Original signing
2021,2020-12-22,1,005kd,Kevin Love,Anchorage,Original signing
2021,2020-12-22,1,005ke,Danilo Gallinari,Vegas,Original signing
2021,2020-12-22,1,005kf,Eric Gordon,Nashville,Original signing
2021,2020-12-22,1,005kh,D.J. Augustin,Pittsburgh,Original signing
2021,2020-12-22,1,005ki,Brook Lopez,Kentucky,Original signing
2021,2020-12-22,1,005l0,Nicolas Batum,Vancouver,Original signing
2021,2020-12-22,1,005l3,DeAndre Jordan,Buffalo,Original signing
2021,2021-01-04,14,005le,Robin Lopez,Vegas,Fantrax transaction
2021,2020-12-22,1,005ll,George Hill,Lincoln,Original signing
2021,2020-12-22,1,005lm,Goran Dragic,Lincoln,Original signing
2021,2020-12-22,1,005lo,Serge Ibaka,El Paso,Original signing
2021,2020-12-22,1,005lx,JaVale McGee,Albuquerque,Original signing
2021,2020-12-22,1,01en2,Jeff Teague,Des Moines,Original signing
2021,2020-12-22,1,01en7,James Johnson,Columbus,Original signing
2021,2021-02-26,67,01en8,Taj Gibson,Buffalo,Fantrax transaction
2021,2020-12-22,1,01ena,Danny Green,Tulsa,Original signing
2021,2020-12-22,1,01enh,Stephen Curry,Little Rock,Original signing
2021,2020-12-22,1,01enn,Blake Griffin,Austin,Original signing
2021,2020-12-22,1,01ens,Patrick Beverley,Anaheim,Original signing
2021,2020-12-22,1,01enw,Ricky Rubio,Boise,Original signing
2021,2021-01-08,18,01eny,Wayne Ellington,Des Moines,Fantrax transaction
2021,2020-12-22,1,01eo6,James Harden,Birmingham,Original signing
2021,2020-12-22,1,01eo9,Jrue Holiday,Des Moines,Original signing
2021,2020-12-22,1,01eog,Patty Mills,Vancouver,Original signing
2021,2020-12-22,1,01eon,DeMar DeRozan,Pittsburgh,Original signing
2021,2021-03-31,100,01g61,Ersan Ilyasova,Anchorage,Fantrax transaction
2021,2020-12-26,5,01ng2,Garrett Temple,Tampa Bay,Fantrax transaction
2021,2020-12-22,1,01ngg,Wesley Matthews,San Jose,Original signing
2021,2020-12-22,1,01sc8,John Wall,Lansing,Original signing
2021,2021-03-31,100,01scu,Patrick Patterson,Anchorage,Fantrax transaction
2021,2020-12-22,1,01uyd,Avery Bradley,Albuquerque,Original signing
2022,2022-02-11,116,01uyg,Greg Monroe,El Paso,Fantrax transaction
2021,2020-12-22,1,01uyj,Paul George,Columbus,Original signing
2021,2020-12-22,1,01uyk,Al-Farouq Aminu,Vegas,Original signing
2021,2020-12-22,1,01uyt,Derrick Favors,Baltimore,Original signing
2021,2020-12-22,1,01uyx,Eric Bledsoe,San Diego,Original signing
2021,2020-12-22,1,01uz3,DeMarcus Cousins,Little Rock,Original signing
2021,2020-12-22,1,01uz4,Hassan Whiteside,Providence,Original signing
2021,2021-01-04,14,01uz6,Ed Davis,Anaheim,Fantrax transaction
2021,2020-12-22,1,01uz7,Gordon Hayward,El Paso,Original signing
2021,2020-12-22,1,01uz9,Nemanja Bjelica,Columbus,Original signing
2022,2022-01-11,85,01uza,Lance Stephenson,San Jose,Fantrax transaction
2021,2020-12-22,1,0201u,Ish Smith,Little Rock,Original signing
2021,2020-12-22,1,027oj,Kyrie Irving,Tampa Bay,Original signing
2021,2020-12-22,1,027om,Tristan Thompson,San Jose,Original signing
2021,2020-12-22,1,027oo,Jonas Valanciunas,Lincoln,Original signing
2021,2020-12-22,1,027oq,Bismack Biyombo,Albuquerque,Original signing
2021,2020-12-22,1,027os,Kemba Walker,Buffalo,Original signing
2021,2020-12-22,1,027ou,Klay Thompson,Providence,Original signing
2021,2020-12-22,1,027ov,Alec Burks,Tampa Bay,Original signing
2021,2020-12-22,1,027ox,Markieff Morris,San Jose,Original signing
2021,2020-12-22,1,027oy,Marcus Morris,San Jose,Original signing
2021,2020-12-22,1,027oz,Kawhi Leonard,Seattle,Original signing
2021,2020-12-22,1,027p0,Nikola Vucevic,Kentucky,Original signing
2021,2020-12-22,1,027p2,Enes Kanter,Boise,Original signing
2021,2020-12-22,1,027p4,Tobias Harris,Vegas,Original signing
2021,2020-12-22,1,027p9,Reggie Jackson,Tulsa,Original signing
2021,2020-12-22,1,027pe,Jimmy Butler,Nashville,Original signing
2021,2020-12-22,1,027pf,Cory Joseph,Pittsburgh,Original signing
2021,2020-12-22,1,027pg,Bojan Bogdanovic,Vancouver,Original signing
2021,2020-12-22,1,027pt,Davis Bertans,San Diego,Original signing
2021,2020-12-22,1,027q4,E'Twaun Moore,Nashville,Original signing
2021,2020-12-22,1,027q9,Isaiah Thomas,San Jose,Original signing
2021,2020-12-22,1,02gxr,Brad Wanamaker,St. Louis,Original signing
2021,2020-12-22,1,02nf1,Anthony Davis,Vancouver,Original signing
2021,2020-12-22,1,02nf3,Bradley Beal,Honolulu,Original signing
2021,2020-12-22,1,02nf6,Damian Lillard,Baltimore,Original signing
2021,2020-12-22,1,02nf7,Harrison Barnes,Lincoln,Fantrax transaction
2021,2020-12-22,1,02nf8,Terrence Ross,Jacksonville,Original signing
2021,2020-12-22,1,02nf9,Andre Drummond,Providence,Original signing
2021,2020-12-22,1,02nfa,Austin Rivers,El Paso,Original signing
2021,2020-12-22,1,02nfb,Meyers Leonard,San Diego,Original signing
2021,2020-12-22,1,02nfc,Jeremy Lamb,Tampa Bay,Fantrax transaction
2021,2020-12-22,1,02nff,Maurice Harkless,Des Moines,Original signing
2021,2020-12-22,1,02nfk,Evan Fournier,Tampa Bay,Original signing
2021,2020-12-22,1,02nfw,Tomas Satoransky,Providence,Original signing
2021,2020-12-22,1,02nfy,Jae Crowder,Vegas,Original signing
2021,2020-12-22,1,02nfz,Draymond Green,Nashville,Original signing
2021,2020-12-22,1,02ng3,Khris Middleton,Albuquerque,Original signing
2021,2020-12-22,1,02ng4,Will Barton,Des Moines,Original signing
2021,2021-01-11,21,02ng7,Mike Scott,Little Rock,Fantrax transaction
2021,2021-02-15,56,02nga,Darius Miller,Vegas,Fantrax transaction
2021,2020-12-22,1,02q81,P.J. Tucker,St. Louis,Original signing
2021,2020-12-22,1,02qe4,Kent Bazemore,Seattle,Original signing
2021,2020-12-22,1,02v2t,Jabari Parker,San Jose,Original signing
2021,2020-12-22,1,02x1k,Justin Holiday,Providence,Original signing
2021,2020-12-22,1,02xg9,Rudy Gobert,Anaheim,Original signing
2021,2020-12-22,1,02yf5,Aron Baynes,Austin,Original signing
2021,2020-12-22,1,02ym0,Andrew Wiggins,Boise,Original signing
2021,2020-12-22,1,031lp,Victor Oladipo,Manchester,Original signing
2021,2020-12-22,1,031lq,Otto Porter,Anchorage,Original signing
2021,2020-12-22,1,031lr,Cody Zeller,Anchorage,Fantrax transaction
2021,2020-12-22,1,031ls,Alex Len,Birmingham,Original signing
2021,2020-12-22,1,031lt,Nerlens Noel,Anaheim,Original signing
2021,2020-12-22,1,031lu,Ben McLemore,Boise,Original signing
2021,2020-12-22,1,031lv,Kentavious Caldwell-Pope,Kentucky,Original signing
2021,2020-12-22,1,031lw,Trey Burke,Anchorage,Original signing
2021,2020-12-22,1,031lx,CJ McCollum,St. Louis,Original signing
2021,2020-12-22,1,031ly,Michael Carter-Williams,Vancouver,Original signing
2021,2020-12-22,1,031lz,Steven Adams,Anchorage,Fantrax transaction
2021,2020-12-22,1,031m0,Kelly Olynyk,Buffalo,Original signing
2021,2020-12-22,1,031m2,Giannis Antetokounmpo,Boise,Original signing
2021,2020-12-22,1,031m4,Dennis Schroder,Birmingham,Original signing
2021,2021-03-01,70,031m7,Tony Snell,Jacksonville,Fantrax transaction
2021,2020-12-22,1,031m8,Gorgui Dieng,Columbus,Original signing
2021,2020-12-22,1,031m9,Mason Plumlee,Anaheim,Original signing
2021,2021-01-01,11,031ma,Solomon Hill,Birmingham,Fantrax transaction
2021,2020-12-22,1,031mb,Tim Hardaway,Baltimore,Original signing
2021,2020-12-22,1,031mc,Reggie Bullock,Nashville,Original signing
2021,2020-12-22,1,031md,Andre Roberson,El Paso,Original signing
2021,2020-12-22,1,031mh,Allen Crabbe,Vegas,Original signing
2021,2020-12-29,8,031mu,Mike Muscala,Cincinnati,Fantrax transaction
2021,2020-12-29,8,031mx,Raul Neto,Tampa Bay,Fantrax transaction
2021,2020-12-22,1,031n0,James Ennis,Columbus,Original signing
2021,2020-12-22,1,038ia,Seth Curry,Vancouver,Original signing
2021,2020-12-22,1,038og,Matthew Dellavedova,El Paso,Original signing
2021,2020-12-22,1,038xi,Robert Covington,Boise,Original signing
2022,2021-10-23,5,038xl,Dewayne Dedmon,Lansing,Fantrax transaction
2021,2020-12-22,1,03927,JaMychal Green,San Jose,Original signing
2022,2022-02-04,109,0392f,Rodney McGruder,El Paso,Fantrax transaction
2026,2025-10-21,1,0393h,Vander Blue,Boise,Fantrax transaction
2021,2020-12-22,1,03acx,Dante Exum,Manchester,Original signing
2021,2020-12-22,1,03acy,Dario Saric,Seattle,Original signing
2021,2020-12-22,1,03ad0,Tyus Jones,Seattle,Missing source
2021,2020-12-22,1,03ad1,Jahlil Okafor,Birmingham,Original signing
2021,2020-12-22,1,03ad2,Myles Turner,Jacksonville,Original signing
2021,2020-12-22,1,03ad3,Karl-Anthony Towns,Manchester,Original signing
2021,2020-12-22,1,03ad4,DAngelo Russell,Manchester,Original signing
2021,2020-12-22,1,03ad5,Trey Lyles,Little Rock,Missing source
2021,2020-12-22,1,03ad7,Kevon Looney,Tampa Bay,Fantrax transaction
2021,2020-12-22,1,03ajv,Julius Randle,Tampa Bay,Original signing
2021,2020-12-22,1,03al0,Aaron Gordon,Vancouver,Original signing
2021,2020-12-22,1,03al1,Marcus Smart,Nashville,Original signing
2021,2020-12-22,1,03al2,Joel Embiid,Seattle,Original signing
2021,2020-12-22,1,03ams,Zach LaVine,Kentucky,Original signing
2023,2022-10-22,5,03apw,Noah Vonleh,San Jose,Fantrax transaction
2021,2020-12-22,1,03apx,Gary Harris,Baltimore,Original signing
2021,2020-12-22,1,03apy,Rodney Hood,El Paso,Original signing
2021,2020-12-22,1,03apz,Willie Cauley-Stein,Anaheim,Original signing
2021,2020-12-22,1,03aq2,Jerami Grant,Tampa Bay,Original signing
2021,2020-12-22,1,03aq3,Kyle Anderson,Vegas,Original signing
2021,2020-12-22,1,03aqc,Glenn Robinson,Nashville,Original signing
2021,2020-12-22,1,03avi,Doug McDermott,Buffalo,Original signing
2021,2020-12-22,1,03bxn,T.J. Warren,Columbus,Original signing
2021,2020-12-22,1,03byg,Montrezl Harrell,Tulsa,Original signing
2021,2020-12-22,1,03byk,Jordan Clarkson,Anchorage,Original signing
2022,2022-03-07,140,03e6l,Nik Stauskas,Anaheim,Fantrax transaction
2021,2020-12-22,1,03e6m,Elfrid Payton,Buffalo,Original signing
2021,2020-12-22,1,03e6n,Jusuf Nurkic,Vegas,Original signing
2021,2020-12-22,1,03e6s,Clint Capela,Seattle,Original signing
2021,2020-12-22,1,03e6u,Bogdan Bogdanovic,Albuquerque,Original signing
2021,2020-12-22,1,03e6z,Joe Harris,Tampa Bay,Original signing
2021,2020-12-22,1,03e74,Spencer Dinwiddie,Lansing,Original signing
2021,2020-12-22,1,03e75,Nikola Jokic,Tampa Bay,Original signing
2021,2020-12-22,1,03e79,Dwight Powell,Columbus,Original signing
2021,2021-01-25,35,03e7e,Thanasis Antetokounmpo,Columbus,Fantrax transaction
2023,2022-10-18,1,03e7f,Vasilije Micic,San Diego,Offseason signing
2021,2020-12-22,1,03el5,Kristaps Porzingis,St. Louis,Original signing
2021,2021-01-08,18,03hz1,Tyler Johnson,Cincinnati,Fantrax transaction
2021,2020-12-22,1,03k50,Langston Galloway,Nashville,Original signing
2021,2021-01-01,11,03kdj,Khem Birch,Lincoln,Fantrax transaction
2021,2020-12-22,1,03kqi,Joe Ingles,Pittsburgh,Original signing
2021,2020-12-22,1,03lg1,Ben Simmons,Jacksonville,Original signing
2021,2020-12-22,1,03lls,Jaylen Brown,Albuquerque,Original signing
2021,2020-12-22,1,03llu,Cheick Diallo,Kentucky,Original signing
2021,2020-12-22,1,03llx,Josh Jackson,Tulsa,Original signing
2021,2020-12-22,1,03nwi,Justise Winslow,Anchorage,Original signing
2021,2021-01-15,25,03nwj,Stanley Johnson,Anaheim,Fantrax transaction
2021,2020-12-22,1,03nwk,Kelly Oubre Jr.,Manchester,Original signing
2021,2020-12-22,1,03nwl,Terry Rozier,Austin,Original signing
2021,2020-12-22,1,03nwm,Devin Booker,Cincinnati,Original signing
2021,2020-12-22,1,03nwn,Bobby Portis,Baltimore,Original signing
2021,2020-12-22,1,03nwo,Frank Kaminsky,Lansing,Original signing
2021,2020-12-22,1,03nwq,Christian Wood,Nashville,Original signing
2021,2020-12-22,1,03r7e,Cameron Payne,Lansing,Original signing
2021,2020-12-22,1,03r7h,Delon Wright,Des Moines,Original signing
2021,2020-12-22,1,03r7i,Rondae Hollis-Jefferson,Seattle,Original signing
2021,2020-12-22,1,03r7l,Larry Nance,Cincinnati,Original signing
2021,2020-12-22,1,03r7m,Cedi Osman,Buffalo,Original signing
2021,2021-02-14,55,03r7p,Willy Hernangomez,Cincinnati,Fantrax transaction
2021,2020-12-22,1,03r7r,Richaun Holmes,Des Moines,Original signing
2021,2020-12-22,1,03r7u,Josh Richardson,Austin,Original signing
2021,2020-12-22,1,03r7v,Pat Connaughton,Des Moines,Original signing
2021,2020-12-22,1,03r7z,Norman Powell,Seattle,Original signing
2021,2020-12-22,1,03scs,Boban Marjanovic,St. Louis,Original signing
2022,2022-01-11,85,03wqx,Keifer Sykes,San Diego,Fantrax transaction
2021,2020-12-22,1,03wr4,T.J. McConnell,Columbus,Missing source
2021,2020-12-22,1,03xh1,Quinn Cook,El Paso,Original signing
2025,2024-10-22,1,03xmt,Guerschon Yabusele,San Jose,Missing source
2021,2020-12-22,1,03xmv,Jayson Tatum,Des Moines,Original signing
2021,2020-12-22,1,03xmw,Harry Giles,Birmingham,Original signing
2021,2020-12-22,1,042n1,Brandon Ingram,Jacksonville,Original signing
2021,2020-12-22,1,042n2,Kris Dunn,Nashville,Original signing
2021,2020-12-22,1,042n3,Buddy Hield,Vancouver,Original signing
2021,2020-12-22,1,042n4,Jamal Murray,Seattle,Original signing
2021,2020-12-22,1,042n5,Marquese Chriss,Cincinnati,Original signing
2021,2020-12-22,1,042n6,Jakob Poeltl,Little Rock,Original signing
2021,2020-12-22,1,042n7,Domantas Sabonis,Columbus,Fantrax transaction
2021,2020-12-22,1,042n8,Taurean Prince,Pittsburgh,Missing source
2021,2020-12-22,1,042na,Denzel Valentine,Vancouver,Original signing
2021,2020-12-22,1,042nb,Juancho Hernangomez,Jacksonville,Missing source
2021,2020-12-22,1,042ne,Malik Beasley,Jacksonville,Original signing
2021,2020-12-22,1,042nf,Caris LeVert,Anchorage,Original signing
2021,2020-12-22,1,042ng,DeAndre Bembry,Birmingham,Original signing
2021,2020-12-30,9,042nj,Timothe Luwawu-Cabarrot,San Jose,Fantrax transaction
2021,2020-12-22,1,042nl,Furkan Korkmaz,Seattle,Original signing
2021,2020-12-22,1,042nm,Pascal Siakam,Cincinnati,Original signing
2021,2020-12-22,1,042nq,Dejounte Murray,Albuquerque,Original signing
2022,2022-01-08,82,042nr,Damian Jones,Little Rock,Fantrax transaction
2021,2020-12-22,1,042nt,Ivica Zubac,Boise,Original signing
2021,2020-12-22,1,042nw,Malcolm Brogdon,Kentucky,Original signing
2021,2020-12-22,1,042ny,Patrick McCaw,Providence,Original signing
2021,2020-12-22,1,042o6,Jake Layman,Jacksonville,Missing source
2021,2020-12-22,1,042o9,Georges Niang,Vegas,Original signing
2021,2021-03-19,88,042oh,Abdel Nader,Tampa Bay,Fantrax transaction
2022,2021-11-08,21,043cj,Gary Payton II,El Paso,Fantrax transaction
2021,2020-12-22,1,043ib,Dorian Finney-Smith,Boise,Original signing
2021,2020-12-29,8,043un,Ryan Arcidiacono,Columbus,Fantrax transaction
2021,2020-12-22,1,04416,Frank Ntilikina,Seattle,Original signing
2021,2020-12-22,1,04847,Bryn Forbes,Jacksonville,Original signing
2021,2020-12-22,1,04848,Fred VanVleet,Pittsburgh,Original signing
2021,2020-12-22,1,04849,Danuel House,Anaheim,Original signing
2021,2020-12-22,1,0484l,Damion Lee,Jacksonville,Original signing
2021,2020-12-22,1,048zs,Shaquille Harrison,San Diego,Original signing
2021,2020-12-22,1,048zt,Derrick Jones,Anaheim,Original signing
2021,2020-12-22,1,0496e,Alex Caruso,Little Rock,Original signing
2021,2020-12-22,1,049ka,Lonzo Ball,Providence,Original signing
2021,2020-12-22,1,049kb,DeAaron Fox,St. Louis,Original signing
2021,2020-12-22,1,049kc,Malik Monk,Honolulu,Original signing
2021,2020-12-22,1,049kd,Deandre Ayton,Honolulu,Original signing
2021,2020-12-22,1,049kf,Mo Bamba,Buffalo,Missing source
2021,2020-12-22,1,049kh,Kevin Knox,Cincinnati,Original signing
2021,2020-12-22,1,049ki,Marvin Bagley,Cincinnati,Original signing
2021,2020-12-22,1,049s5,Dennis Smith,Albuquerque,Original signing
2021,2020-12-22,1,049s6,Markelle Fultz,Austin,Original signing
2021,2020-12-22,1,049sa,Hamidou Diallo,Tulsa,Original signing
2021,2020-12-22,1,04aqo,David Nwaba,Nashville,Original signing
2021,2020-12-22,1,04azw,Lauri Markkanen,Little Rock,Original signing
2021,2020-12-22,1,04ewb,Jonathan Isaac,Lincoln,Original signing
2021,2020-12-22,1,04ewc,Zach Collins,Kentucky,Original signing
2021,2020-12-22,1,04ewd,Luke Kennard,Baltimore,Original signing
2021,2020-12-22,1,04ewe,Donovan Mitchell,San Jose,Original signing
2021,2020-12-22,1,04ewf,Bam Adebayo,San Jose,Original signing
2021,2021-02-15,56,04ewg,Justin Jackson,Lansing,Fantrax transaction
2021,2021-03-01,70,04ewh,Justin Patton,Anaheim,Fantrax transaction
2021,2020-12-22,1,04ewi,D.J. Wilson,Birmingham,Original signing
2021,2020-12-22,1,04ewk,John Collins,Columbus,Original signing
2021,2020-12-22,1,04ewl,Terrance Ferguson,Tulsa,Original signing
2021,2020-12-22,1,04ewm,Jarrett Allen,Anaheim,Original signing
2021,2020-12-22,1,04ewn,OG Anunoby,Anaheim,Original signing
2021,2020-12-22,1,04ewr,Kyle Kuzma,San Jose,Original signing
2021,2020-12-22,1,04ews,Tony Bradley,El Paso,Missing source
2021,2020-12-22,1,04ewt,Derrick White,Baltimore,Original signing
2021,2020-12-22,1,04ewu,Josh Hart,Boise,Original signing
2021,2020-12-22,1,04ewv,Frank Jackson,Manchester,Original signing
2022,2021-12-29,72,04eww,Davon Reed,Anaheim,Fantrax transaction
2021,2021-01-08,18,04ex0,Semi Ojeleye,Lansing,Fantrax transaction
2021,2020-12-22,1,04ex3,Dwayne Bacon,Nashville,Original signing
2021,2020-12-22,1,04ex5,Thomas Bryant,Cincinnati,Original signing
2021,2020-12-29,8,04ex6,Isaiah Hartenstein,San Diego,Fantrax transaction
2021,2021-01-08,18,04ex7,Damyean Dotson,Vancouver,Fantrax transaction
2021,2020-12-22,1,04ex8,Dillon Brooks,Tampa Bay,Original signing
2021,2020-12-22,1,04ex9,Sterling Brown,Des Moines,Original signing
2023,2023-01-06,81,04exc,Vlatko Cancar,Tampa Bay,Fantrax transaction
2021,2020-12-22,1,04exe,Monte Morris,Vancouver,Original signing
2021,2021-01-21,31,04exf,Edmond Sumner,Baltimore,Fantrax transaction
2024,2023-10-24,1,04exk,Aleksandar Vezenkov,Baltimore,Fantrax transaction
2021,2020-12-22,1,04fj8,Chris Boucher,Little Rock,Original signing
2021,2020-12-22,1,04hoo,Daniel Theis,Anaheim,Original signing
2021,2020-12-22,1,04ik2,PJ Dozier,Lansing,Original signing
2021,2020-12-22,1,04jw4,Maxi Kleber,Anaheim,Original signing
2021,2020-12-22,1,04jw5,Torrey Craig,Austin,Original signing
2021,2020-12-22,1,04jwb,Luke Kornet,El Paso,Original signing
2022,2021-12-29,72,04jwc,Alfonzo McKinnie,Anaheim,Fantrax transaction
2021,2020-12-22,1,04jwd,Royce ONeale,Baltimore,Original signing
2026,2025-10-25,5,04k0q,Nigel Hayes-Davis,Anaheim,Fantrax transaction
2021,2020-12-22,1,04kj6,Luka Doncic,Providence,Original signing
2021,2020-12-22,1,04qrj,Jaren Jackson,Honolulu,Original signing
2021,2020-12-22,1,04qrk,Trae Young,San Jose,Original signing
2021,2020-12-22,1,04qrl,Wendell Carter,Austin,Original signing
2021,2020-12-22,1,04qrm,Collin Sexton,Anchorage,Original signing
2021,2020-12-22,1,04qrn,Mikal Bridges,Tulsa,Original signing
2021,2020-12-22,1,04qro,Shai Gilgeous-Alexander,Cincinnati,Original signing
2021,2020-12-22,1,04qrp,Miles Bridges,Seattle,Original signing
2021,2020-12-22,1,04qrq,Jerome Robinson,San Diego,Original signing
2021,2020-12-22,1,04qrr,Michael Porter,Jacksonville,Original signing
2021,2020-12-22,1,04qrs,Troy Brown,Columbus,Original signing
2021,2020-12-22,1,04qru,Donte DiVincenzo,Anaheim,Original signing
2021,2020-12-22,1,04qrv,Lonnie Walker,Columbus,Fantrax transaction
2021,2020-12-22,1,04qrw,Kevin Huerter,Seattle,Original signing
2021,2020-12-22,1,04qrx,Josh Okogie,Anchorage,Fantrax transaction
2021,2020-12-22,1,04qry,Grayson Allen,Jacksonville,Original signing
2021,2020-12-22,1,04qrz,Chandler Hutchison,Vegas,Original signing
2021,2020-12-22,1,04qs0,Aaron Holiday,Tampa Bay,Original signing
2021,2020-12-22,1,04qs1,Anfernee Simons,Tulsa,Original signing
2021,2020-12-22,1,04qs2,Moritz Wagner,Albuquerque,Original signing
2021,2020-12-22,1,04qs3,Landry Shamet,Buffalo,Original signing
2021,2020-12-22,1,04qs4,Robert Williams,St. Louis,Original signing
2021,2020-12-22,1,04qs9,Jevon Carter,Vegas,Original signing
2021,2020-12-22,1,04qsa,Jalen Brunson,Albuquerque,Original signing
2021,2020-12-22,1,04qsb,Devonte Graham,Birmingham,Original signing
2021,2020-12-22,1,04qsd,Mitchell Robinson,Manchester,Original signing
2021,2020-12-22,1,04qse,Gary Trent,Cincinnati,Original signing
2021,2020-12-22,1,04qsg,Isaac Bonga,Lansing,Original signing
2021,2021-01-01,11,04qsi,Jarred Vanderbilt,Anaheim,Fantrax transaction
2021,2020-12-22,1,04qsj,Bruce Brown,Honolulu,Original signing
2021,2020-12-22,1,04qsm,DeAnthony Melton,Lincoln,Original signing
2021,2020-12-22,1,04qsn,Svi Mykhailiuk,Cincinnati,Missing source
2022,2021-12-29,72,04qso,Keita Bates-Diop,San Jose,Fantrax transaction
2021,2020-12-22,1,04qsp,Chimezie Metu,Kentucky,Original signing
2021,2021-03-31,100,04qsq,Alize Johnson,San Diego,Fantrax transaction
2021,2020-12-22,1,04qsu,Shake Milton,Honolulu,Original signing
2021,2020-12-22,1,04s00,Duncan Robinson,Birmingham,Original signing
2021,2021-01-27,37,04t8w,Kenrich Williams,Tampa Bay,Fantrax transaction
2021,2020-12-22,1,04ug6,Gary Clark,Nashville,Original signing
2023,2022-10-18,1,04vu2,Wenyen Gabriel,St. Louis,Missing source
2021,2021-04-13,113,04w4b,Brandon Goodwin,San Diego,Fantrax transaction
2021,2020-12-22,1,04xdu,Drew Eubanks,San Diego,Original signing
2021,2020-12-22,1,04xgj,Kendrick Nunn,Manchester,Original signing
2021,2020-12-29,8,04xgm,Chris Chiozza,Boise,Fantrax transaction
2021,2021-04-10,110,04xhy,Yuta Watanabe,Baltimore,Fantrax transaction
2021,2020-12-22,1,04xhz,Jordan McLaughlin,Columbus,Original signing
2021,2020-12-22,1,04xlm,Paul Watson,San Diego,Original signing
2023,2022-10-18,1,04yk1,Haywood Highsmith,Cincinnati,Fantrax transaction
2021,2020-12-22,1,051oh,Zion Williamson,Baltimore,Original signing
2021,2020-12-22,1,051oi,Ja Morant,Little Rock,Original signing
2021,2020-12-22,1,051oj,RJ Barrett,Honolulu,Original signing
2021,2020-12-22,1,051ok,DeAndre Hunter,Pittsburgh,Original signing
2021,2020-12-22,1,051ol,Darius Garland,Austin,Original signing
2021,2020-12-22,1,051om,Jarrett Culver,Lansing,Original signing
2021,2020-12-22,1,051on,Coby White,Boise,Original signing
2021,2020-12-22,1,051oo,Jaxson Hayes,Manchester,Original signing
2021,2020-12-22,1,051op,Rui Hachimura,Boise,Original signing
2021,2020-12-22,1,051oq,Cam Reddish,Little Rock,Original signing
2021,2020-12-22,1,051or,Cameron Johnson,Baltimore,Original signing
2021,2020-12-22,1,051os,P.J. Washington,Austin,Original signing
2021,2020-12-22,1,051ot,Tyler Herro,Austin,Original signing
2021,2020-12-22,1,051ou,Romeo Langford,Buffalo,Original signing
2021,2020-12-22,1,051ov,Sekou Doumbouya,Austin,Original signing
2021,2020-12-22,1,051ow,Chuma Okeke,Honolulu,Original signing
2021,2020-12-22,1,051ox,Nickeil Alexander-Walker,Buffalo,Original signing
2021,2020-12-22,1,051oy,Goga Bitadze,Cincinnati,Original signing
2021,2020-12-22,1,051oz,Luka Samanic,Manchester,Original signing
2021,2020-12-22,1,051p0,Matisse Thybulle,Buffalo,Original signing
2021,2020-12-22,1,051p1,Brandon Clarke,San Diego,Original signing
2021,2020-12-22,1,051p2,Grant Williams,Anaheim,Original signing
2021,2020-12-22,1,051p3,Darius Bazley,Des Moines,Original signing
2021,2021-03-15,84,051p4,Ty Jerome,San Diego,Fantrax transaction
2021,2020-12-22,1,051p5,Nassir Little,Birmingham,Original signing
2021,2020-12-22,1,051p6,Dylan Windler,Anchorage,Original signing
2021,2020-12-22,1,051p8,Jordan Poole,Honolulu,Missing source
2021,2020-12-22,1,051p9,Keldon Johnson,Jacksonville,Original signing
2021,2020-12-22,1,051pa,Kevin Porter,Honolulu,Original signing
2021,2020-12-22,1,051pb,Nicolas Claxton,Honolulu,Original signing
2021,2020-12-22,1,051pc,KZ Okpala,Birmingham,Original signing
2021,2020-12-22,1,051pd,Carsen Edwards,Cincinnati,Original signing
2021,2020-12-22,1,051pe,Bruno Fernando,Albuquerque,Missing source
2021,2021-04-07,107,051pg,Cody Martin,Lincoln,Fantrax transaction
2021,2020-12-22,1,051pi,Daniel Gafford,Honolulu,Original signing
2021,2020-12-22,1,051pl,Eric Paschall,Austin,Original signing
2021,2020-12-22,1,051pm,Admiral Schofield,Birmingham,Original signing
2021,2021-02-14,55,051pn,Jaylen Nowell,Providence,Fantrax transaction
2021,2020-12-22,1,051po,Bol Bol,Des Moines,Original signing
2021,2021-01-04,14,051pp,Isaiah Roby,Seattle,Fantrax transaction
2021,2020-12-22,1,051pq,Talen Horton-Tucker,St. Louis,Original signing
2021,2020-12-22,1,051pr,Ignas Brazdeikis,Manchester,Original signing
2021,2020-12-22,1,051ps,Terance Mann,Cincinnati,Original signing
2021,2020-12-22,1,051pu,Jarrell Brantley,San Jose,Missing source
2021,2020-12-22,1,051pw,Jalen McDaniels,Tulsa,Original signing
2021,2020-12-26,5,051pz,Kyle Guy,Manchester,Fantrax transaction
2021,2021-01-15,25,051q1,Jordan Bone,Anaheim,Fantrax transaction
2021,2020-12-22,1,051q2,Miye Oni,Lansing,Original signing
2021,2021-04-13,113,0522u,Jaylen Hoard,Boise,Fantrax transaction
2021,2020-12-22,1,0524h,Jalen Lecque,Kentucky,Original signing
2021,2020-12-22,1,0527h,Naz Reid,Lansing,Original signing
2021,2020-12-22,1,0527l,Luguentz Dort,Little Rock,Original signing
2021,2020-12-22,1,05293,John Konchar,Austin,Missing source
2021,2021-01-01,11,0529c,Dean Wade,Cincinnati,Fantrax transaction
2021,2021-03-31,100,052c5,Chris Silva,San Diego,Fantrax transaction
2021,2020-12-22,1,052fs,Garrison Mathews,St. Louis,Original signing
2021,2020-12-22,1,052q1,Matt Thomas,Des Moines,Original signing
2021,2021-02-26,67,0558t,Max Strus,San Diego,Fantrax transaction
2021,2021-01-11,21,0558u,Tacko Fall,Anaheim,Fantrax transaction
2021,2021-04-03,103,0558v,Javonte Green,Boise,Fantrax transaction
2021,2021-04-13,113,055bw,Nicolo Melli,Tampa Bay,Fantrax transaction
2021,2021-01-11,21,055c5,Dakota Mathias,Anaheim,Fantrax transaction
2021,2020-12-22,1,055qo,Caleb Martin,St. Louis,Original signing
2021,2021-03-01,70,055sg,DaQuan Jeffries,San Diego,Fantrax transaction
2022,2021-11-05,18,056ap,Justin Robinson,El Paso,Fantrax transaction
2021,2020-12-22,1,056aq,Terence Davis,Buffalo,Original signing
2022,2021-12-16,59,057a2,Kelan Martin,Lansing,Fantrax transaction
2021,2020-12-22,1,058a2,Juwan Morgan,El Paso,Original signing
2021,2021-04-13,113,058n6,Armoni Brooks,Anaheim,Fantrax transaction
2021,2021-03-15,84,0598b,Moses Brown,Buffalo,Fantrax transaction
2022,2021-10-19,1,059ca,Oshae Brissett,El Paso,Fantrax transaction
2021,2021-01-11,21,059ft,Mychal Mulder,Little Rock,Fantrax transaction
2021,2020-12-22,1,059fx,Ky Bowman,Providence,Original signing
2022,2022-01-14,88,059g0,Amir Coffey,Cincinnati,Fantrax transaction
2021,2021-02-08,49,059q7,Juan Toscano-Anderson,Des Moines,Fantrax transaction
2021,2021-01-21,31,05g3q,Gabe Vincent,Providence,Fantrax transaction
2021,2021-03-31,100,05gwp,Jontay Porter,Anchorage,Fantrax transaction
2021,2021-03-15,84,05qsj,Lamar Stevens,San Diego,Fantrax transaction
2021,2020-12-22,1,05qsk,Isaac Okoro,Little Rock,Original signing
2021,2020-12-22,1,05qsl,Patrick Williams,Lincoln,Original signing
2021,2020-12-22,1,05qsn,Malachi Flynn,Little Rock,Original signing
2021,2020-12-22,1,05qsp,Isaiah Joe,Lincoln,Original signing
2021,2020-12-22,1,05qsq,Tyrese Maxey,Lincoln,Original signing
2021,2020-12-22,1,05qsr,Theo Maledon,Vegas,Original signing
2021,2020-12-22,1,05qss,Tyler Bey,Kentucky,Original signing
2021,2020-12-22,1,05qst,Paul Reed,Lansing,Original signing
2021,2020-12-22,1,05qsv,Myles Powell,Manchester,Original signing
2021,2020-12-22,1,05qsw,Leandro Bolmaro,Honolulu,Original signing
2021,2020-12-22,1,05qsx,Obi Toppin,Austin,Original signing
2021,2020-12-22,1,05qsz,Reggie Perry,Providence,Original signing
2021,2020-12-22,1,05qt0,Saddiq Bey,Vancouver,Fantrax transaction
2021,2020-12-22,1,05qt1,Payton Pritchard,Boise,Original signing
2021,2020-12-22,1,05qt3,Desmond Bane,Tulsa,Original signing
2021,2020-12-22,1,05qt4,Aaron Nesmith,San Diego,Original signing
2021,2020-12-22,1,05qt5,R.J. Hampton,San Diego,Original signing
2021,2020-12-22,1,05qt6,Jordan Nwora,Jacksonville,Original signing
2021,2020-12-22,1,05qt8,Cassius Stanley,Boise,Original signing
2021,2020-12-22,1,05qt9,Killian Hayes,San Diego,Original signing
2021,2020-12-22,1,05qta,Elijah Hughes,Manchester,Original signing
2021,2020-12-22,1,05qtb,Sam Merrill,Providence,Original signing
2021,2020-12-22,1,05qtc,Kira Lewis,Jacksonville,Original signing
2022,2021-10-19,1,05qtd,Nick Richards,San Diego,Fantrax transaction
2021,2020-12-22,1,05qtf,Xavier Tillman,Lincoln,Original signing
2021,2020-12-22,1,05qth,Tyrell Terry,San Diego,Original signing
2021,2020-12-22,1,05qti,Josh Green,Tampa Bay,Original signing
2021,2020-12-22,1,05qtj,Deni Avdija,St. Louis,Original signing
2022,2022-03-07,140,05qtk,Vit Krejci,Vegas,Fantrax transaction
2021,2020-12-22,1,05qtl,Cole Anthony,Honolulu,Original signing
2021,2020-12-22,1,05qtm,Precious Achiuwa,San Jose,Original signing
2021,2020-12-22,1,05qtn,Vernon Carey,Vancouver,Original signing
2021,2020-12-22,1,05qto,LaMelo Ball,Lincoln,Original signing
2021,2020-12-22,1,05qtp,Grant Riller,St. Louis,Original signing
2021,2020-12-22,1,05qtq,Tre Jones,Pittsburgh,Original signing
2021,2020-12-22,1,05qtr,Devin Vassell,Tampa Bay,Original signing
2021,2021-04-13,113,05qts,Nathan Knight,Vegas,Fantrax transaction
2021,2020-12-22,1,05qtt,Onyeka Okongwu,Kentucky,Original signing
2024,2023-11-11,19,05qtu,Skylar Mays,Anaheim,Fantrax transaction
2021,2020-12-22,1,05qtv,Tyrese Haliburton,Tulsa,Original signing
2021,2020-12-22,1,05qtw,Robert Woodard,Baltimore,Original signing
2021,2020-12-22,1,05qtx,Jahmius Ramsey,Lincoln,Original signing
2021,2020-12-22,1,05qty,Jalen Smith,Baltimore,Original signing
2021,2020-12-22,1,05qu0,Jaden McDaniels,Albuquerque,Original signing
2021,2020-12-22,1,05qu1,James Wiseman,San Diego,Original signing
2021,2020-12-22,1,05qu3,Nico Mannion,Tulsa,Original signing
2021,2021-02-26,67,05qu4,Saben Lee,Honolulu,Fantrax transaction
2021,2020-12-22,1,05qu5,Udoka Azubuike,Pittsburgh,Original signing
2022,2021-10-19,1,05qu7,Trent Forrest,Lansing,Fantrax transaction
2022,2021-12-08,51,05qu8,Omer Yurtseven,El Paso,Fantrax transaction
2021,2020-12-22,1,05qu9,Immanuel Quickley,Pittsburgh,Original signing
2021,2020-12-22,1,05qua,Cassius Winston,Lansing,Original signing
2021,2020-12-22,1,05qub,Isaiah Stewart,Seattle,Original signing
2021,2020-12-22,1,05quc,CJ Elleby,Kentucky,Original signing
2021,2020-12-22,1,05qud,Aleksej Pokusevski,Little Rock,Original signing
2021,2020-12-22,1,05qug,Anthony Edwards,Tulsa,Original signing
2021,2020-12-22,1,05quh,Zeke Nnaji,Baltimore,Original signing
2021,2020-12-22,1,05qv8,Facundo Campazzo,St. Louis,Original signing
2022,2022-02-15,120,05qv9,Anthony Gill,El Paso,Fantrax transaction
2021,2020-12-22,1,05qve,JaeSean Tate,Anaheim,Missing source
2023,2022-11-18,32,05qvg,Anthony Lamb,Manchester,Fantrax transaction
2021,2021-03-31,100,05qvv,Mamadi Diakite,Des Moines,Fantrax transaction
2021,2020-12-22,1,05qvw,Ty-Shon Alexander,Lincoln,Original signing
2021,2020-12-22,1,05qwu,Killian Tillie,Kentucky,Original signing
2021,2021-01-27,37,05qy1,Mason Jones,Little Rock,Fantrax transaction
2021,2020-12-22,1,05qym,Kenyon Martin,Pittsburgh,Original signing
2021,2020-12-29,8,05qyv,Brodric Thomas,Boise,Fantrax transaction
2023,2023-01-06,81,05qzd,Kevon Harris,Boise,Fantrax transaction
2022,2021-10-19,1,05qzh,Naji Marshall,El Paso,Offseason signing
2022,2021-10-19,1,05uib,Cade Cunningham,Anchorage,Draft
2022,2021-10-19,1,05uic,Jalen Green,Kentucky,Draft
2022,2021-10-19,1,05uid,Evan Mobley,Manchester,Draft
2022,2021-10-19,1,05uie,Scottie Barnes,Tulsa,Draft
2022,2021-10-19,1,05uif,Jalen Suggs,San Diego,Draft
2022,2021-10-19,1,05uig,Josh Giddey,Austin,Draft
2022,2021-10-19,1,05uih,Jonathan Kuminga,Providence,Draft
2022,2021-10-19,1,05uii,Franz Wagner,Birmingham,Draft
2022,2021-10-19,1,05uij,Davion Mitchell,Lincoln,Draft
2022,2021-10-19,1,05uik,Ziaire Williams,Pittsburgh,Draft
2022,2021-10-19,1,05uil,James Bouknight,Nashville,Draft
2022,2021-10-19,1,05uim,Joshua Primo,Vegas,Draft
2022,2021-10-19,1,05uin,Chris Duarte,Buffalo,Draft
2022,2021-10-19,1,05uio,Moses Moody,San Diego,Draft
2022,2021-10-19,1,05uip,Corey Kispert,Cincinnati,Fantrax transaction
2022,2021-10-19,1,05uiq,Alperen Sengun,Lansing,Draft
2022,2021-10-19,1,05uir,Trey Murphy,Cincinnati,Draft
2022,2021-10-19,1,05uis,Tre Mann,El Paso,Draft
2022,2021-10-19,1,05uit,Kai Jones,Overseas Players One,Fantrax transaction
2022,2021-10-19,1,05uiu,Jalen Johnson,Overseas Players Two,Fantrax transaction
2022,2021-10-19,1,05uiv,Keon Johnson,Tulsa,Draft
2022,2021-10-19,1,05uiw,Isaiah Jackson,Vancouver,Draft
2022,2021-10-19,1,05uix,Usman Garuba,Little Rock,Draft
2022,2021-10-19,1,05uiy,Josh Christopher,Pittsburgh,Draft
2022,2021-10-19,1,05uiz,Quentin Grimes,Overseas Players Two,Fantrax transaction
2022,2021-10-19,1,05uj0,Bones Hyland,San Jose,Draft
2022,2021-10-19,1,05uj1,Cameron Thomas,Lincoln,Fantrax transaction
2022,2021-10-19,1,05uj2,Jaden Springer,St. Louis,Draft
2022,2021-10-19,1,05uj3,DayRon Sharpe,Nashville,Draft
2022,2021-10-19,1,05uj4,Santi Aldama,Overseas Players Two,Fantrax transaction
2022,2021-10-19,1,05uj5,Isaiah Todd,Overseas Players Two,Fantrax transaction
2022,2021-10-19,1,05uj6,Jeremiah Robinson-Earl,Overseas Players Two,Fantrax transaction
2022,2021-10-19,1,05uj7,Jason Preston,Overseas Players One,Fantrax transaction
2022,2021-10-19,1,05uj8,Rokas Jokubaitis,Overseas Players One,Fantrax transaction
2022,2021-10-19,1,05uj9,Herbert Jones,Overseas Players Two,Fantrax transaction
2022,2021-10-19,1,05uja,Miles McBride,Overseas Players One,Fantrax transaction
2022,2021-10-19,1,05ujb,JT Thor,Overseas Players One,Fantrax transaction
2022,2021-10-19,1,05ujc,Ayo Dosunmu,Overseas Players Two,Fantrax transaction
2022,2021-10-19,1,05ujd,Neemias Queta,Overseas Players One,Fantrax transaction
2022,2021-10-19,1,05uje,Jared Butler,Overseas Players One,Fantrax transaction
2022,2021-10-19,1,05ujf,Joe Wieskamp,Overseas Players One,Fantrax transaction
2022,2021-10-19,1,05ujg,Isaiah Livers,Overseas Players Two,Fantrax transaction
2022,2021-10-19,1,05ujh,Greg Brown,Overseas Players Two,Fantrax transaction
2022,2021-10-19,1,05uji,Kessler Edwards,Overseas Players Two,Fantrax transaction
2022,2021-10-19,1,05ujj,Juhann Begarin,Overseas Players One,Fantrax transaction
2022,2021-10-19,1,05ujk,Dalano Banton,Overseas Players One,Fantrax transaction
2022,2021-10-19,1,05ujl,David Johnson,Overseas Players One,Fantrax transaction
2022,2021-10-19,1,05ujm,Sharife Cooper,Overseas Players Two,Fantrax transaction
2022,2021-10-19,1,05ujo,Filip Petrusev,Overseas Players Two,Fantrax transaction
2022,2021-10-19,1,05ujp,Brandon Boston,Austin,Draft
2022,2021-10-19,1,05ujq,Luka Garza,Cincinnati,Draft
2022,2021-10-19,1,05ujr,Charles Bassey,Overseas Players One,Fantrax transaction
2022,2021-10-19,1,05ujs,Sandro Mamukelashvili,Overseas Players One,Fantrax transaction
2022,2021-12-29,72,05ujt,Aaron Wiggins,Anaheim,Fantrax transaction
2022,2021-10-19,1,05ujw,Jericho Sims,Overseas Players Two,Fantrax transaction
2022,2021-10-19,1,05uud,Justin Champagnie,Overseas Players Two,Fantrax transaction
2023,2023-01-06,81,05uue,Ishmail Wainright,Austin,Fantrax transaction
2022,2021-10-19,1,05uuf,Aaron Henry,Overseas Players One,Fantrax transaction
2023,2022-10-18,1,05uug,Sam Hauser,Cincinnati,Fantrax transaction
2022,2022-01-14,88,05uuh,Duane Washington,St. Louis,Fantrax transaction
2022,2022-02-04,109,05uuj,Terry Taylor,El Paso,Fantrax transaction
2022,2022-01-21,95,05uul,Jose Alvarado,Anaheim,Fantrax transaction
2023,2022-12-19,63,05uuo,Eugene Omoruyi,Lansing,Fantrax transaction
2025,2024-10-29,8,05uup,Jay Huff,Columbus,Fantrax transaction
2022,2022-01-14,88,05uuq,Jock Landale,Anaheim,Fantrax transaction
2022,2021-10-19,1,05uur,Joel Ayayi,Overseas Players One,Fantrax transaction
2022,2021-11-05,18,05uus,Austin Reaves,Birmingham,Fantrax transaction
2022,2021-10-19,1,05uuu,Mac McClung,Overseas Players One,Fantrax transaction
2022,2022-02-04,109,05uuv,Trendon Watford,Des Moines,Fantrax transaction
2023,2022-11-07,21,05ux3,Jordan Goodwin,Anaheim,Fantrax transaction
2022,2021-10-19,1,05uxx,DeJon Jarreau,Overseas Players One,Fantrax transaction
2022,2021-10-19,1,05vyx,Daishen Nix,Honolulu,Fantrax transaction
2023,2023-02-27,133,05wkd,Jeff Dowtin,Little Rock,Fantrax transaction
2024,2023-10-24,1,05wqo,Dru Smith,Buffalo,Fantrax transaction
2025,2025-02-04,106,05wqp,Micah Potter,Anaheim,Fantrax transaction
2022,2022-01-11,85,05wvu,David Duke,San Diego,Fantrax transaction
2023,2022-10-25,8,05xco,Matt Ryan,Lansing,Fantrax transaction
2022,2022-03-07,140,05y9y,Brandon Williams,El Paso,Fantrax transaction
2022,2022-03-07,140,05yoh,Lindy Waters,Vegas,Fantrax transaction
2023,2022-10-18,1,06210,Paolo Banchero,Kentucky,Draft
2023,2022-10-18,1,06211,Chet Holmgren,Providence,Draft
2023,2022-10-18,1,06212,Jabari Smith,Kentucky,Draft
2023,2022-10-18,1,06213,Keegan Murray,Manchester,Draft
2023,2022-10-18,1,06214,Jaden Ivey,Nashville,Draft
2023,2022-10-18,1,06215,Bennedict Mathurin,Pittsburgh,Draft
2023,2022-10-18,1,06216,Shaedon Sharpe,Vancouver,Draft
2023,2022-10-18,1,06217,Dyson Daniels,Jacksonville,Draft
2023,2022-10-18,1,06218,Jeremy Sochan,Vancouver,Draft
2023,2022-10-18,1,06219,Johnny Davis,El Paso,Draft
2023,2022-10-18,1,0621a,Ousmane Dieng,Lansing,Draft
2023,2022-10-18,1,0621b,Jalen Williams,Nashville,Draft
2023,2022-10-18,1,0621c,Jalen Duren,Overseas Players One,Fantrax transaction
2023,2022-10-18,1,0621d,Ochai Agbaji,Albuquerque,Draft
2023,2022-10-18,1,0621e,Mark Williams,Overseas Players Two,Fantrax transaction
2023,2022-10-18,1,0621f,AJ Griffin,Lincoln,Draft
2023,2022-10-18,1,0621g,Tari Eason,Seattle,Draft
2023,2022-10-18,1,0621h,Dalen Terry,Vegas,Draft
2023,2022-10-18,1,0621i,Jake LaRavia,St. Louis,Draft
2023,2022-10-18,1,0621j,Malaki Branham,Overseas Players One,Fantrax transaction
2023,2022-10-18,1,0621k,Christian Braun,Overseas Players Two,Fantrax transaction
2023,2022-10-18,1,0621l,Walker Kessler,Anaheim,Draft
2023,2022-10-18,1,0621m,David Roddy,Lincoln,Draft
2023,2022-10-18,1,0621n,MarJon Beauchamp,San Jose,Draft
2023,2022-10-18,1,0621o,Blake Wesley,Overseas Players One,Fantrax transaction
2023,2022-10-18,1,0621p,Wendell Moore,Overseas Players Two,Fantrax transaction
2023,2022-10-18,1,0621q,Nikola Jovic,Anchorage,Fantrax transaction
2023,2022-10-18,1,0621r,Patrick Baldwin,Nashville,Draft
2023,2022-10-18,1,0621s,TyTy Washington,Overseas Players One,Fantrax transaction
2023,2022-10-18,1,0621t,Peyton Watson,Overseas Players One,Fantrax transaction
2023,2022-10-18,1,0621u,Andrew Nembhard,Overseas Players Two,Fantrax transaction
2023,2022-10-18,1,0621v,Caleb Houstan,Pittsburgh,Draft
2023,2022-10-18,1,0621w,Christian Koloko,Overseas Players One,Fantrax transaction
2023,2022-10-18,1,0621x,Jaylin Williams,Anchorage,Draft
2023,2022-10-18,1,0621y,Max Christie,Overseas Players Two,Fantrax transaction
2024,2023-10-24,1,0621z,Gabriele Procida,Overseas Players One,Fantrax transaction
2023,2022-10-18,1,06220,Jaden Hardy,Austin,Draft
2023,2022-10-18,1,06221,Kennedy Chandler,Overseas Players Two,Fantrax transaction
2024,2023-10-24,1,06222,Khalifa Diop,Overseas Players Two,Fantrax transaction
2023,2022-10-18,1,06223,Bryce McGowens,Overseas Players Two,Fantrax transaction
2023,2022-10-18,1,06224,E.J. Liddell,Boise,Draft
2023,2022-10-18,1,06225,Trevor Keels,Overseas Players One,Fantrax transaction
2023,2022-10-18,1,06226,Moussa Diabate,Overseas Players One,Fantrax transaction
2023,2022-10-18,1,06227,Ryan Rollins,Overseas Players One,Fantrax transaction
2023,2022-10-18,1,06228,Josh Minott,Overseas Players Two,Fantrax transaction
2023,2022-10-18,1,06229,Ismael Kamagate,Overseas Players Two,Fantrax transaction
2024,2023-10-24,1,0622a,Vince Williams,Lincoln,Missing source
2023,2022-10-18,1,0622b,Kendall Brown,Overseas Players One,Fantrax transaction
2023,2022-10-18,1,0622c,Isaiah Mobley,Overseas Players One,Fantrax transaction
2024,2023-10-24,1,0622d,Matteo Spagnolo,Overseas Players One,Fantrax transaction
2023,2022-10-18,1,0622e,Tyrese Martin,Pittsburgh,Draft
2024,2023-10-24,1,0622f,Karlo Matkovic,Overseas Players One,Fantrax transaction
2026,2026-02-12,115,0622g,JD Davison,Buffalo,Fantrax transaction
2024,2023-10-24,1,0622h,Yannick Nzosa,Overseas Players Two,Fantrax transaction
2025,2025-02-01,103,0622i,Gui Santos,Cincinnati,Fantrax transaction
2023,2022-10-18,1,0622k,Jabari Walker,Overseas Players Two,Fantrax transaction
2024,2023-10-24,1,0622l,Hugo Besson,Overseas Players Two,Fantrax transaction
2023,2023-01-09,84,0622z,Orlando Robinson,Kentucky,Fantrax transaction
2026,2025-10-25,5,06233,Ron Harper,Tulsa,Fantrax transaction
2023,2023-03-06,140,06234,AJ Green,Tampa Bay,Fantrax transaction
2023,2022-10-26,9,06235,Kenneth Lofton,Anaheim,Fantrax transaction
2023,2022-10-18,1,0623a,Scotty Pippen,Anaheim,Offseason signing
2024,2024-02-05,105,0623c,Lester Quinones,Anaheim,Fantrax transaction
2023,2022-10-18,1,0623d,Johnny Juzang,Overseas Players One,Fantrax transaction
2024,2023-11-21,29,0623e,Collin Gillespie,El Paso,Fantrax transaction
2024,2023-10-24,1,0623f,Justin Lewis,Buffalo,Fantrax transaction
2024,2023-11-14,22,0623m,Keon Ellis,Little Rock,Fantrax transaction
2023,2022-10-18,1,0626t,Dominick Barlow,Des Moines,Offseason signing
2023,2022-10-18,1,062dn,Julian Champagnie,Overseas Players Two,Fantrax transaction
2024,2024-03-07,136,062k1,Javon Freeman-Liberty,Pittsburgh,Fantrax transaction
2023,2022-10-18,1,062pk,Simone Fontecchio,Kentucky,Offseason signing
2026,2025-12-08,49,0633h,Pat Spencer,Vancouver,Fantrax transaction
2026,2026-02-27,130,064q6,Daeqwon Plowden,Honolulu,Fantrax transaction
2025,2024-11-21,31,064tp,Quenton Jackson,Anaheim,Fantrax transaction
2025,2024-11-14,24,065b8,Keaton Wallace,St. Louis,Fantrax transaction
2024,2023-11-14,22,065ut,Jacob Gilyard,Lincoln,Fantrax transaction
2023,2022-10-18,1,065uu,Justin Bean,Overseas Players Two,Fantrax transaction
2023,2022-10-18,1,065vc,John Butler,Overseas Players Two,Fantrax transaction
2023,2023-01-13,88,0661b,Jamal Cain,Albuquerque,Fantrax transaction
2024,2023-10-24,1,06ca2,Kobe Brown,Overseas Players Two,Fantrax transaction
2024,2023-10-24,1,06ca3,Julian Strawther,Overseas Players One,Fantrax transaction
2024,2023-10-24,1,06ca4,Kobe Bufkin,Seattle,Draft
2024,2023-10-24,1,06ca5,Kris Murray,Austin,Draft
2024,2023-10-24,1,06ca7,Cam Whitmore,Vegas,Draft
2024,2023-10-24,1,06ca8,Amen Thompson,Des Moines,Draft
2024,2023-10-24,1,06ca9,Jordan Hawkins,Lincoln,Draft
2024,2023-10-24,1,06caa,Ben Sheppard,St. Louis,Draft
2024,2023-10-24,1,06cab,Jarace Walker,Overseas Players One,Fantrax transaction
2024,2023-10-24,1,06cac,Cason Wallace,Lincoln,Draft
2026,2025-10-21,1,06cbj,James Nnaji,Columbus,Fantrax transaction
2026,2025-10-21,1,06cbt,Amari Bailey,Austin,Fantrax transaction
2024,2023-10-24,1,06cbx,Jaime Jaquez,Boise,Draft
2024,2023-10-24,1,06cby,Keyonte George,El Paso,Draft
2024,2023-10-24,1,06cbz,Brice Sensabaugh,Baltimore,Draft
2024,2023-10-24,1,06cc0,Taylor Hendricks,St. Louis,Draft
2024,2023-10-24,1,06cc1,Bilal Coulibaly,Buffalo,Fantrax transaction
2024,2023-10-24,1,06cc2,Gradey Dick,Birmingham,Draft
2024,2023-10-24,1,06cc5,Anthony Black,Tulsa,Draft
2024,2023-10-24,1,06cc6,Jett Howard,Providence,Draft
2024,2023-10-24,1,06cc7,Brandin Podziemski,Birmingham,Draft
2024,2023-10-24,1,06cc8,Dereck Lively,Albuquerque,Draft
2024,2023-10-24,1,06cc9,Olivier-Maxence Prosper,Birmingham,Draft
2024,2023-10-24,1,06cca,Brandon Miller,Nashville,Draft
2024,2023-10-24,1,06ccb,Nick Smith,St. Louis,Draft
2024,2023-10-24,1,06ccc,Dariq Whitehead,Overseas Players Two,Fantrax transaction
2024,2023-10-24,1,06ccd,Noah Clowney,San Diego,Draft
2024,2023-10-24,1,06cce,Jalen Hood-Schifino,Overseas Players One,Fantrax transaction
2024,2023-10-24,1,06ccf,Ausar Thompson,Vancouver,Draft
2024,2023-10-24,1,06ccg,Marcus Sasser,Lansing,Draft
2024,2023-10-24,1,06cch,Victor Wembanyama,Vancouver,Draft
2026,2025-10-21,1,06ccp,Jalen Slawson,Tulsa,Fantrax transaction
2026,2025-10-21,1,06ccr,Tarik Biberovic,Lansing,Fantrax transaction
2024,2023-10-24,1,06ccu,Tristan Vukcevic,Overseas Players Two,Fantrax transaction
2024,2023-10-24,1,06ccv,Trayce Jackson-Davis,Overseas Players One,Fantrax transaction
2025,2024-11-21,31,06ccw,Jordan Miller,Anaheim,Fantrax transaction
2024,2023-10-24,1,06ccx,Hunter Tyson,Overseas Players Two,Fantrax transaction
2024,2023-10-24,1,06ccy,Jalen Pickett,Overseas Players Two,Fantrax transaction
2024,2023-10-24,1,06ccz,Mouhamed Gueye,Overseas Players Two,Fantrax transaction
2024,2023-10-24,1,06cd0,Seth Lundy,Columbus,Draft
2024,2023-10-24,1,06cd1,Jordan Walsh,Baltimore,Draft
2024,2023-10-24,1,06cd2,Rayan Rupert,Overseas Players Two,Fantrax transaction
2024,2023-10-24,1,06cd3,Emoni Bates,Overseas Players Two,Fantrax transaction
2024,2023-10-24,1,06cd4,Toumani Camara,Overseas Players One,Fantrax transaction
2024,2023-10-24,1,06cd5,Isaiah Wong,Overseas Players One,Fantrax transaction
2024,2023-10-24,1,06cd7,Keyontae Johnson,Overseas Players One,Fantrax transaction
2024,2023-10-24,1,06cd9,Jaylen Clark,Overseas Players Two,Fantrax transaction
2024,2023-10-24,1,06cda,James Nnaji,Overseas Players One,Fantrax transaction
2024,2023-10-24,1,06cdb,Amari Bailey,Overseas Players One,Fantrax transaction
2024,2023-10-24,1,06cdc,Jalen Wilson,Overseas Players One,Fantrax transaction
2024,2023-10-24,1,06cdd,Andre Jackson,Jacksonville,Draft
2024,2023-10-24,1,06cde,Chris Livingston,Overseas Players Two,Fantrax transaction
2024,2023-10-24,1,06cdf,Julian Phillips,Overseas Players One,Fantrax transaction
2024,2023-10-24,1,06cdg,Maxwell Lewis,Overseas Players One,Fantrax transaction
2024,2023-10-24,1,06cdh,GG Jackson,Overseas Players Two,Fantrax transaction
2024,2023-10-24,1,06cdi,Tarik Biberovic,Overseas Players Two,Fantrax transaction
2024,2023-10-24,1,06cdj,Colby Jones,Overseas Players Two,Fantrax transaction
2024,2023-10-24,1,06cdk,Jalen Slawson,Overseas Players One,Fantrax transaction
2024,2023-10-24,1,06cdn,Scoot Henderson,San Diego,Draft
2024,2023-10-24,1,06cef,Oscar Tshiebwe,Overseas Players One,Fantrax transaction
2024,2023-10-24,1,06ceg,Ricky Council,Overseas Players Two,Fantrax transaction
2024,2023-10-24,1,06cei,Leonard Miller,Overseas Players One,Fantrax transaction
2024,2023-10-24,1,06cek,Adama Sanogo,Buffalo,Fantrax transaction
2024,2023-10-24,1,06cel,Sidy Cissoko,Overseas Players Two,Fantrax transaction
2024,2023-10-24,1,06cet,Terquavion Smith,Overseas Players Two,Fantrax transaction
2024,2023-10-24,1,06cp2,Colin Castleton,Overseas Players One,Fantrax transaction
2024,2023-11-03,11,06cp4,Craig Porter,Birmingham,Fantrax transaction
2024,2024-03-07,136,06dq7,Onuralp Bitim,Lincoln,Fantrax transaction
2024,2023-11-18,26,06gix,Duop Reath,Providence,Fantrax transaction
2026,2026-02-09,112,06gno,Pete Nance,Pittsburgh,Fantrax transaction
2024,2024-01-26,95,06hdz,Nathan Mensah,Anaheim,Fantrax transaction
2025,2025-02-04,106,06hfc,Tosan Evbuomwan,Honolulu,Fantrax transaction
2024,2024-02-12,112,06him,Trey Jemison,Anaheim,Fantrax transaction
2025,2024-10-22,1,06mjt,Zaccharie Risacher,San Jose,Missing source
2025,2024-10-22,1,06mju,Alex Sarr,St. Louis,Draft
2025,2024-10-22,1,06mjv,Reed Sheppard,Buffalo,Draft
2025,2024-10-22,1,06mjw,Stephon Castle,Nashville,Draft
2025,2024-10-22,1,06mjx,Ron Holland,Kentucky,Draft
2025,2024-10-22,1,06mjy,Tidjane Salaun,San Jose,Draft
2025,2024-10-22,1,06mjz,Donovan Clingan,Birmingham,Draft
2025,2024-10-22,1,06mk0,Rob Dillingham,Columbus,Draft
2025,2024-10-22,1,06mk1,Zach Edey,Anchorage,Draft
2025,2024-10-22,1,06mk2,Cody Williams,San Diego,Draft
2025,2024-10-22,1,06mk3,Matas Buzelis,Vegas,Draft
2025,2024-10-22,1,06mk4,Nikola Topic,Buffalo,Draft
2025,2024-10-22,1,06mk5,Devin Carter,Lansing,Draft
2025,2024-10-22,1,06mk6,Carlton Carrington,Columbus,Missing source
2025,2024-10-22,1,06mk7,Kelel Ware,Vancouver,Missing source
2025,2024-10-22,1,06mk8,Jared McCain,Nashville,Draft
2025,2024-10-22,1,06mk9,Dalton Knecht,Albuquerque,Draft
2025,2024-10-22,1,06mka,Tristan da Silva,Seattle,Draft
2025,2024-10-22,1,06mkb,JaKobe Walter,Baltimore,Draft
2025,2024-10-22,1,06mkc,Jaylon Tyson,Overseas Players Two,Missing source
2025,2024-10-22,1,06mkd,Yves Missi,Manchester,Draft
2025,2024-10-22,1,06mke,DaRon Holmes,Overseas Players One,Fantrax transaction
2025,2024-10-22,1,06mkf,AJ Johnson,Overseas Players One,Fantrax transaction
2025,2024-10-22,1,06mkg,Kyshawn George,Overseas Players One,Fantrax transaction
2025,2024-10-22,1,06mkh,Pacome Dadiet,Overseas Players One,Missing source
2025,2024-10-22,1,06mki,Dillon Jones,Overseas Players One,Missing source
2025,2024-10-22,1,06mkj,Terrence Shannon,Albuquerque,Draft
2025,2024-10-22,1,06mkk,Ryan Dunn,Overseas Players One,Fantrax transaction
2025,2024-10-22,1,06mkl,Isaiah Collier,Little Rock,Draft
2025,2024-10-22,1,06mkm,Baylor Scheierman,Overseas Players Two,Missing source
2025,2024-10-22,1,06mld,Jonathan Mogbo,Overseas Players One,Fantrax transaction
2025,2024-10-22,1,06mle,Kyle Filipowski,Overseas Players Two,Fantrax transaction
2025,2024-10-22,1,06mlf,Tyler Smith,Tulsa,Draft
2025,2024-10-22,1,06mlg,Tyler Kolek,Albuquerque,Draft
2025,2024-10-22,1,06mlh,Johnny Furphy,Overseas Players One,Fantrax transaction
2025,2024-10-22,1,06mli,Juan Nunez,Overseas Players Two,Missing source
2025,2024-10-22,1,06mlj,Bobi Klintman,Overseas Players Two,Missing source
2025,2024-10-22,1,06mlk,Ajay Mitchell,Overseas Players One,Missing source
2025,2024-10-22,1,06mll,Jaylen Wells,Vancouver,Draft
2025,2024-10-22,1,06mlm,Oso Ighodaro,Overseas Players One,Missing source
2025,2024-10-22,1,06mln,Adem Bona,Overseas Players Two,Missing source
2025,2024-10-22,1,06mlo,KJ Simpson,Overseas Players One,Missing source
2025,2024-10-22,1,06mlp,Nikola Djurisic,Overseas Players Two,Missing source
2025,2024-10-22,1,06mlq,Pelle Larsson,Overseas Players One,Missing source
2025,2024-10-22,1,06mlr,Jamal Shead,Overseas Players One,Missing source
2025,2024-10-22,1,06mls,Cam Christie,Overseas Players Two,Missing source
2025,2024-10-22,1,06mlu,Harrison Ingram,Overseas Players Two,Missing source
2025,2024-10-22,1,06mlv,Tristen Newton,Overseas Players One,Missing source
2025,2024-10-22,1,06mlw,Enrique Freeman,Overseas Players One,Missing source
2025,2024-10-22,1,06mlx,Melvin Ajinca,Overseas Players Two,Missing source
2025,2024-10-22,1,06mly,Quinten Post,Overseas Players One,Missing source
2025,2024-10-22,1,06mlz,Cam Spencer,Overseas Players One,Missing source
2025,2024-10-22,1,06mm0,Anton Watson,Overseas Players Two,Missing source
2025,2024-10-22,1,06mm1,Bronny James,Albuquerque,Draft
2025,2024-10-22,1,06mm2,Kevin McCullar,Overseas Players Two,Missing source
2025,2024-10-22,1,06mm3,Ulrich Chomche,Overseas Players Two,Missing source
2025,2024-10-22,1,06mm4,Ariel Hukporti,Overseas Players Two,Missing source
2026,2026-02-12,115,06mm5,PJ Hall,Buffalo,Fantrax transaction
2026,2025-10-25,5,06mm6,NFaly Dante,Tulsa,Fantrax transaction
2025,2025-01-08,79,06mm8,Keshad Johnson,Anaheim,Fantrax transaction
2025,2025-02-01,103,06mmc,Justin Edwards,Little Rock,Fantrax transaction
2025,2024-10-22,1,06mmd,Blake Hinson,Overseas Players One,Missing source
2026,2025-11-17,28,06mmf,Daniss Jenkins,Cincinnati,Fantrax transaction
2025,2024-10-22,1,06mmg,Isaiah Crawford,Overseas Players One,Missing source
2025,2024-12-01,41,06mmh,Isaac Jones,Pittsburgh,Fantrax transaction
2026,2025-11-24,35,06mmi,Branden Carlson,Tampa Bay,Fantrax transaction
2025,2024-10-22,1,06mp4,Trey Alexander,Overseas Players One,Missing source
2026,2025-12-13,54,06nv9,Spencer Jones,Anaheim,Fantrax transaction
2026,2025-10-21,1,06prl,NaeQwan Tomlin,Buffalo,Fantrax transaction
2026,2026-02-09,112,06pvy,Yuki Kawamura,Lincoln,Fantrax transaction
2026,2026-02-12,115,06pw1,RayJ Dennis,Buffalo,Fantrax transaction
2025,2024-10-29,8,06q2e,Jamison Battle,Pittsburgh,Fantrax transaction
2026,2025-10-21,1,06v55,Kasparas Jakucionis,Buffalo,Fantrax transaction
2026,2025-10-21,1,06v56,Walter Clayton,Tulsa,Fantrax transaction
2026,2025-10-21,1,06v57,Ace Bailey,Nashville,Draft
2026,2025-10-21,1,06v58,Tre Johnson,Cincinnati,Fantrax transaction
2026,2025-10-21,1,06v59,Will Riley,Nashville,Draft
2026,2025-10-21,1,06v5a,Collin Murray-Boyles,El Paso,Fantrax transaction
2026,2025-10-21,1,06v5b,Yanic Konan Niederhauser,Baltimore,Draft
2026,2025-10-21,1,06v5c,Asa Newell,Albuquerque,Draft
2026,2025-10-21,1,06v5d,Hugo Gonzalez,Vegas,Draft
2026,2025-10-21,1,06v5e,Yang Hansen,San Diego,Draft
2026,2025-10-21,1,06v5f,Khaman Maluach,Vegas,Draft
2026,2025-10-21,1,06v5g,Jeremiah Fears,Des Moines,Fantrax transaction
2026,2025-10-21,1,06v5h,Derik Queen,Columbus,Draft
2026,2025-10-21,1,06v5i,Thomas Sorber,Seattle,Draft
2026,2025-10-21,1,06v5j,Jase Richardson,Jacksonville,Draft
2026,2025-10-21,1,06v5k,VJ Edgecombe,Albuquerque,Draft
2026,2025-10-21,1,06v5l,Cooper Flagg,Manchester,Draft
2026,2025-10-21,1,06v5m,Joan Beringer,Lincoln,Draft
2026,2025-10-21,1,06v5n,Kon Knueppel,El Paso,Draft
2026,2025-10-21,1,06v5o,Liam McNeeley,San Jose,Draft
2026,2025-10-21,1,06v5p,Nolan Traore,Tampa Bay,Draft
2026,2025-10-21,1,06v5q,Danny Wolf,Baltimore,Fantrax transaction
2026,2025-10-21,1,06v5r,Egor Demin,Providence,Draft
2026,2025-10-21,1,06v5s,Drake Powell,Columbus,Draft
2026,2025-10-21,1,06v5t,Ben Saraf,Boise,Draft
2026,2025-10-21,1,06v5u,Noa Essengue,San Jose,Draft
2026,2025-10-21,1,06v5v,Cedric Coward,Seattle,Draft
2026,2025-10-21,1,06v5w,Nique Clifford,Cincinnati,Draft
2026,2025-10-21,1,06v5x,Carter Bryant,Vancouver,Draft
2026,2025-10-21,1,06v5y,Dylan Harper,Birmingham,Draft
2026,2025-10-21,1,06v72,Rasheer Fleming,San Diego,Fantrax transaction
2026,2025-10-21,1,06v7y,Noah Penda,Manchester,Draft
2026,2025-10-21,1,06v7z,Sion James,Seattle,Draft
2026,2025-10-21,1,06v80,Ryan Kalkbrenner,Columbus,Draft
2026,2025-10-21,1,06v81,Johni Broome,Jacksonville,Draft
2026,2025-10-21,1,06v82,Adou Thiero,Birmingham,Draft
2026,2025-10-21,1,06v83,Chaz Lanier,Austin,Draft
2026,2025-10-23,3,06v84,Kam Jones,Columbus,Draft
2026,2025-10-21,1,06v85,Alijah Martin,San Diego,Draft
2026,2025-10-21,1,06v86,Micah Peavy,Vegas,Draft
2026,2025-10-21,1,06v87,Koby Brea,Cincinnati,Fantrax transaction
2026,2025-10-21,1,06v88,Maxime Raynaud,Pittsburgh,Draft
2026,2025-10-21,1,06v89,Jamir Watkins,Buffalo,Draft
2026,2025-10-21,1,06v8a,Brooks Barnhizer,Columbus,Draft
2026,2025-10-21,1,06v8b,Rocco Zikarsky,St. Louis,Draft
2026,2025-10-21,1,06v8c,Amari Williams,Little Rock,Draft
2026,2025-10-21,1,06v8d,Bogoljub Markovic,Columbus,Draft
2026,2025-10-21,1,06v8e,Javon Small,Vegas,Draft
2026,2025-10-21,1,06v8f,Tyrese Proctor,Vancouver,Draft
2026,2025-10-21,1,06v8g,Kobe Sanders,Providence,Draft
2026,2025-10-21,1,06v8h,Mohamed Diawara,Birmingham,Draft
2026,2025-10-21,1,06v8i,Alex Toohey,Jacksonville,Draft
2026,2025-10-21,1,06v8j,John Tonje,Kentucky,Draft
2026,2025-10-21,1,06v8p,Will Richard,San Diego,Fantrax transaction
2026,2025-10-21,1,06vxp,Taelon Peter,Vegas,Draft
2026,2025-10-21,1,06vxq,Jahmai Mashack,Pittsburgh,Draft
2026,2025-10-21,1,06vxy,Vladislav Goldin,Albuquerque,Fantrax transaction
2026,2025-10-21,1,06vy1,Eric Dixon,Boise,Draft
2026,2025-10-21,1,06vy3,Caleb Love,Albuquerque,Draft
2026,2025-10-21,1,06vyb,Lachlan Olbrich,Nashville,Fantrax transaction
2026,2025-10-21,1,06y2o,Dylan Cardwell,Lincoln,Draft
2026,2025-10-21,1,06y3q,Ryan Nembhard,Providence,Fantrax transaction
2026,2025-12-20,61,07215,Moussa Cisse,Pittsburgh,Fantrax transaction
2027,2026-10-20,1,076su,Aday Mara,Tulsa,Draft
2027,2026-10-20,1,076sv,Bennett Stirtz,Seattle,Draft
2027,2026-10-20,1,076sw,Labaron Philon,Des Moines,Draft
2027,2026-10-20,1,076sx,Yaxel Lendeborg,Birmingham,Draft
2027,2026-10-20,1,076sy,Morez Johnson,Albuquerque,Draft
2027,2026-10-20,1,076sz,Sergio De Larrea,San Diego,Draft
2027,2026-10-20,1,076t0,Caleb Wilson,Nashville,Draft
2027,2026-10-20,1,076t1,Dailyn Swain,Buffalo,Draft
2027,2026-10-20,1,076t2,Cameron Carr,Tulsa,Draft
2027,2026-10-20,1,076t3,Karim Lopez,Providence,Draft
2027,2026-10-20,1,076t4,Ebuka Okorie,Jacksonville,Draft
2027,2026-10-20,1,076t5,Alex Karaban,Baltimore,Draft
2027,2026-10-20,1,076t6,Darius Acuff,Tulsa,Draft
2027,2026-10-20,1,076t7,Tarris Reed,Baltimore,Draft
2027,2026-10-20,1,076t8,Jayden Quaintance,Honolulu,Draft
2027,2026-10-20,1,076t9,Darryn Peterson,Tulsa,Draft
2027,2026-10-20,1,076ta,AJ Dybantsa,Manchester,Draft
2027,2026-10-20,1,076tb,Allen Graves,Lincoln,Draft
2027,2026-10-20,1,076tc,Keaton Wagler,Little Rock,Draft
2027,2026-10-20,1,076td,Zuby Ejiofor,Lansing,Draft
2027,2026-10-20,1,076te,Kingston Flemings,El Paso,Draft
2027,2026-10-20,1,076tf,Chris Cenac,Austin,Draft
2027,2026-10-20,1,076tg,Koa Peat,Columbus,Draft
2027,2026-10-20,1,076th,Christian Anderson,Providence,Draft
2027,2026-10-20,1,076ti,Hannes Steinbach,Buffalo,Draft
2027,2026-10-20,1,076tj,Joshua Jefferson,Anchorage,Draft
2027,2026-10-20,1,076tk,Mikel Brown,Vegas,Draft
2027,2026-10-20,1,076tl,Brayden Burries,San Jose,Draft
2027,2026-10-20,1,076tm,Nate Ament,Columbus,Draft
2027,2026-10-20,1,076tq,Ryan Conwell,Vegas,Draft
2027,2026-10-20,1,076tr,Jack Kayil,Seattle,Draft
2027,2026-10-20,1,076ts,Tyler Nickel,Columbus,Draft
2027,2026-10-20,1,076tt,Ugonna Onyenso,Pittsburgh,Draft
2027,2026-10-20,1,076tu,Felix Okpara,Columbus,Draft
2027,2026-10-20,1,076tv,Jaden Bradley,Kentucky,Draft
2027,2026-10-20,1,076tw,Nick Martinelli,Columbus,Draft
2027,2026-10-20,1,076ty,Baba Miller,Manchester,Draft
2027,2026-10-20,1,076tz,Trevon Brazile,Vancouver,Draft
2027,2026-10-20,1,076u0,Bryce Hopkins,Des Moines,Draft
2027,2026-10-20,1,076u1,Henri Veesaar,Little Rock,Draft
2027,2026-10-20,1,076u2,Dillon Mitchell,Des Moines,Draft
2027,2026-10-20,1,076u3,Bruce Thornton,El Paso,Draft
2027,2026-10-20,1,076u4,Meleek Thomas,Providence,Draft
2027,2026-10-20,1,076u5,Jaron Pierre,Pittsburgh,Draft
2027,2026-10-20,1,076u6,Braden Smith,Columbus,Draft
2027,2026-10-20,1,076u7,Otega Oweh,Seattle,Draft
2027,2026-10-20,1,076u9,Izaiyah Nelson,Vegas,Draft
2027,2026-10-20,1,076ub,Tobi Lawal,San Jose,Draft
2027,2026-10-20,1,076ud,Isaiah Evans,Tulsa,Draft
2027,2026-10-20,1,076uf,Tyler Bilodeau,Columbus,Draft
2027,2026-10-20,1,076uh,AK Okereke,Manchester,Draft
2027,2026-10-20,1,076ui,Richie Saunders,Kentucky,Draft
2027,2026-10-20,1,076uj,Emanuel Sharp,Vancouver,Draft
2027,2026-10-20,1,076uk,JaKobi Gillespie,Columbus,Draft
2027,2026-10-20,1,076ul,Maliq Brown,Birmingham,Draft
2027,2026-10-20,1,076um,Quadir Copeland,Vegas,Draft
2027,2026-10-20,1,076vc,Cameron Boozer,El Paso,Draft
2027,2026-10-20,1,0779m,Alpha Diallo,Vegas,Fantrax transaction
